History Channel Functions Measurement Report

Measurements started at Date: 11-sep-2023 Time: 13:09:03

Description of the Function:

User Defined Function: m(1;550). Scope Mode

Time         Seconds   Function Value
13:09:04.362      0,560      38963,2075
13:09:04.928      1,126      38965,2635
13:09:05.498      1,696      38988,4902
13:09:06.005      2,203      38996,6703
13:09:06.574      2,772      38982,3849
13:09:07.172      3,370      38935,8456
13:09:07.733      3,931      38922,7700
13:09:08.317      4,515      38849,3391
13:09:08.884      5,082      38793,8708
13:09:09.421      5,619      38778,3950
13:09:10.038      6,236      38762,4773
13:09:10.541      6,739      38756,8389
13:09:11.093      7,291      38787,3984
13:09:11.658      7,856      38756,4295
13:09:12.171      8,369      38776,2712
13:09:12.740      8,938      38782,0760
13:09:13.310      9,508      38892,9447
13:09:13.814     10,012      38819,7141
13:09:14.394     10,592      38836,2532
13:09:14.935     11,133      38840,2671
13:09:15.509     11,707      38831,6264
13:09:16.011     12,209      38860,2900
13:09:16.577     12,775      38898,9135
13:09:17.154     13,352      38808,9557
13:09:17.716     13,914      38820,5585
13:09:18.284     14,482      38810,7928
13:09:18.839     15,037      38765,0284
13:09:19.407     15,605      38859,9425
13:09:19.976     16,174      38844,7577
13:09:20.517     16,715      38852,9848
13:09:21.076     17,274      38829,6494
13:09:21.628     17,826      38814,4262
13:09:22.195     18,393      38836,5074
13:09:22.747     18,945      38810,8392
13:09:23.324     19,522      38837,9769
13:09:23.902     20,100      38799,1759
13:09:24.461     20,659      38798,0118
13:09:25.019     21,217      38751,1294
13:09:25.583     21,781      38775,4570
13:09:26.126     22,324      38799,8005
13:09:26.671     22,869      38792,4737
13:09:27.171     23,369      38794,0704
13:09:27.745     23,943      38791,8347
13:09:28.310     24,508      38758,8202
13:09:28.864     25,062      38750,0591
13:09:29.427     25,625      38782,9275
13:09:29.988     26,186      38750,4003
13:09:30.539     26,737      38767,1987
13:09:31.126     27,324      38763,1228
13:09:31.661     27,859      38773,1887
13:09:32.208     28,406      38740,5497
13:09:32.776     28,974      38828,7890
13:09:33.339     29,537      38740,3919
13:09:33.908     30,106      38777,3129
13:09:34.455     30,653      38791,2115
13:09:35.048     31,246      38722,5046
13:09:35.642     31,840      38854,9731
13:09:36.222     32,420      38844,1064
13:09:36.776     32,974      38813,1795
13:09:37.318     33,516      38844,3355
13:09:37.872     34,070      38821,1133
13:09:38.467     34,665      38816,9862
13:09:39.027     35,225      38810,5843
13:09:39.634     35,832      38878,3565
13:09:40.200     36,398      38889,0449
13:09:40.778     36,976      38819,0525
13:09:41.281     37,479      38882,0312
13:09:41.851     38,049      38844,5761
13:09:42.426     38,624      38866,4502
13:09:42.967     39,165      38859,8984
13:09:43.538     39,736      38891,3452
13:09:44.108     40,306      38824,4580
13:09:44.658     40,856      38872,2438
13:09:45.198     41,396      38838,5188
13:09:45.761     41,959      38852,8595
13:09:46.321     42,519      38815,9843
13:09:46.887     43,085      38860,3450
13:09:47.473     43,671      38832,2833
13:09:48.012     44,210      38842,9628
13:09:48.560     44,758      38838,4838
13:09:49.126     45,324      38811,7166
13:09:49.668     45,866      38793,5190
13:09:50.176     46,374      38827,4439
13:09:50.751     46,949      38776,9230
13:09:51.258     47,456      38863,1906
13:09:51.810     48,008      38842,5048
13:09:52.383     48,581      38851,9191
13:09:52.940     49,138      38854,3431
13:09:53.488     49,686      38832,5616
13:09:54.026     50,224      38811,9632
13:09:54.587     50,785      38864,8520
13:09:55.150     51,348      38824,9823
13:09:55.718     51,916      38848,9039
13:09:56.300     52,498      38871,4229
13:09:56.839     53,037      38827,3280
13:09:57.397     53,595      38834,1114
13:09:57.903     54,101      38799,6154
13:09:58.487     54,685      38828,1669
13:09:59.015     55,213      38825,2735
13:09:59.569     55,767      38821,0707
13:10:00.092     56,290      38861,0359
13:10:00.671     56,869      38881,2711
13:10:01.223     57,421      38819,1861
13:10:01.784     57,982      38882,3609
13:10:02.334     58,532      38815,1101
13:10:02.914     59,112      38805,3901
13:10:03.468     59,666      38775,5576
13:10:04.039     60,237      38814,5781
13:10:04.585     60,783      38812,0144
13:10:05.116     61,314      38821,7087
13:10:05.703     61,901      38886,7591
13:10:06.285     62,483      38830,4270
13:10:06.850     63,048      38802,1286
13:10:07.419     63,617      38812,2682
13:10:08.007     64,205      38786,0692
13:10:08.568     64,766      38798,5372
13:10:09.140     65,338      38816,4775
13:10:09.673     65,871      38774,6364
13:10:10.240     66,438      38790,8011
13:10:10.791     66,989      38832,2452
13:10:11.365     67,563      38805,9504
13:10:11.928     68,126      38767,6156
13:10:12.500     68,698      38763,3829
13:10:13.062     69,260      38802,2174
13:10:13.567     69,765      38812,1163
13:10:14.164     70,362      38777,8073
13:10:14.747     70,945      38786,9646
13:10:15.284     71,482      38797,7014
13:10:15.875     72,073      38838,8692
13:10:16.391     72,589      38789,6509
13:10:17.012     73,210      38824,8345
13:10:17.563     73,761      38804,7773
13:10:18.146     74,344      38867,0488
13:10:18.713     74,911      38821,4666
13:10:19.301     75,499      38804,8087
13:10:19.866     76,064      38861,4733
13:10:20.450     76,648      38796,5036
13:10:21.003     77,201      38752,8834
13:10:21.547     77,745      38814,9778
13:10:22.125     78,323      38830,6792
13:10:22.670     78,868      38871,5934
13:10:23.210     79,408      38765,0596
13:10:23.770     79,968      38758,2617
13:10:24.361     80,559      38809,3905
13:10:24.904     81,102      38765,3601
13:10:25.466     81,664      38772,8508
13:10:26.026     82,224      38809,1001
13:10:26.581     82,779      38778,8019
13:10:27.120     83,318      38784,6395
13:10:27.685     83,883      38831,1668
13:10:28.255     84,453      38783,4430
13:10:28.831     85,029      38777,4061
13:10:29.367     85,565      38751,5558
13:10:29.927     86,125      38770,0093
13:10:30.498     86,696      38746,0251
13:10:31.044     87,242      38823,0564
13:10:31.593     87,791      38832,9071
13:10:32.154     88,352      38806,4944
13:10:32.696     88,894      38782,8341
13:10:33.244     89,442      38770,6287
13:10:33.796     89,994      38812,5420
13:10:34.353     90,551      38803,3195
13:10:34.905     91,103      38762,6930
13:10:35.440     91,638      38752,8757
13:10:36.004     92,202      38772,7950
13:10:36.559     92,757      38750,8828
13:10:37.094     93,292      38763,0911
13:10:37.638     93,836      38760,1682
13:10:38.191     94,389      38748,2309
13:10:38.747     94,945      38792,9991
13:10:39.289     95,487      38749,4538
13:10:39.847     96,045      38776,0422
13:10:40.406     96,604      38803,8389
13:10:40.969     97,167      38781,6072
13:10:41.516     97,714      38797,2855
13:10:42.075     98,273      38817,5773
13:10:42.625     98,823      38856,3930
13:10:43.194     99,392      38751,8227
13:10:43.732     99,930      38783,7947
13:10:44.316    100,514      38770,5820
13:10:44.852    101,050        147,6506
13:10:45.407    101,605         22,3861
13:10:45.959    102,157          7,6508
13:10:46.512    102,710        -12,7224
13:10:47.024    103,222         -1,1626
13:10:47.569    103,767         -1,9086
13:10:48.115    104,313         -2,3775
13:10:48.664    104,862         -1,6538
13:10:49.203    105,401         19,3126
13:10:49.767    105,965        -13,9613
13:10:50.320    106,518          3,7940
13:10:50.891    107,089         15,8043
13:10:51.438    107,636         -1,6539
13:10:52.009    108,207         12,5192
13:10:52.566    108,764        -18,9409
13:10:53.114    109,312         11,6402
13:10:53.680    109,878         -5,6579
13:10:54.228    110,426          1,0557
13:10:54.767    110,965          6,9885
13:10:55.313    111,511         -4,5653
13:10:55.865    112,063         14,9532
13:10:56.452    112,650         -8,8704
13:10:56.999    113,197          8,7831
13:10:57.558    113,756         -6,2541
13:10:58.119    114,317          7,0247
13:10:58.659    114,857         -7,4558
13:10:59.221    115,419          2,5354
13:10:59.789    115,987          3,8117
13:11:00.355    116,553          6,0570
13:11:00.899    117,097      23042,3423
13:11:01.460    117,658      38818,9046
13:11:02.026    118,224      38987,3309
13:11:02.581    118,779      38923,2658
13:11:03.145    119,343      38892,2806
13:11:03.678    119,876      38852,2608
13:11:04.225    120,423      38823,5644
13:11:04.765    120,963      38892,2143
13:11:05.320    121,518      38877,4394
13:11:05.861    122,059      38861,8106
13:11:06.406    122,604      38877,1112
13:11:06.951    123,149      38870,6651
13:11:07.518    123,716      38868,8473
13:11:08.099    124,297      38862,8247
13:11:08.638    124,836      38876,6746
13:11:09.219    125,417      38913,3892
13:11:09.761    125,959      38859,9597
13:11:10.345    126,543      38914,5780
13:11:10.890    127,088      38877,4943
13:11:11.443    127,641      38869,3998
13:11:12.009    128,207      38907,1362
13:11:12.551    128,749      38871,8579
13:11:13.097    129,295      38887,6180
13:11:13.666    129,864      38890,5221
13:11:14.219    130,417      38935,7950
13:11:14.769    130,967      38913,0140
13:11:15.301    131,499      38907,9171
13:11:15.889    132,087      38905,1490
13:11:16.446    132,644      38928,8930
13:11:16.989    133,187      38927,1211
13:11:17.518    133,716      38929,0969
13:11:18.048    134,246      38947,0296
13:11:18.622    134,820      38967,2031
13:11:19.171    135,369      38910,5640
13:11:19.710    135,908      38968,1653
13:11:20.302    136,500      38967,3663
13:11:20.837    137,035      38969,8077
13:11:21.398    137,596      38956,3443
13:11:21.982    138,180      38919,6595
13:11:22.537    138,735      38932,4469
13:11:23.094    139,292      38970,2470
13:11:23.654    139,852      38904,1270
13:11:24.162    140,360      38945,9327
13:11:24.734    140,932      38952,8030
13:11:25.309    141,507      38912,4902
13:11:25.860    142,058      38945,5039
13:11:26.421    142,619      38951,0597
13:11:26.974    143,172      38948,7593
13:11:27.554    143,752      38968,1272
13:11:28.094    144,292      38954,9817
13:11:28.666    144,864      38949,9337
13:11:29.177    145,375      38927,6919
13:11:29.725    145,923      38947,9623
13:11:30.235    146,433      38958,7562
13:11:30.798    146,996      38920,0457
13:11:31.348    147,546      38904,4751
13:11:31.907    148,105      39005,0987
13:11:32.490    148,688      38956,0274
13:11:33.041    149,239      38951,6918
13:11:33.592    149,790      38950,3697
13:11:34.147    150,345      38972,5738
13:11:34.699    150,897      38957,8980
13:11:35.279    151,477      38970,6172
13:11:35.840    152,038      38888,6432
13:11:36.407    152,605      38836,1448
13:11:36.936    153,134      38829,6419
13:11:37.492    153,690      38796,9347
13:11:38.060    154,258      38823,7439
13:11:38.637    154,835      38822,0427
13:11:39.186    155,384      38874,3797
13:11:39.741    155,939      38913,9382
13:11:40.308    156,506      38948,5972
13:11:40.867    157,065      38919,5753
13:11:41.441    157,639      39031,8336
13:11:42.011    158,209      38980,2339
13:11:42.587    158,785      38949,8016
13:11:43.161    159,359      39016,7535
13:11:43.719    159,917      38992,2263
13:11:44.308    160,506      38953,8457
13:11:44.844    161,042      38966,8463
13:11:45.400    161,598      38978,5819
13:11:45.976    162,174      39001,9221
13:11:46.534    162,732      38973,3335
13:11:47.110    163,308      39011,7812
13:11:47.648    163,846      38967,8641
13:11:48.191    164,389      38973,5155
13:11:48.740    164,938      38938,3081
13:11:49.290    165,488      39005,5808
13:11:49.873    166,071      39022,4804
13:11:50.414    166,612      38994,9060
13:11:50.987    167,185      38960,3338
13:11:51.560    167,758      38942,1046
13:11:52.145    168,343      38934,4446
13:11:52.733    168,931      38982,5913
13:11:53.267    169,465      38935,7615
13:11:53.828    170,026      38956,5355
13:11:54.394    170,592      38995,0335
13:11:54.955    171,153      38938,5890
13:11:55.504    171,702      38966,0716
13:11:56.045    172,243      38928,1110
13:11:56.606    172,804      38957,0000
13:11:57.162    173,360      38934,2235
13:11:57.727    173,925      38944,6335
13:11:58.308    174,506      38927,4773
13:11:58.883    175,081      39016,3411
13:11:59.423    175,621      38955,0369
13:12:00.004    176,202      38952,5009
13:12:00.586    176,784      38959,1340
13:12:01.127    177,325      38965,3363
13:12:01.672    177,870      38932,4346
13:12:02.174    178,372      38858,1444
13:12:02.749    178,947      38909,0163
13:12:03.341    179,539      38954,1293
13:12:03.891    180,089      38898,5154
13:12:04.454    180,652      38910,4128
13:12:05.007    181,205      38923,0703
13:12:05.569    181,767      38957,8741
13:12:06.138    182,336      38946,4330
13:12:06.705    182,903      38980,2434
13:12:07.263    183,461      38946,9454
13:12:07.831    184,029      38996,4421
13:12:08.383    184,581      38899,9112
13:12:08.959    185,157      38982,3088
13:12:09.495    185,693      38914,1622
13:12:10.056    186,254      38914,5085
13:12:10.631    186,829      38947,0772
13:12:11.184    187,382      38980,3105
13:12:11.758    187,956      38958,7245
13:12:12.320    188,518      38972,7393
13:12:12.861    189,059      38936,9618
13:12:13.409    189,607      38933,1996
13:12:13.994    190,192      38933,0051
13:12:14.543    190,741      38929,9811
13:12:15.084    191,282      38920,7971
13:12:15.643    191,841      38957,3816
13:12:16.144    192,342      38912,5328
13:12:16.723    192,921      38895,4530
13:12:17.280    193,478      38930,7550
13:12:17.829    194,027      38952,9987
13:12:18.376    194,574      38883,8518
13:12:18.946    195,144      38879,2821
13:12:19.524    195,722      38921,7477
13:12:20.087    196,285      38947,4974
13:12:20.638    196,836      38983,2027
13:12:21.228    197,426      38964,3460
13:12:21.792    197,990      38941,8061
13:12:22.356    198,554      38916,1518
13:12:22.856    199,054      38932,7004
13:12:23.363    199,561      38904,9709
13:12:23.932    200,130      38943,7440
13:12:24.466    200,664      38964,5156
13:12:25.025    201,223      38979,1825
13:12:25.567    201,765      38958,0109
13:12:26.133    202,331      38941,5583
13:12:26.725    202,923      38911,6466
13:12:27.239    203,437      38893,3678
13:12:27.837    204,035      38943,9548
13:12:28.412    204,610      38908,7488
13:12:28.945    205,143      38913,2806
13:12:29.497    205,695      38982,3346
13:12:30.033    206,231      38898,2047
13:12:30.656    206,854      38909,2861
13:12:31.202    207,400      38924,8306
13:12:31.751    207,949      38929,1515
13:12:32.314    208,512      38903,2145
13:12:32.819    209,017      38930,8760
13:12:33.400    209,598      38924,3905
13:12:33.996    210,194      38949,9421
13:12:34.528    210,726      38959,3830
13:12:35.104    211,302      38969,7653
13:12:35.701    211,899      38896,4756
13:12:36.298    212,496      34228,4025
13:12:36.848    213,046      33907,3157
13:12:37.437    213,635      34660,6232
13:12:37.961    214,159      35115,9626
13:12:38.544    214,742      35056,4870
13:12:39.155    215,353      35139,2795
13:12:39.686    215,884      35848,0272
13:12:40.227    216,425      35294,8937
13:12:40.800    216,998      36186,7541
13:12:41.327    217,525      36108,6946
13:12:41.913    218,111      36342,9248
13:12:42.451    218,649      36043,0857
13:12:42.959    219,157      36423,2064
13:12:43.571    219,769      36806,7885
13:12:44.097    220,295      36619,9601
13:12:44.665    220,863      36457,1937
13:12:45.208    221,406      36570,0902
13:12:45.757    221,955      35874,6926
13:12:46.263    222,461      36152,9488
13:12:46.769    222,967      35916,0848
13:12:47.313    223,511      26809,8767
13:12:47.890    224,088      35622,2249
13:12:48.471    224,669      28917,2142
13:12:49.076    225,274      34831,8931
13:12:49.617    225,815      35773,8477
13:12:50.124    226,322      36245,4849
13:12:50.644    226,842      36330,7147
13:12:51.184    227,382      36571,9751
13:12:51.775    227,973      36363,7687
13:12:52.351    228,549      38841,8817
13:12:52.886    229,084      38759,8159
13:12:53.437    229,635      38560,5095
13:12:53.954    230,152      38589,7142
13:12:54.506    230,704      38616,0864
13:12:55.009    231,207      38637,4064
13:12:55.599    231,797      38539,6366
13:12:56.114    232,312      38827,4725
13:12:56.649    232,847      38891,7808
13:12:57.149    233,347      38935,5446
13:12:57.724    233,922      38930,1450
13:12:58.291    234,489      38935,1580
13:12:58.862    235,060      38834,7076
13:12:59.489    235,687      38803,5289
13:13:00.058    236,256      38887,7088
13:13:00.621    236,819      38909,7629
13:13:01.199    237,397      38817,9569
13:13:01.779    237,977      38879,5695
13:13:02.321    238,519      38901,5173
13:13:02.849    239,047      38819,4886
13:13:03.417    239,615      38933,0814
13:13:03.988    240,186      39194,3495
13:13:04.541    240,739      39391,7470
13:13:05.128    241,326      39341,2157
13:13:05.693    241,891      39289,3010
13:13:06.233    242,431      39336,6185
13:13:06.752    242,950      38936,0653
13:13:07.287    243,485      38834,2787
13:13:07.860    244,058      38923,1901
13:13:08.436    244,634      39024,9233
13:13:09.021    245,219      39070,6761
13:13:09.600    245,798      38997,7695
13:13:10.113    246,311      38999,7223
13:13:10.686    246,884      38978,6674
13:13:11.294    247,492      39008,6577
13:13:11.809    248,007      38962,3229
13:13:12.312    248,510      38899,0745
13:13:12.900    249,098      38994,8148
13:13:13.468    249,666      38946,4760
13:13:13.974    250,172      38927,7806
13:13:14.485    250,683      39011,0235
13:13:15.009    251,207      38962,3611
13:13:15.596    251,794      38987,8242
13:13:16.115    252,313      38946,8475
13:13:16.704    252,902      39008,7630
13:13:17.213    253,411      38973,4347
13:13:17.792    253,990      38996,7717
13:13:18.306    254,504      39005,9171
13:13:18.868    255,066      38963,4529
13:13:19.376    255,574      38951,1903
13:13:19.947    256,145      38956,4470
13:13:20.452    256,650      39032,5282
13:13:20.966    257,164      38958,6820
13:13:21.476    257,674      38957,3807
13:13:22.077    258,275      38952,5198
13:13:22.587    258,785      38967,3322
13:13:23.100    259,298      38978,5266
13:13:23.649    259,847      38970,6978
13:13:24.198    260,396      38984,0900
13:13:24.699    260,897      38983,7227
13:13:25.259    261,457      38983,9132
13:13:25.838    262,036      39009,4270
13:13:26.363    262,561      38966,1609
13:13:26.945    263,143      39002,1911
13:13:27.517    263,715      39036,3816
13:13:28.053    264,251      38952,3691
13:13:28.630    264,828      38992,0797
13:13:29.195    265,393      38885,7954
13:13:29.743    265,941      38928,1568
13:13:30.308    266,506      38940,8122
13:13:30.874    267,072      39017,4804
13:13:31.434    267,632      39000,8536
13:13:31.956    268,154      38987,7914
13:13:32.577    268,775      38990,8428
13:13:33.126    269,324      38969,3629
13:13:33.626    269,824      38962,0685
13:13:34.132    270,330      38972,0358
13:13:34.712    270,910      38951,6052
13:13:35.258    271,456      39001,3852
13:13:35.760    271,958      38940,1819
13:13:36.345    272,543      38962,4140
13:13:36.934    273,132      38945,9719
13:13:37.482    273,680      38955,2958
13:13:38.012    274,210      39020,4448
13:13:38.546    274,744      38983,1197
13:13:39.062    275,260      38939,7663
13:13:39.611    275,809      38935,3528
13:13:40.202    276,400      38961,8197
13:13:40.775    276,973      38963,8407
13:13:41.352    277,550      38998,5214
13:13:41.918    278,116      38976,9821
13:13:42.466    278,664      39007,1571
13:13:42.982    279,180      39017,6948
13:13:43.566    279,764      39022,0970
13:13:44.066    280,264      39000,1226
13:13:44.649    280,847      39019,5712
13:13:45.154    281,352      38857,3695
13:13:45.694    281,892      38656,2865
13:13:46.239    282,437      38663,2552
13:13:46.782    282,980      38613,0786
13:13:47.361    283,559      38678,7576
13:13:47.862    284,060      38604,1711
13:13:48.447    284,645      38634,2019
13:13:49.045    285,243      38620,5725
13:13:49.602    285,800      38632,8893
13:13:50.106    286,304      38666,4431
13:13:50.673    286,871      38613,2405
13:13:51.246    287,444      38594,4546
13:13:51.815    288,013      38580,1144
13:13:52.384    288,582      38581,9697
13:13:52.927    289,125      38584,2278
13:13:53.430    289,628      38619,3347
13:13:54.019    290,217      38613,6475
13:13:54.574    290,772      38607,8198
13:13:55.101    291,299      38599,6756
13:13:55.614    291,812      39320,2243
13:13:56.148    292,346      39312,6985
13:13:56.728    292,926      39282,4276
13:13:57.302    293,500      39298,5248
13:13:57.888    294,086      39276,5350
13:13:58.445    294,643      39317,9901
13:13:59.010    295,208      39232,6016
13:13:59.574    295,772      39187,1836
13:14:00.128    296,326      39260,4707
13:14:00.703    296,901      39290,7506
13:14:01.232    297,430      39278,0030
13:14:01.745    297,943      39244,3228
13:14:02.282    298,480      39321,3178
13:14:02.833    299,031      39289,3576
13:14:03.389    299,587      39227,3928
13:14:03.963    300,161      39246,6642
13:14:04.589    300,787      39347,3799
13:14:05.158    301,356      39227,7704
13:14:05.720    301,918      39228,8596
13:14:06.232    302,430      39194,9617
13:14:06.845    303,043      39223,0899
13:14:07.411    303,609      39166,6847
13:14:07.932    304,130      39218,6107
13:14:08.460    304,658      39189,7148
13:14:08.998    305,196      39191,2866
13:14:09.499    305,697      39270,3640
13:14:10.088    306,286      39250,8419
13:14:10.677    306,875      39233,3686
13:14:11.274    307,472      39294,4885
13:14:11.827    308,025      39377,1092
13:14:12.374    308,572      39226,0500
13:14:12.959    309,157      39265,1555
13:14:13.534    309,732      39222,6982
13:14:14.080    310,278      39193,5219
13:14:14.640    310,838      38990,7407
13:14:15.243    311,441      39085,3249
13:14:15.818    312,016      39449,4412
13:14:16.323    312,521      39405,2706
13:14:16.887    313,085      39952,3547
13:14:17.485    313,683      39576,0311
13:14:18.067    314,265      39616,8957
13:14:18.581    314,779      39530,1225
13:14:19.167    315,365      39495,8412
13:14:19.696    315,894      39513,2769
13:14:20.222    316,420      39435,2198
13:14:20.817    317,015      39484,5863
13:14:21.398    317,596      39423,0700
13:14:22.011    318,209      39418,3661
13:14:22.617    318,815      40360,4003
13:14:23.129    319,327      40086,1810
13:14:23.708    319,906      40380,8861
13:14:24.209    320,407      40475,9614
13:14:24.773    320,971      40582,0312
13:14:25.333    321,531      40742,9697
13:14:25.841    322,039      40360,6726
13:14:26.367    322,565      40363,9492
13:14:26.966    323,164      40356,7069
13:14:27.545    323,743      40325,9234
13:14:28.086    324,284      40385,0833
13:14:28.657    324,855      40368,6367
13:14:29.158    325,356      40422,1393
13:14:29.664    325,862      40334,2830
13:14:30.239    326,437      40390,1555
13:14:30.780    326,978      40395,1558
13:14:31.361    327,559      40384,9954
13:14:31.868    328,066      40388,2955
13:14:32.397    328,595      40375,2505
13:14:32.982    329,180      40390,0972
13:14:33.594    329,792      40406,5906
13:14:34.117    330,315      40345,4866
13:14:34.705    330,903      40388,3467
13:14:35.253    331,451      40337,2414
13:14:35.792    331,990      40411,5152
13:14:36.358    332,556      40133,8921
13:14:36.923    333,121      40151,4073
13:14:37.474    333,672      40109,9113
13:14:37.992    334,190      40147,6497
13:14:38.557    334,755      40337,5137
13:14:39.123    335,321      40326,6356
13:14:39.714    335,912      40334,6015
13:14:40.227    336,425      40302,8313
13:14:40.781    336,979      40115,7362
13:14:41.327    337,525      40172,5547
13:14:41.896    338,094      40086,0685
13:14:42.402    338,600      40077,4483
13:14:42.928    339,126      40180,3483
13:14:43.433    339,631      40210,7262
13:14:43.944    340,142      40161,1182
13:14:44.527    340,725      40118,5458
13:14:45.028    341,226      40078,0029
13:14:45.605    341,803      40133,3779
13:14:46.113    342,311      40144,7491
13:14:46.661    342,859      40195,0538
13:14:47.224    343,422      40139,5822
13:14:47.817    344,015      40054,4033
13:14:48.336    344,534      40005,7252
13:14:48.842    345,040      40056,3131
13:14:49.389    345,587      40043,8231
13:14:49.956    346,154      40005,7786
13:14:50.578    346,776      40027,5870
13:14:51.090    347,288      40027,4360
13:14:51.693    347,891      40008,8707
13:14:52.254    348,452      40029,8159
13:14:52.799    348,997      39971,8793
13:14:53.348    349,546      39906,3494
13:14:53.858    350,056      39939,0136
13:14:54.477    350,675      39969,5355
13:14:54.991    351,189      39976,8880
13:14:55.541    351,739      40001,4134
13:14:56.050    352,248      40026,6253
13:14:56.606    352,804      39932,7399
13:14:57.123    353,321      39979,4886
13:14:57.685    353,883      40001,8517
13:14:58.260    354,458      39930,6314
13:14:58.832    355,030      39954,5908
13:14:59.398    355,596      39924,5942
13:14:59.988    356,186      39916,1821
13:15:00.506    356,704      39967,2087
13:15:01.051    357,249      39975,5015
13:15:01.591    357,789      39929,4060
13:15:02.216    358,414      39938,3523
13:15:02.788    358,986      39899,5287
13:15:03.338    359,536      39970,4905
13:15:03.915    360,113      39964,0813
13:15:04.416    360,614      39962,2115
13:15:04.974    361,172      39910,8814
13:15:05.488    361,686      39921,4934
13:15:06.012    362,210      39977,3626
13:15:06.594    362,792      39874,0776
13:15:07.107    363,305      39957,7842
13:15:07.611    363,809      39917,6039
13:15:08.193    364,391      39977,0093
13:15:08.748    364,946      39924,4625
13:15:09.355    365,553      39960,7615
13:15:09.916    366,114      39948,9372
13:15:10.497    366,695      39953,0710
13:15:11.080    367,278      39891,5063
13:15:11.580    367,778      39933,2279
13:15:12.090    368,288      39967,6684
13:15:12.668    368,866      39991,0799
13:15:13.225    369,423      39909,6251
13:15:13.737    369,935      39934,8689
13:15:14.259    370,457      39940,2638
13:15:14.822    371,020      39995,3176
13:15:15.424    371,622      39940,0405
13:15:15.963    372,161      39976,1703
13:15:16.468    372,666      39968,9870
13:15:16.983    373,181      39926,4642
13:15:17.557    373,755      39962,2638
13:15:18.064    374,262      39902,3343
13:15:18.574    374,772      39976,1535
13:15:19.135    375,333      39960,7128
13:15:19.678    375,876      39944,0147
13:15:20.252    376,450      39926,5993
13:15:20.785    376,983      39903,8284
13:15:21.302    377,500      39909,9981
13:15:21.808    378,006      39961,1355
13:15:22.330    378,528      39929,3890
13:15:22.839    379,037      39871,5505
13:15:23.345    379,543      39847,2626
13:15:23.938    380,136      39932,7259
13:15:24.516    380,714      39873,7863
13:15:25.041    381,239      39911,0246
13:15:25.588    381,786      39909,9818
13:15:26.159    382,357      39955,7900
13:15:26.758    382,956      39922,8914
13:15:27.326    383,524      39930,5578
13:15:27.885    384,083      39943,4782
13:15:28.499    384,697      39948,6542
13:15:29.052    385,250      39900,5514
13:15:29.556    385,754      39929,9080
13:15:30.072    386,270      39917,7002
13:15:30.656    386,854      39948,9118
13:15:31.205    387,403      39847,8308
13:15:31.749    387,947      39940,5661
13:15:32.334    388,532      39906,4858
13:15:32.849    389,047      39909,5778
13:15:33.393    389,591      39860,7791
13:15:33.970    390,168      39938,0890
13:15:34.476    390,674      39892,1087
13:15:34.981    391,179      39932,1174
13:15:35.485    391,683      39887,6177
13:15:36.067    392,265      39869,5273
13:15:36.599    392,797      39858,9065
13:15:37.180    393,378      39919,2274
13:15:37.748    393,946      39911,7681
13:15:38.282    394,480      39857,2193
13:15:38.798    394,996      39865,6139
13:15:39.307    395,505      39985,2286
13:15:39.914    396,112      39921,9390
13:15:40.499    396,697      39897,8576
13:15:41.077    397,275      39904,6965
13:15:41.643    397,841      39926,0230
13:15:42.244    398,442      39922,8199
13:15:42.791    398,989      39895,3491
13:15:43.294    399,492      39930,9150
13:15:43.814    400,012      39857,6164
13:15:44.371    400,569      39954,6240
13:15:44.943    401,141      39933,4751
13:15:45.544    401,742      39913,5093
13:15:46.048    402,246      39913,9166
13:15:46.658    402,856      39943,4937
13:15:47.213    403,411      39896,5471
13:15:47.760    403,958      39856,6615
13:15:48.274    404,472      39930,2997
13:15:48.835    405,033      39931,0748
13:15:49.409    405,607      39900,5082
13:15:49.919    406,117      39916,7298
13:15:50.426    406,624      39936,4811
13:15:51.004    407,202      39897,5249
13:15:51.572    407,770      39890,4937
13:15:52.110    408,308      39934,9176
13:15:52.672    408,870      39944,0990
13:15:53.172    409,370      39890,9592
13:15:53.786    409,984      39886,7099
13:15:54.414    410,612      39887,5041
13:15:55.014    411,212      39910,0489
13:15:55.565    411,763      39916,1691
13:15:56.101    412,299      39893,9059
13:15:56.606    412,804      39925,2688
13:15:57.119    413,317      39908,6328
13:15:57.620    413,818      39912,7125
13:15:58.174    414,372      39889,1438
13:15:58.724    414,922      39837,3404
13:15:59.305    415,503      39903,3481
13:15:59.864    416,062      39946,2878
13:16:00.393    416,591      39903,3463
13:16:00.899    417,097      39908,5206
13:16:01.436    417,634      39820,8768
13:16:02.003    418,201      39933,9922
13:16:02.514    418,712      39882,7348
13:16:03.090    419,288      39939,4340
13:16:03.637    419,835      39923,2982
13:16:04.225    420,423      39900,0926
13:16:04.803    421,001      39885,7026
13:16:05.305    421,503      39888,7447
13:16:05.895    422,093      39847,0634
13:16:06.466    422,664      39871,7556
13:16:07.054    423,252      39884,3995
13:16:07.591    423,789      39909,9158
13:16:08.166    424,364      39878,2052
13:16:08.695    424,893      39884,3420
13:16:09.229    425,427      39905,3576
13:16:09.840    426,038      39878,3664
13:16:10.345    426,543      39906,2550
13:16:10.922    427,120      39943,3048
13:16:11.453    427,651      39910,8564
13:16:11.957    428,155      39850,8073
13:16:12.461    428,659      39867,1174
13:16:12.993    429,191      39887,8088
13:16:13.504    429,702      39865,3792
13:16:14.032    430,230      39899,2010
13:16:14.593    430,791      39892,1727
13:16:15.170    431,368      39880,5672
13:16:15.755    431,953      39913,5260
13:16:16.264    432,462      39875,2292
13:16:16.772    432,970      39886,7837
13:16:17.275    433,473      39908,2888
13:16:17.869    434,067      39927,2049
13:16:18.450    434,648      39878,3176
13:16:18.990    435,188      39874,0830
13:16:19.571    435,769      39936,5555
13:16:20.117    436,315      39907,3385
13:16:20.672    436,870      39901,6866
13:16:21.181    437,379      39925,7800
13:16:21.753    437,951      39838,1848
13:16:22.333    438,531      39839,2229
13:16:22.833    439,031      39817,3330
13:16:23.344    439,542      39868,0233
13:16:23.872    440,070      39886,2188
13:16:24.386    440,584      39886,1138
13:16:25.013    441,211      39853,2388
13:16:25.590    441,788      39872,6306
13:16:26.214    442,412      39903,9514
13:16:26.774    442,972      39899,8929
13:16:27.361    443,559      39903,8158
13:16:27.978    444,176      39834,0437
13:16:28.532    444,730      39891,5902
13:16:29.097    445,295      39891,3834
13:16:29.681    445,879      39892,5384
13:16:30.292    446,490      39916,3568
13:16:30.896    447,094      39899,0021
13:16:31.469    447,667      39931,1758
13:16:32.023    448,221      39892,5416
13:16:32.568    448,766      39898,3400
13:16:33.125    449,323      39935,6405
13:16:33.665    449,863      39877,3434
13:16:34.233    450,431      39871,0235
13:16:34.814    451,012      39914,6174
13:16:35.386    451,584      39919,8158
13:16:35.891    452,089      39884,3959
13:16:36.492    452,690      39898,9020
13:16:37.016    453,214      39921,4566
13:16:37.566    453,764      39919,4935
13:16:38.165    454,363      39868,4780
13:16:38.701    454,899      39906,9728
13:16:39.221    455,419      39890,0554
13:16:39.786    455,984      39934,4078
13:16:40.293    456,491      39902,8494
13:16:40.816    457,014      39933,6906
13:16:41.384    457,582      39892,8861
13:16:41.986    458,184      39973,3784
13:16:42.523    458,721      39904,5635
13:16:43.056    459,254      39947,4434
13:16:43.620    459,818      39920,4623
13:16:44.168    460,366      39894,2382
13:16:44.704    460,902      39942,8059
13:16:45.253    461,451      39865,1250
13:16:45.793    461,991      39853,8555
13:16:46.350    462,548      39862,3670
13:16:46.870    463,068      39905,6378
13:16:47.460    463,658      39932,9931
13:16:48.012    464,210      39926,3191
13:16:48.518    464,716      39980,7611
13:16:49.050    465,248      39844,1592
13:16:49.570    465,768      39899,2363
13:16:50.200    466,398      39961,3680
13:16:50.828    467,026      39933,0835
13:16:51.337    467,535      39879,9502
13:16:51.866    468,064      39925,4949
13:16:52.381    468,579      39787,2713
13:16:52.978    469,176      39890,3430
13:16:53.554    469,752      39877,2456
13:16:54.138    470,336      39841,8650
13:16:54.671    470,869      39875,5441
13:16:55.310    471,508      39867,0043
13:16:55.820    472,018      39917,6810
13:16:56.340    472,538      39869,4491
13:16:56.917    473,115      39901,3802
13:16:57.448    473,646      39920,1082
13:16:57.950    474,148      39983,5349
13:16:58.527    474,725      39877,8918
13:16:59.063    475,261      39867,5593
13:16:59.647    475,845      39926,0428
13:17:00.154    476,352      39926,4108
13:17:00.752    476,950      39917,1142
13:17:01.351    477,549      39948,1502
13:17:01.920    478,118      39887,5839
13:17:02.513    478,711      39903,2691
13:17:03.063    479,261      39890,0741
13:17:03.610    479,808      39884,2835
13:17:04.191    480,389      39913,8592
13:17:04.769    480,967      39937,0709
13:17:05.336    481,534      39915,7299
13:17:05.902    482,100      39922,7647
13:17:06.483    482,681      39961,7748
13:17:07.073    483,271      39908,0024
13:17:07.624    483,822      39891,6995
13:17:08.159    484,357      39909,0728
13:17:08.745    484,943      39925,1404
13:17:09.337    485,535      39942,1978
13:17:09.930    486,128      39901,3660
13:17:10.497    486,695      39882,7583
13:17:11.071    487,269      39907,4029
13:17:11.619    487,817      39909,6572
13:17:12.129    488,327      39891,8068
13:17:12.716    488,914      39859,3892
13:17:13.281    489,479      39881,4649
13:17:13.783    489,981      39887,7816
13:17:14.373    490,571      39891,9620
13:17:14.949    491,147      39850,9920
13:17:15.529    491,727      39906,4471
13:17:16.073    492,271      39892,3735
13:17:16.627    492,825      39886,9612
13:17:17.135    493,333      39905,4316
13:17:17.639    493,837      39898,2493
13:17:18.216    494,414      39944,8688
13:17:18.788    494,986      39903,7397
13:17:19.292    495,490      39868,7413
13:17:19.853    496,051      39800,6918
13:17:20.439    496,637      39757,3681
13:17:20.985    497,183      39784,2772
13:17:21.567    497,765      39856,1466
13:17:22.081    498,279      39878,5598
13:17:22.674    498,872      39841,7283
13:17:23.263    499,461      39874,8990
13:17:23.850    500,048      39911,8289
13:17:24.396    500,594      39886,9337
13:17:24.962    501,160      39926,4368
13:17:25.473    501,671      39919,3522
13:17:25.976    502,174      39842,0396
13:17:26.503    502,701      39889,3840
13:17:27.066    503,264      39839,1291
13:17:27.688    503,886      39868,7583
13:17:28.258    504,456      39834,8730
13:17:28.828    505,026      39885,3405
13:17:29.377    505,575      39862,4652
13:17:29.898    506,096      39870,1769
13:17:30.402    506,600      39891,2038
13:17:30.963    507,161      39912,5248
13:17:31.505    507,703      39859,0655
13:17:32.059    508,257      39931,8282
13:17:32.595    508,793      39957,1461
13:17:33.099    509,297      39870,5885
13:17:33.604    509,802      39905,2351
13:17:34.175    510,373      39889,7089
13:17:34.677    510,875      39895,0665
13:17:35.246    511,444      39886,2150
13:17:35.830    512,028      39905,3443
13:17:36.331    512,529      39866,6930
13:17:36.899    513,097      39941,0436
13:17:37.431    513,629      39923,0877
13:17:37.944    514,142      39880,1076
13:17:38.491    514,689      39880,4018
13:17:39.060    515,258      39890,2392
13:17:39.560    515,758      39874,6629
13:17:40.075    516,273      39899,5831
13:17:40.619    516,817      39896,8086
13:17:41.161    517,359      39889,2829
13:17:41.738    517,936      39881,3340
13:17:42.322    518,520      39875,2892
13:17:42.844    519,042      39901,5096
13:17:43.409    519,607      39952,9919
13:17:43.934    520,132      39936,5979
13:17:44.492    520,690      39929,3593
13:17:45.061    521,259      39900,1817
13:17:45.660    521,858      39881,7760
13:17:46.172    522,370      39899,4974
13:17:46.736    522,934      39920,4803
13:17:47.281    523,479      39906,5201
13:17:47.861    524,059      39946,8349
13:17:48.442    524,640      39937,9883
13:17:48.986    525,184      39926,4400
13:17:49.552    525,750      39934,9856
13:17:50.105    526,303      39945,6371
13:17:50.607    526,805      39925,5114
13:17:51.180    527,378      39894,5504
13:17:51.754    527,952      39939,4233
13:17:52.256    528,454      39932,6030
13:17:52.831    529,029      39861,8990
13:17:53.423    529,621      39927,1194
13:17:53.969    530,167      39908,2979
13:17:54.552    530,750      39924,6789
13:17:55.141    531,339      39932,3901
13:17:55.646    531,844      39947,0605
13:17:56.228    532,426      39895,1745
13:17:56.756    532,954      39887,6066
13:17:57.325    533,523      39907,7834
13:17:57.859    534,057      39926,7597
13:17:58.401    534,599      39914,7435
13:17:58.979    535,177      39899,4218
13:17:59.562    535,760      39894,7009
13:18:00.072    536,270      39960,5653
13:18:00.642    536,840      39889,4560
13:18:01.146    537,344      39949,0700
13:18:01.743    537,941      39879,1090
13:18:02.371    538,569      39966,3830
13:18:02.923    539,121      39883,4258
13:18:03.485    539,683      39891,8108
13:18:04.043    540,241      39870,1388
13:18:04.602    540,800      39882,9639
13:18:05.146    541,344      39885,2432
13:18:05.678    541,876      39912,6019
13:18:06.243    542,441      39866,5308
13:18:06.803    543,001      39864,0213
13:18:07.363    543,561      39939,6153
13:18:07.969    544,167      39911,6799
13:18:08.518    544,716      39845,3940
13:18:09.099    545,297      39905,6148
13:18:09.646    545,844      39841,6199
13:18:10.235    546,433      39927,8407
13:18:10.771    546,969      39845,5397
13:18:11.344    547,542      39881,5048
13:18:11.956    548,154      39878,4594
13:18:12.549    548,747      39932,8062
13:18:13.149    549,347      39863,4358
13:18:13.716    549,914      39900,1969
13:18:14.278    550,476      39882,5933
13:18:14.834    551,032      39891,3369
13:18:15.424    551,622      39882,4950
13:18:15.981    552,179      39874,2925
13:18:16.559    552,757      39861,0228
13:18:17.188    553,386      39892,3367
13:18:17.781    553,979      39867,8780
13:18:18.287    554,485      39894,0395
13:18:18.880    555,078      39858,6093
13:18:19.446    555,644      39841,5325
13:18:20.018    556,216      39839,0757
13:18:20.557    556,755      39874,3959
13:18:21.154    557,352      39913,0706
13:18:21.704    557,902      39858,0701
13:18:22.287    558,485       6671,0436
13:18:22.863    559,061         22,4554
13:18:23.426    559,624         12,7454
13:18:23.977    560,175         11,3855
13:18:24.539    560,737          0,7841
13:18:25.077    561,275         12,1317
13:18:25.617    561,815          2,3826
13:18:26.196    562,394          1,3230
13:18:26.749    562,947          1,6931
13:18:27.302    563,500          3,7963
13:18:27.883    564,081         -0,9294
13:18:28.470    564,668         23,9988
13:18:29.035    565,233         16,6618
13:18:29.603    565,801         -9,3374
13:18:30.156    566,354         12,4479
13:18:30.717    566,915          0,1604
13:18:31.288    567,486          9,5045
13:18:31.870    568,068          5,7774
13:18:32.431    568,629         14,7892
13:18:32.967    569,165         -1,2504
13:18:33.516    569,714         14,8064
13:18:34.089    570,287         -0,1926
13:18:34.676    570,874        -11,1662
13:18:35.248    571,446          1,8662
13:18:35.784    571,982          9,5973
13:18:36.348    572,546         11,4823
13:18:36.899    573,097          2,9144
13:18:37.450    573,648        -14,4213
13:18:38.012    574,210          4,1807
13:18:38.571    574,769        -15,7476
13:18:39.113    575,311          8,6699
13:18:39.668    575,866          5,3133
13:18:40.234    576,432          2,6965
13:18:40.792    576,990          3,0068
13:18:41.342    577,540         -1,9207
13:18:41.902    578,100          0,8417
13:18:42.469    578,667         -7,2234
13:18:43.050    579,248         -0,4643
13:18:43.598    579,796          3,1866
13:18:44.162    580,360         12,1127
13:18:44.742    580,940          0,3418
13:18:45.293    581,491          1,9793
13:18:45.849    582,047      20947,9615
13:18:46.399    582,597      39878,6524
13:18:46.981    583,179      40011,1573
13:18:47.554    583,752      39944,1568
13:18:48.120    584,318      39955,9332
13:18:48.669    584,867      39968,8814
13:18:49.235    585,433      39973,4587
13:18:49.795    585,993      39945,7190
13:18:50.315    586,513      39981,1438
13:18:50.850    587,048      39936,4932
13:18:51.423    587,621      39903,3688
13:18:51.939    588,137      39894,0225
13:18:52.502    588,700      39955,0151
13:18:53.089    589,287      39926,6076
13:18:53.664    589,862      39931,9191
13:18:54.229    590,427      39893,9360
13:18:54.793    590,991      39955,4538
13:18:55.345    591,543      39979,0368
13:18:55.946    592,144      39963,7565
13:18:56.552    592,750      39960,9574
13:18:57.178    593,376      39970,9459
13:18:57.738    593,936      39963,9972
13:18:58.306    594,504      39959,9292
13:18:58.855    595,053      39956,4870
13:18:59.366    595,564      40007,5132
13:18:59.972    596,170      39945,8161
13:19:00.495    596,693      39929,7965
13:19:01.054    597,252      39939,8328
13:19:01.624    597,822      39926,1687
13:19:02.164    598,362      39858,1105
13:19:02.708    598,906      39949,9973
13:19:03.254    599,452      39936,0322
13:19:03.798    599,996      39926,6603
13:19:04.321    600,519      39951,2329
13:19:04.886    601,084      39975,2067
13:19:05.395    601,593      39970,0804
13:19:05.967    602,165      39947,9715
13:19:06.512    602,710      39929,0336
13:19:07.053    603,251      39961,1909
13:19:07.662    603,860      39942,8802
13:19:08.164    604,362      39976,1836
13:19:08.701    604,899      39949,2411
13:19:09.232    605,430      39960,7511
13:19:09.822    606,020      39895,6608
13:19:10.389    606,587      39966,6665
13:19:10.962    607,160      39936,3384
13:19:11.466    607,664      39944,9184
13:19:12.010    608,208      39995,4235
13:19:12.562    608,760      39945,8232
13:19:13.077    609,275      39969,7643
13:19:13.659    609,857      39948,9468
13:19:14.215    610,413      39895,3094
13:19:14.774    610,972      39926,8602
13:19:15.324    611,522      39918,5580
13:19:15.826    612,024      39850,0027
13:19:16.413    612,611      39875,3577
13:19:16.992    613,190      39768,4822
13:19:17.530    613,728      39815,0057
13:19:18.109    614,307      39847,9768
13:19:18.692    614,890      39875,3476
13:19:19.262    615,460      39889,3561
13:19:19.810    616,008      39902,0219
13:19:20.370    616,568      39881,8086
13:19:20.882    617,080      39879,6660
13:19:21.459    617,657      39887,6768
13:19:22.028    618,226      39868,0481
13:19:22.603    618,801      39922,2044
13:19:23.154    619,352      39944,0608
13:19:23.683    619,881      39943,9808
13:19:24.252    620,450      39909,1847
13:19:24.782    620,980      39908,2450
13:19:25.341    621,539      39955,8110
13:19:25.926    622,124      39947,0819
13:19:26.497    622,695      39928,0148
13:19:27.065    623,263      39966,4870
13:19:27.628    623,826      39948,0876
13:19:28.211    624,409      39955,8619
13:19:28.805    625,003      39981,7793
13:19:29.380    625,578      39937,6035
13:19:29.940    626,138      39978,6952
13:19:30.501    626,699      39956,5819
13:19:31.062    627,260      39909,8526
13:19:31.648    627,846      39929,0070
13:19:32.170    628,368      39922,5893
13:19:32.765    628,963      39945,2270
13:19:33.337    629,535      39911,9341
13:19:33.906    630,104      39941,2450
13:19:34.466    630,664      39955,5869
13:19:34.987    631,185      39906,2568
13:19:35.571    631,769      39880,3094
13:19:36.143    632,341      39894,0788
13:19:36.721    632,919      39894,8323
13:19:37.297    633,495      39885,3820
13:19:37.867    634,065      39928,2142
13:19:38.451    634,649      39921,1381
13:19:39.018    635,216      39945,9198
13:19:39.600    635,798      39929,0014
13:19:40.159    636,357      39886,2375
13:19:40.683    636,881      39862,8443
13:19:41.229    637,427      39858,7161
13:19:41.792    637,990      39915,6509
13:19:42.353    638,551      39917,2656
13:19:42.901    639,099      39876,3238
13:19:43.436    639,634      39876,6338
13:19:44.016    640,214      39855,5551
13:19:44.593    640,791      39859,0618
13:19:45.129    641,327      39850,4324
13:19:45.699    641,897      39847,9418
13:19:46.289    642,487      39876,3098
13:19:46.830    643,028      39900,7647
13:19:47.382    643,580      39859,9286
13:19:47.955    644,153      39857,3062
13:19:48.456    644,654      39900,8508
13:19:49.016    645,214      39866,7721
13:19:49.529    645,727      39859,1586
13:19:50.056    646,254      39854,2283
13:19:50.607    646,805      39852,8467
13:19:51.166    647,364      39880,4305
13:19:51.725    647,923      39838,8875
13:19:52.282    648,480      39869,6863
13:19:52.841    649,039      39853,1849
13:19:53.426    649,624      39853,1634
13:19:54.011    650,209      39858,7846
13:19:54.578    650,776      39856,2805
13:19:55.118    651,316      39871,4064
13:19:55.689    651,887      39874,8997
13:19:56.262    652,460      39865,7542
13:19:56.801    652,999      39817,5857
13:19:57.389    653,587      39894,6972
13:19:57.938    654,136      39921,4247
13:19:58.514    654,712      39869,5982
13:19:59.105    655,303      39865,5965
13:19:59.672    655,870      39827,8857
13:20:00.242    656,440      39850,4910
13:20:00.786    656,984      39842,5980
13:20:01.299    657,497      39829,5589
13:20:01.855    658,053      39846,0404
13:20:02.441    658,639      39803,0245
13:20:03.029    659,227      39896,9606
13:20:03.601    659,799      39834,6027
13:20:04.147    660,345      39858,4602
13:20:04.713    660,911      39825,9732
13:20:05.277    661,475      39827,2133
13:20:05.787    661,985      39895,5831
13:20:06.401    662,599      39848,1674
13:20:06.958    663,156      39850,2356
13:20:07.504    663,702      39832,6731
13:20:08.004    664,202      39825,9748
13:20:08.584    664,782      39810,9450
13:20:09.131    665,329      39860,7846
13:20:09.707    665,905      39817,4833
13:20:10.281    666,479      39810,2780
13:20:10.837    667,035      39882,3484
13:20:11.410    667,608      39827,8710
13:20:11.917    668,115      39836,8169
13:20:12.470    668,668      39791,8577
13:20:13.011    669,209      39833,4599
13:20:13.558    669,756      39817,0545
13:20:14.061    670,259      39895,8544
13:20:14.579    670,777      39859,7934
13:20:15.126    671,324      39889,9094
13:20:15.698    671,896      39850,5411
13:20:16.217    672,415      39852,6589
13:20:16.804    673,002      39874,4617
13:20:17.381    673,579      39826,2682
13:20:17.915    674,113      39815,0962
13:20:18.471    674,669      39843,1340
13:20:19.041    675,239      39789,7473
13:20:19.600    675,798      39802,1509
13:20:20.192    676,390      39769,6566
13:20:20.759    676,957      39861,1886
13:20:21.329    677,527      39769,1009
13:20:21.844    678,042      39800,9079
13:20:22.407    678,605      39803,9822
13:20:22.931    679,129      39770,7777
13:20:23.456    679,654      39804,5926
13:20:23.958    680,156      39805,6963
13:20:24.520    680,718      39782,4784
13:20:25.080    681,278      39760,8008
13:20:25.652    681,850      39754,0311
13:20:26.158    682,356      39795,4862
13:20:26.672    682,870      39769,0780
13:20:27.244    683,442      39800,2717
13:20:27.823    684,021      39818,7385
13:20:28.327    684,525      39800,7739
13:20:28.896    685,094      39790,3235
13:20:29.440    685,638      39741,3173
13:20:29.980    686,178      39836,9149
13:20:30.482    686,680      39794,0943
13:20:31.051    687,249      39776,6322
13:20:31.627    687,825      39765,2717
13:20:32.184    688,382      39816,8574
13:20:32.758    688,956      39726,0644
13:20:33.301    689,499      39798,1862
13:20:33.883    690,081      39776,1666
13:20:34.457    690,655      39764,0104
13:20:35.019    691,217      39769,4231
13:20:35.556    691,754      39778,9717
13:20:36.174    692,372      39774,0583
13:20:36.748    692,946      39748,0760
13:20:37.329    693,527      39753,0940
13:20:37.919    694,117      39793,1444
13:20:38.496    694,694      39764,3777
13:20:39.065    695,263      39798,6712
13:20:39.661    695,859      39722,8669
13:20:40.243    696,441      39768,5034
13:20:40.790    696,988      39762,2728
13:20:41.368    697,566      39755,5231
13:20:41.917    698,115      39685,6706
13:20:42.485    698,683      39681,0870
13:20:43.068    699,266      39718,0140
13:20:43.607    699,805      39733,7014
13:20:44.149    700,347      39753,2426
13:20:44.737    700,935      39782,6821
13:20:45.308    701,506      39745,3962
13:20:45.871    702,069      39728,9416
13:20:46.427    702,625      39728,8558
13:20:46.985    703,183      39762,1702
13:20:47.592    703,790      39733,6124
13:20:48.150    704,348      39795,5568
13:20:48.725    704,923      39744,8864
13:20:49.225    705,423      39740,2130
13:20:49.838    706,036      39745,0678
13:20:50.400    706,598      39743,3170
13:20:50.954    707,152      39743,3768
13:20:51.527    707,725      39735,1428
13:20:52.028    708,226      39695,7712
13:20:52.573    708,771      39742,9141
13:20:53.129    709,327      39704,8946
13:20:53.709    709,907      39710,9692
13:20:54.264    710,462      39663,3239
13:20:54.844    711,042      39697,2426
13:20:55.408    711,606      39647,2006
13:20:55.994    712,192      39685,8671
13:20:56.537    712,735      39701,4594
13:20:57.070    713,268      39658,8617
13:20:57.611    713,809      39707,1290
13:20:58.174    714,372      39766,4204
13:20:58.683    714,881      39677,1082
13:20:59.230    715,428      39694,5673
13:20:59.743    715,941      39706,8662
13:21:00.308    716,506      39717,8693
13:21:00.858    717,056      39729,4397
13:21:01.403    717,601      39725,6132
13:21:01.984    718,182      39737,7613
13:21:02.543    718,741      39680,0032
13:21:03.084    719,282      39724,8004
13:21:03.658    719,856      39698,9899
13:21:04.233    720,431      39681,8593
13:21:04.772    720,970      39691,2401
13:21:05.324    721,522      39677,3687
13:21:05.829    722,027      39713,8451
13:21:06.336    722,534      39737,9442
13:21:06.870    723,068      39658,2917
13:21:07.453    723,651      39710,8644
13:21:08.039    724,237      39734,7674
13:21:08.585    724,783      39741,4734
13:21:09.139    725,337      39693,2594
13:21:09.665    725,863      39642,8943
13:21:10.255    726,453      39697,4748
13:21:10.833    727,031      39718,2277
13:21:11.386    727,584      39652,6391
13:21:11.969    728,167      39664,7006
13:21:12.540    728,738      39688,2744
13:21:13.115    729,313      39735,7429
13:21:13.686    729,884      39714,3333
13:21:14.250    730,448      39723,8564
13:21:14.822    731,020      39693,5995
13:21:15.330    731,528      39591,3446
13:21:15.896    732,094      39692,4261
13:21:16.471    732,669      39679,5258
13:21:17.077    733,275      39721,9826
13:21:17.624    733,822      39670,9981
13:21:18.125    734,323      39696,5686
13:21:18.692    734,890      39586,8564
13:21:19.234    735,432      39698,4036
13:21:19.817    736,015      39702,8575
13:21:20.383    736,581      39653,5894
13:21:20.926    737,124      39655,8395
13:21:21.492    737,690      39649,5213
13:21:22.011    738,209      39683,5237
13:21:22.562    738,760      39697,0574
13:21:23.105    739,303      39664,5682
13:21:23.684    739,882      39682,4072
13:21:24.248    740,446      39672,2010
13:21:24.794    740,992      39668,6178
13:21:25.340    741,538      39654,4606
13:21:25.888    742,086      39660,7322
13:21:26.463    742,661      39698,2042
13:21:27.005    743,203      39645,1598
13:21:27.579    743,777      39664,6413
13:21:28.135    744,333      39626,9895
13:21:28.687    744,885      39669,0775
13:21:29.260    745,458      39657,4735
13:21:29.831    746,029      39716,1238
13:21:30.399    746,597      39702,2293
13:21:30.940    747,138      39640,1081
13:21:31.502    747,700      39666,7910
13:21:32.076    748,274      39693,0577
13:21:32.639    748,837      39696,0573
13:21:33.227    749,425      39667,8528
13:21:33.786    749,984      39685,4295
13:21:34.350    750,548      39717,2446
13:21:34.905    751,103      39660,8275
13:21:35.476    751,674      39698,3100
13:21:36.048    752,246      39684,5490
13:21:36.607    752,805      39666,3976
13:21:37.156    753,354      39697,2875
13:21:37.656    753,854      39726,1028
13:21:38.172    754,370      39699,1959
13:21:38.740    754,938      39674,3804
13:21:39.296    755,494      39615,0055
13:21:39.866    756,064      39657,2639
13:21:40.382    756,580      39643,7723
13:21:40.949    757,147      39586,2656
13:21:41.450    757,648      39546,5128
13:21:42.029    758,227      39557,3356
13:21:42.607    758,805      39522,8656
13:21:43.183    759,381      39437,8384
13:21:43.742    759,940      39276,9304
13:21:44.316    760,514      39183,4009
13:21:44.884    761,082      38895,5442
13:21:45.444    761,642      38601,8661
13:21:46.024    762,222      38147,4525
13:21:46.623    762,821      37598,0529
13:21:47.168    763,366      36870,1518
13:21:47.726    763,924      35747,2464
13:21:48.308    764,506      34206,4926
13:21:48.861    765,059      32682,8671
13:21:49.372    765,570      31649,3951
13:21:49.962    766,160      30551,8944
13:21:50.546    766,744      29558,4789
13:21:51.116    767,314      28673,8173
13:21:51.675    767,873      27783,9562
13:21:52.176    768,374      26922,1452
13:21:52.736    768,934      26078,3217
13:21:53.322    769,520      25171,4988
13:21:53.888    770,086      24353,8139
13:21:54.431    770,629      23521,7826
13:21:54.998    771,196      22629,9752
13:21:55.551    771,749      21810,2516
13:21:56.081    772,279      21015,8918
13:21:56.639    772,837      20202,4693
13:21:57.203    773,401      19419,8861
13:21:57.743    773,941      18701,0759
13:21:58.326    774,524      17925,2957
13:21:58.889    775,087      17201,2410
13:21:59.457    775,655      16546,9603
13:22:00.004    776,202      15824,2831
13:22:00.553    776,751      15191,4664
13:22:01.110    777,308      14581,8846
13:22:01.667    777,865      13989,3809
13:22:02.218    778,416      13407,9594
13:22:02.810    779,008      12886,4304
13:22:03.359    779,557      12366,7833
13:22:03.953    780,151      11874,2993
13:22:04.499    780,697      11408,6763
13:22:05.041    781,239      11039,9487
13:22:05.643    781,841      10836,0926
13:22:06.152    782,350      10830,8803
13:22:06.715    782,913      10803,6017
13:22:07.267    783,465      10928,7182
13:22:07.806    784,004      11050,6277
13:22:08.351    784,549      11262,2381
13:22:08.894    785,092      11478,6735
13:22:09.415    785,613      11733,6965
13:22:09.969    786,167      12131,4545
13:22:10.531    786,729      12439,3623
13:22:11.085    787,283      12796,8098
13:22:11.624    787,822      13189,6980
13:22:12.215    788,413      13692,5402
13:22:12.715    788,913      14103,2762
13:22:13.289    789,487      14645,0519
13:22:13.871    790,069      15183,3199
13:22:14.431    790,629      15757,3411
13:22:14.992    791,190      16353,8454
13:22:15.529    791,727      16951,4705
13:22:16.086    792,284      17611,7508
13:22:16.591    792,789      18183,6181
13:22:17.135    793,333      18895,4817
13:22:17.677    793,875      19640,0917
13:22:18.261    794,459      20396,3168
13:22:18.809    795,007      21156,2936
13:22:19.376    795,574      21893,3080
13:22:19.962    796,160      22789,2518
13:22:20.541    796,739      23615,5246
13:22:21.077    797,275      24405,3510
13:22:21.617    797,815      25168,2661
13:22:22.175    798,373      25960,4008
13:22:22.741    798,939      26754,0274
13:22:23.335    799,533      27513,3869
13:22:23.912    800,110      28239,5424
13:22:24.416    800,614      28958,9745
13:22:24.990    801,188      29595,7311
13:22:25.543    801,741      30226,4554
13:22:26.081    802,279      30859,2804
13:22:26.639    802,837      31420,4123
13:22:27.181    803,379      31961,5451
13:22:27.712    803,910      32288,7390
13:22:28.263    804,461      32785,4990
13:22:28.768    804,966      33110,3682
13:22:29.361    805,559      33419,4899
13:22:29.924    806,122      33680,7809
13:22:30.455    806,653      33924,9822
13:22:30.994    807,192      34159,7991
13:22:31.500    807,698      34315,1847
13:22:32.055    808,253      34572,5938
13:22:32.556    808,754      34659,2415
13:22:33.099    809,297      34810,3580
13:22:33.653    809,851      34899,6901
13:22:34.208    810,406      35020,2673
13:22:34.792    810,990      35121,4941
13:22:35.345    811,543      35251,4091
13:22:35.863    812,061      35307,3492
13:22:36.430    812,628      35340,9634
13:22:36.984    813,182      35412,5051
13:22:37.533    813,731      35529,8393
13:22:38.072    814,270      35536,7688
13:22:38.607    814,805      35595,6430
13:22:39.188    815,386      35638,1270
13:22:39.754    815,952      35791,3292
13:22:40.325    816,523      35733,8852
13:22:40.856    817,054      35770,5179
13:22:41.400    817,598      35808,9112
13:22:41.986    818,184      35908,6634
13:22:42.536    818,734      35892,9924
13:22:43.086    819,284      35925,5156
13:22:43.651    819,849      35966,2066
13:22:44.213    820,411      36006,5976
13:22:44.787    820,985      36063,5968
13:22:45.365    821,563      36088,2732
13:22:45.959    822,157      36137,5460
13:22:46.512    822,710      36129,4457
13:22:47.070    823,268      36225,8682
13:22:47.643    823,841      36211,8926
13:22:48.212    824,410      36182,2146
13:22:48.769    824,967      36284,3727
13:22:49.328    825,526      36290,0443
13:22:49.887    826,085      36319,4479
13:22:50.462    826,660      36313,5060
13:22:51.031    827,229      36270,9986
13:22:51.592    827,790      36329,2636
13:22:52.170    828,368      36365,0810
13:22:52.750    828,948      36367,9205
13:22:53.334    829,532      36465,0357
13:22:53.915    830,113      36437,2435
13:22:54.494    830,692      36410,8513
13:22:55.045    831,243      36424,5539
13:22:55.598    831,796      36448,5883
13:22:56.127    832,325      36551,8225
13:22:56.690    832,888      36502,7476
13:22:57.224    833,422      36542,2731
13:22:57.785    833,983      36575,8188
13:22:58.405    834,603      36533,1233
13:22:58.970    835,168      36599,8849
13:22:59.515    835,713      36616,1232
13:23:00.099    836,297      36620,6252
13:23:00.663    836,861      36637,5238
13:23:01.232    837,430      36644,5849
13:23:01.776    837,974      36667,8019
13:23:02.366    838,564      36657,2556
13:23:02.951    839,149      36712,4433
13:23:03.489    839,687      36659,4137
13:23:04.050    840,248      36737,6265
13:23:04.604    840,802      36743,4382
13:23:05.141    841,339      36750,1710
13:23:05.680    841,878      36722,1978
13:23:06.264    842,462      36723,6873
13:23:06.835    843,033      36788,1661
13:23:07.390    843,588      36755,8079
13:23:07.966    844,164      36823,2292
13:23:08.521    844,719      36785,9661
13:23:09.061    845,259      36771,1323
13:23:09.565    845,763      36789,1055
13:23:10.117    846,315      36785,3645
13:23:10.701    846,899      36902,0489
13:23:11.255    847,453      36848,6511
13:23:11.818    848,016      36900,2959
13:23:12.386    848,584      36929,5727
13:23:12.964    849,162      36947,2730
13:23:13.524    849,722      36940,0859
13:23:14.066    850,264      36922,2128
13:23:14.604    850,802      36968,7282
13:23:15.147    851,345      36938,7588
13:23:15.690    851,888      36933,1455
13:23:16.279    852,477      36941,9219
13:23:16.817    853,015      37002,0748
13:23:17.350    853,548      36996,3423
13:23:17.919    854,117      36995,1715
13:23:18.459    854,657      37037,6315
13:23:19.007    855,205      37027,6771
13:23:19.565    855,763      37094,6491
13:23:20.115    856,313      37029,5191
13:23:20.642    856,840      37060,8329
13:23:21.176    857,374      37067,6975
13:23:21.719    857,917      37094,6701
13:23:22.293    858,491      37124,3427
13:23:22.830    859,028      37115,2772
13:23:23.368    859,566      37077,0595
13:23:23.940    860,138      37146,5884
13:23:24.445    860,643      37091,2167
13:23:25.000    861,198      37140,0720
13:23:25.590    861,788      37086,9086
13:23:26.098    862,296      37144,6972
13:23:26.674    862,872      37120,0636
13:23:27.239    863,437      37210,9541
13:23:27.788    863,986      37150,0210
13:23:28.328    864,526      37216,3006
13:23:28.876    865,074      37169,8005
13:23:29.437    865,635      37216,0325
13:23:29.959    866,157      37188,9618
13:23:30.475    866,673      37184,0073
13:23:31.052    867,250      37164,2378
13:23:31.595    867,793      37207,6573
13:23:32.155    868,353      37165,8186
13:23:32.710    868,908      37209,6395
13:23:33.226    869,424      37222,5993
13:23:33.819    870,017      37184,9481
13:23:34.385    870,583      37213,4381
13:23:34.889    871,087      37250,0124
13:23:35.450    871,648      37245,8665
13:23:36.036    872,234      37254,3603
13:23:36.603    872,801      37249,2944
13:23:37.171    873,369      37277,3178
13:23:37.712    873,910      37237,4419
13:23:38.218    874,416      37244,7876
13:23:38.797    874,995      37306,0005
13:23:39.353    875,551      37256,5626
13:23:39.913    876,111      37338,6279
13:23:40.470    876,668      37319,5060
13:23:41.043    877,241      37323,3541
13:23:41.601    877,799      37302,4421
13:23:42.103    878,301      37303,2694
13:23:42.690    878,888      37356,4699
13:23:43.250    879,448      37336,4481
13:23:43.793    879,991      37361,3292
13:23:44.376    880,574      37449,5378
13:23:44.929    881,127      37389,0484
13:23:45.470    881,668      37408,2577
13:23:46.040    882,238      37369,0771
13:23:46.574    882,772      37402,5752
13:23:47.154    883,352      37378,4969
13:23:47.735    883,933      37369,6716
13:23:48.238    884,436      37391,3796
13:23:48.799    884,997      37436,4316
13:23:49.353    885,551      37434,3751
13:23:49.930    886,128      37477,7201
13:23:50.479    886,677      37408,6906
13:23:51.016    887,214      37419,1747
13:23:51.555    887,753      37417,5600
13:23:52.090    888,288      37461,1122
13:23:52.643    888,841      37416,4341
13:23:53.193    889,391      37413,4263
13:23:53.709    889,907      37381,0203
13:23:54.274    890,472      37439,6107
13:23:54.837    891,035      37499,5000
13:23:55.402    891,600      37434,2211
13:23:55.960    892,158      37470,0468
13:23:56.496    892,694      37429,9975
13:23:57.064    893,262      37438,9455
13:23:57.635    893,833      37386,1684
13:23:58.156    894,354      37417,3539
13:23:58.680    894,878      37394,8185
13:23:59.237    895,435      37439,5010
13:23:59.757    895,955      37439,8398
13:24:00.310    896,508      37405,3094
13:24:00.847    897,045      37418,3316
13:24:01.397    897,595      37404,9925
13:24:01.944    898,142      37441,2678
13:24:02.505    898,703      37442,2248
13:24:03.045    899,243      37411,9842
13:24:03.625    899,823      37425,4650
13:24:04.141    900,339      37421,9366
13:24:04.702    900,900      37455,9117
13:24:05.254    901,452      37467,2509
13:24:05.845    902,043      37395,3805
13:24:06.420    902,618      37405,8673
13:24:07.020    903,218      37375,0960
13:24:07.561    903,759      37311,6561
13:24:08.137    904,335      37348,0401
13:24:08.728    904,926      37367,4831
13:24:09.272    905,470      37244,5031
13:24:09.858    906,056      37213,0810
13:24:10.426    906,624      37138,1094
13:24:10.982    907,180      37008,0580
13:24:11.560    907,758      36861,4689
13:24:12.090    908,288      36767,2589
13:24:12.661    908,859      36444,0440
13:24:13.238    909,436      36111,3097
13:24:13.826    910,024      35662,5199
13:24:14.334    910,532      35140,1009
13:24:14.905    911,103      34596,5931
13:24:15.455    911,653      34130,2215
13:24:16.023    912,221      33615,5649
13:24:16.555    912,753      33079,6731
13:24:17.104    913,302      32554,2038
13:24:17.659    913,857      32005,8154
13:24:18.237    914,435      31399,6669
13:24:18.806    915,004      30759,1856
13:24:19.314    915,512      30166,4681
13:24:19.862    916,060      29546,9412
13:24:20.459    916,657      28817,2896
13:24:20.999    917,197      28119,9279
13:24:21.538    917,736      27418,1557
13:24:22.050    918,248      26816,1756
13:24:22.596    918,794      26072,0887
13:24:23.144    919,342      25342,9796
13:24:23.730    919,928      24510,2921
13:24:24.288    920,486      23711,7759
13:24:24.872    921,070      22927,4934
13:24:25.418    921,616      22188,4241
13:24:25.996    922,194      21350,5442
13:24:26.546    922,744      20632,3219
13:24:27.077    923,275      19900,1586
13:24:27.644    923,842      19149,8748
13:24:28.197    924,395      18430,7189
13:24:28.749    924,947      17752,1916
13:24:29.250    925,448      17114,2306
13:24:29.789    925,987      16446,8188
13:24:30.340    926,538      15800,7861
13:24:30.920    927,118      15149,7392
13:24:31.491    927,689      14505,2218
13:24:31.992    928,190      13966,5477
13:24:32.510    928,708      13480,0107
13:24:33.088    929,286      12895,0201
13:24:33.641    929,839      12384,0777
13:24:34.186    930,384      11890,4358
13:24:34.770    930,968      11410,7955
13:24:35.316    931,514      11014,9701
13:24:35.874    932,072      10840,8539
13:24:36.426    932,624      10752,8822
13:24:36.986    933,184      10771,7744
13:24:37.558    933,756      10896,6894
13:24:38.109    934,307      11062,2372
13:24:38.652    934,850      11285,8858
13:24:39.235    935,433      11566,2733
13:24:39.789    935,987      11889,9423
13:24:40.312    936,510      12164,4652
13:24:40.866    937,064      12572,3634
13:24:41.423    937,621      13003,3108
13:24:41.966    938,164      13441,9257
13:24:42.522    938,720      13935,7565
13:24:43.108    939,306      14422,0365
13:24:43.661    939,859      14952,4823
13:24:44.250    940,448      15544,9936
13:24:44.789    940,987      16136,0076
13:24:45.335    941,533      16736,8024
13:24:45.879    942,077      17393,9576
13:24:46.421    942,619      18061,8789
13:24:47.012    943,210      18751,5553
13:24:47.547    943,745      19475,1265
13:24:48.098    944,296      20180,6526
13:24:48.646    944,844      20919,9443
13:24:49.212    945,410      21668,3225
13:24:49.832    946,030      22525,8511
13:24:50.409    946,607      23348,0529
13:24:50.941    947,139      24114,1277
13:24:51.499    947,697      24854,3501
13:24:52.057    948,255      25644,1605
13:24:52.620    948,818      26421,7691
13:24:53.158    949,356      27147,7034
13:24:53.701    949,899      27806,5638
13:24:54.295    950,493      28628,8393
13:24:54.833    951,031      29270,2984
13:24:55.373    951,571      29899,7125
13:24:55.927    952,125      30593,6303
13:24:56.472    952,670      31200,4014
13:24:57.076    953,274      31778,7063
13:24:57.639    953,837      32298,3389
13:24:58.147    954,345      32762,0825
13:24:58.714    954,912      33254,2633
13:24:59.283    955,481      33661,4339
13:24:59.826    956,024      33978,4212
13:25:00.395    956,593      34331,4789
13:25:00.954    957,152      34703,8622
13:25:01.504    957,702      34954,4020
13:25:02.073    958,271      35237,5300
13:25:02.579    958,777      35451,4747
13:25:03.124    959,322      35696,5938
13:25:03.671    959,869      35887,8533
13:25:04.191    960,389      36013,3764
13:25:04.773    960,971      36128,2792
13:25:05.310    961,508      36353,1766
13:25:05.844    962,042      36504,7014
13:25:06.411    962,609      36578,8255
13:25:06.957    963,155      36678,2024
13:25:07.500    963,698      36832,1609
13:25:08.077    964,275      36925,5740
13:25:08.620    964,818      36991,9951
13:25:09.189    965,387      37048,8028
13:25:09.775    965,973      37176,8583
13:25:10.336    966,534      37277,1705
13:25:10.890    967,088      37325,9783
13:25:11.466    967,664      37398,3686
13:25:12.033    968,231      37439,8213
13:25:12.571    968,769      37456,4455
13:25:13.134    969,332      37557,6291
13:25:13.697    969,895      37578,8785
13:25:14.252    970,450      37693,4556
13:25:14.793    970,991      37710,6333
13:25:15.366    971,564      37756,5899
13:25:15.928    972,126      37739,8932
13:25:16.461    972,659      37788,4961
13:25:17.065    973,263      37807,9392
13:25:17.613    973,811      37821,5464
13:25:18.170    974,368      37880,0408
13:25:18.730    974,928      37953,0533
13:25:19.288    975,486      37959,3982
13:25:19.847    976,045      38047,5312
13:25:20.414    976,612      38036,9875
13:25:20.970    977,168      38109,5864
13:25:21.534    977,732      38068,2577
13:25:22.108    978,306      38107,9817
13:25:22.686    978,884      38102,8817
13:25:23.230    979,428      38148,9420
13:25:23.777    979,975      38125,4368
13:25:24.332    980,530      38179,1936
13:25:24.913    981,111      38257,9650
13:25:25.445    981,643      38238,4692
13:25:26.010    982,208      38264,6836
13:25:26.512    982,710      38243,5895
13:25:27.062    983,260      38306,4659
13:25:27.635    983,833      38376,8163
13:25:28.192    984,390      38349,0170
13:25:28.758    984,956      38376,2446
13:25:29.343    985,541      38387,7520
13:25:29.846    986,044      38375,2614
13:25:30.416    986,614      38412,1873
13:25:30.962    987,160      38442,0303
13:25:31.535    987,733      38407,4966
13:25:32.070    988,268      38483,8776
13:25:32.633    988,831      38462,1699
13:25:33.194    989,392      38506,6635
13:25:33.776    989,974      38525,4262
13:25:34.363    990,561      38569,6207
13:25:34.934    991,132      38554,1299
13:25:35.513    991,711      38552,8319
13:25:36.100    992,298      38561,7137
13:25:36.636    992,834      38610,1164
13:25:37.140    993,338      38581,5463
13:25:37.692    993,890      38589,3078
13:27:17.237   1093,435      18859,2747
13:27:17.786   1093,984      19578,6081
13:27:18.329   1094,527      20334,4108
13:27:18.876   1095,074      21012,4682
13:27:19.436   1095,634      21746,8185
13:27:19.983   1096,181      22521,7278
13:27:20.542   1096,740      23330,6880
13:27:21.112   1097,310      24052,6351
13:27:21.624   1097,822      24756,4096
13:27:22.199   1098,397      25574,5127
13:27:22.747   1098,945      26298,2504
13:27:23.296   1099,494      27031,7143
13:27:23.870   1100,068      27757,8143
13:27:24.428   1100,626      28462,5819
13:27:24.975   1101,173      29157,4733
13:27:25.475   1101,673      29707,9072
13:27:26.023   1102,221      30358,7697
13:27:26.611   1102,809      31033,4975
13:27:27.218   1103,416      31646,3293
13:27:27.762   1103,960      32222,7957
13:27:28.304   1104,502      32742,4055
13:27:28.809   1105,007      33148,3173
13:27:29.384   1105,582      33608,3198
13:27:29.942   1106,140      34078,6350
13:27:30.486   1106,684      34420,3412
13:27:30.990   1107,188      34775,4694
13:27:31.552   1107,750      35152,4550
13:27:32.093   1108,291      35523,0038
13:27:32.631   1108,829      35781,6884
13:27:33.189   1109,387      36016,8192
13:27:33.734   1109,932      36322,0158
13:27:34.311   1110,509      36604,7412
13:27:34.873   1111,071      36824,4052
13:27:35.491   1111,689      37079,5757
13:27:36.088   1112,286      37235,6743
13:27:36.608   1112,806      37371,4644
13:27:37.179   1113,377      37541,0062
13:27:37.773   1113,971      37726,2142
13:27:38.304   1114,502      37852,1598
13:27:38.806   1115,004      37925,0770
13:27:39.372   1115,570      38075,0933
13:27:39.902   1116,100      38122,4843
13:27:40.450   1116,648      38208,3222
13:27:41.032   1117,230      38320,6271
13:27:41.594   1117,792      38442,8569
13:27:42.153   1118,351      38489,4596
13:27:42.667   1118,865      38517,9562
13:27:43.238   1119,436      38601,1289
13:27:43.790   1119,988      38605,2423
13:27:44.401   1120,599      38718,8878
13:27:44.976   1121,174      38759,2906
13:27:45.565   1121,763      38774,1372
13:27:46.084   1122,282      38782,4529
13:27:46.648   1122,846      38815,8077
13:27:47.263   1123,461      38883,4098
13:27:47.795   1123,993      38856,2029
13:27:48.334   1124,532      38891,6599
13:27:48.841   1125,039      38931,0486
13:27:49.457   1125,655      38938,8733
13:27:50.076   1126,274      39001,4945
13:27:50.629   1126,827      38985,5919
13:27:51.272   1127,470      39035,3234
13:27:51.842   1128,040      39117,8435
13:27:52.365   1128,563      39081,9064
13:27:52.937   1129,135      39091,0159
13:27:53.518   1129,716      39138,7874
13:27:54.051   1130,249      39124,0303
13:27:54.669   1130,867      39170,4798
13:27:55.196   1131,394      39211,8362
13:27:55.722   1131,920      39162,0341
13:27:56.373   1132,571      39200,2075
13:27:56.967   1133,165      39237,4293
13:27:57.482   1133,680      39165,1271
13:27:57.988   1134,186      39199,1077
13:27:58.504   1134,702      39203,9109
13:27:59.078   1135,276      39323,3067
13:27:59.641   1135,839      39237,2212
13:28:00.208   1136,406      39275,8089
13:28:00.755   1136,953      39264,3230
13:28:01.309   1137,507      39250,9374
13:28:01.825   1138,023      39219,2689
13:28:02.444   1138,642      39223,1832
13:28:03.031   1139,229      39219,5158
13:28:03.608   1139,806      39165,5167
13:28:04.163   1140,361      39228,9378
13:28:04.685   1140,883      39217,8411
13:28:05.259   1141,457      39167,4111
13:28:05.798   1141,996      39155,5114
13:28:06.381   1142,579      39125,1018
13:28:06.886   1143,084      39200,5530
13:28:07.449   1143,647      39275,7246
13:28:08.036   1144,234      39369,9058
13:28:08.558   1144,756      39373,3994
13:28:09.127   1145,325      39423,5397
13:28:09.715   1145,913      39463,2724
13:28:10.256   1146,454      39435,5028
13:28:10.830   1147,028      39492,8296
13:28:11.382   1147,580      39477,5835
13:28:12.003   1148,201      39402,3868
13:28:12.547   1148,745      39472,8492
13:28:13.091   1149,289      39464,3813
13:28:13.670   1149,868      39480,5378
13:28:14.195   1150,393      39562,9102
13:28:14.760   1150,958      39492,8084
13:28:15.285   1151,483      39540,7358
13:28:15.900   1152,098      39529,5185
13:28:16.480   1152,678      39551,0886
13:28:17.070   1153,268      39569,0441
13:28:17.579   1153,777      39512,2869
13:28:18.123   1154,321      39535,4539
13:28:18.691   1154,889      39548,0985
13:28:19.263   1155,461      39570,8071
13:28:19.829   1156,027      39541,1849
13:28:20.402   1156,600      39598,5989
13:28:20.975   1157,173      39605,7961
13:28:21.623   1157,821      39574,8260
13:28:22.170   1158,368      39573,6867
13:28:22.796   1158,994      39560,8359
13:28:23.313   1159,511      39608,7383
13:28:23.833   1160,031      39593,1410
13:28:24.426   1160,624      39608,3843
13:28:25.004   1161,202      39635,7575
13:28:25.603   1161,801      39617,8830
13:28:26.252   1162,450      39574,7940
13:28:26.772   1162,970      39570,4059
13:28:27.409   1163,607      39632,3145
13:28:27.934   1164,132      39608,3656
13:28:28.532   1164,730      39607,2959
13:28:29.103   1165,301      39627,2650
13:28:29.694   1165,892      39611,4002
13:28:30.265   1166,463      39630,4838
13:28:30.846   1167,044      39636,0355
13:28:31.421   1167,619      39647,7205
13:28:31.935   1168,133      39661,5535
13:28:32.516   1168,714      39634,0843
13:28:33.099   1169,297      39663,4315
13:28:33.664   1169,862      39629,9662
13:28:34.203   1170,401      39691,9564
13:28:34.714   1170,912      39584,3671
13:28:35.297   1171,495      39621,4870
13:28:35.893   1172,091      39620,2619
13:28:36.397   1172,595      39659,2211
13:28:36.973   1173,171      39653,3544
13:28:37.493   1173,691      39646,0545
13:28:38.063   1174,261      39658,2846
13:28:38.602   1174,800      39649,9442
13:28:39.190   1175,388      39642,9676
13:28:39.734   1175,932      39669,6873
13:28:40.294   1176,492      39672,8536
13:28:40.858   1177,056      39631,8037
13:28:41.375   1177,573      39670,7408
13:28:41.930   1178,128      39645,1365
13:28:42.472   1178,670      39670,4174
13:28:43.014   1179,212      39661,5612
13:28:43.624   1179,822      39645,4308
13:28:44.194   1180,392      39634,0763
13:28:44.736   1180,934      39632,7553
13:28:45.292   1181,490      39641,0590
13:28:45.832   1182,030      39675,4388
13:28:46.377   1182,575      39704,4412
13:28:46.947   1183,145      39688,2784
13:28:47.455   1183,653      39662,8454
13:28:47.962   1184,160      39650,8570
13:28:48.507   1184,705      39696,9737
13:28:49.073   1185,271      39593,3176
13:28:49.658   1185,856      39696,9786
13:28:50.221   1186,419      39686,0758
13:28:50.763   1186,961      39691,7346
13:28:51.298   1187,496      39685,7652
13:28:51.808   1188,006      39657,6843
13:28:52.391   1188,589      39685,5814
13:28:52.958   1189,156      39697,5080
13:28:53.532   1189,730      39677,4542
13:28:54.092   1190,290      39645,1733
13:28:54.632   1190,830      39640,8940
13:28:55.220   1191,418      39642,0621
13:28:55.768   1191,966      39662,4112
13:28:56.348   1192,546      39713,0838
13:28:56.919   1193,117      39701,0936
13:28:57.497   1193,695      39697,4050
13:28:58.119   1194,317      39679,7965
13:28:58.683   1194,881      39751,9447
13:28:59.268   1195,466      39691,7227
13:28:59.826   1196,024      39664,8612
13:29:00.392   1196,590      39636,9013
13:29:00.944   1197,142      39646,9504
13:29:01.505   1197,703      39699,8388
13:29:02.038   1198,236      39641,8095
13:29:02.615   1198,813      39559,9026
13:29:03.175   1199,373      39615,6865
13:29:03.711   1199,909      39540,6205
13:29:04.254   1200,452      39501,9000
13:29:04.754   1200,952      39437,2741
13:29:05.307   1201,505      39356,5807
13:29:05.895   1202,093      39291,0193
13:29:06.471   1202,669      39135,5689
13:29:07.015   1203,213      39033,5208
13:29:07.565   1203,763      38851,0684
13:29:08.132   1204,330      38678,0619
13:29:08.717   1204,915      38383,6895
13:29:09.299   1205,497      38155,0175
13:29:09.874   1206,072      37793,7284
13:29:10.477   1206,675      37467,5636
13:29:11.036   1207,234      37137,0623
13:29:11.550   1207,748      36798,5821
13:29:12.103   1208,301      36556,4014
13:29:12.670   1208,868      36186,5369
13:29:13.262   1209,460      35843,4989
13:29:13.823   1210,021      35447,8097
13:29:14.368   1210,566      35081,9231
13:29:14.912   1211,110      34671,5897
13:29:15.485   1211,683      34276,3495
13:29:16.048   1212,246      33869,1030
13:29:16.578   1212,776      33352,1875
13:29:17.108   1213,306      32910,8472
13:29:17.672   1213,870      32381,5158
13:29:18.239   1214,437      31813,9562
13:29:18.769   1214,967      31227,7370
13:29:19.335   1215,533      30628,2603
13:29:19.917   1216,115      29994,7445
13:29:20.492   1216,690      29318,5636
13:29:21.046   1217,244      28694,4626
13:29:21.649   1217,847      27907,5998
13:29:22.164   1218,362      27274,7669
13:29:22.702   1218,900      26579,5751
13:29:23.304   1219,502      25778,3200
13:29:23.837   1220,035      25117,0787
13:29:24.382   1220,580      24327,0291
13:29:24.921   1221,119      23598,0325
13:29:25.499   1221,697      22848,3374
13:29:26.038   1222,236      22116,6026
13:29:26.579   1222,777      21330,9639
13:29:27.130   1223,328      20618,5551
13:29:27.725   1223,923      19867,5744
13:29:28.279   1224,477      19175,9677
13:29:28.823   1225,021      18441,6217
13:29:29.347   1225,545      17766,7552
13:29:29.892   1226,090      17168,4586
13:29:30.466   1226,664      16447,5050
13:29:31.003   1227,201      15863,2491
13:29:31.552   1227,750      15224,2650
13:29:32.092   1228,290      14671,3264
13:29:32.633   1228,831      14085,3721
13:29:33.201   1229,399      13539,7972
13:29:33.707   1229,905      13063,2898
13:29:34.290   1230,488      12519,2755
13:29:34.826   1231,024      12048,4103
13:29:35.409   1231,607      11572,6796
13:29:35.977   1232,175      11141,4750
13:29:36.526   1232,724      10907,8242
13:29:37.075   1233,273      10817,2306
13:29:37.658   1233,856      10881,6351
13:29:38.208   1234,406      10999,8208
13:29:38.739   1234,937      11202,2726
13:29:39.319   1235,517      11456,9538
13:29:39.871   1236,069      11749,8804
13:29:40.413   1236,611      12068,3767
13:29:40.973   1237,171      12407,5532
13:29:41.529   1237,727      12815,0482
13:29:42.093   1238,291      13281,7059
13:29:42.633   1238,831      13689,7385
13:29:43.218   1239,416      14200,3328
13:29:43.793   1239,991      14728,8949
13:29:44.344   1240,542      15309,2267
13:29:44.886   1241,084      15856,6842
13:29:45.391   1241,589      16381,0572
13:29:45.935   1242,133      16991,0092
13:29:46.485   1242,683      17657,4727
13:29:47.036   1243,234      18293,4032
13:29:47.593   1243,791      19033,0702
13:29:48.155   1244,353      19734,5673
13:29:48.731   1244,929      20477,3630
13:29:49.285   1245,483      21200,7190
13:29:49.855   1246,053      21971,7983
13:29:50.384   1246,582      22714,1600
13:29:50.939   1247,137      23420,4902
13:29:51.520   1247,718      24233,6442
13:29:52.053   1248,251      24924,4023
13:29:52.595   1248,793      25661,7169
13:29:53.168   1249,366      26432,5975
13:29:53.670   1249,868      27133,9938
13:29:54.213   1250,411      27838,2259
13:29:54.791   1250,989      28541,6913
13:29:55.363   1251,561      29312,2243
13:29:55.904   1252,102      29941,0693
13:29:56.456   1252,654      30541,3695
13:29:57.000   1253,198      31208,9211
13:29:57.579   1253,777      31745,7038
13:29:58.121   1254,319      32270,4862
13:29:58.688   1254,886      32817,8173
13:29:59.201   1255,399      33252,2449
13:29:59.786   1255,984      33728,0412
13:30:00.292   1256,490      34158,1864
13:30:00.860   1257,058      34533,6893
13:30:01.428   1257,626      34896,5362
13:30:01.938   1258,136      35257,5057
13:30:02.484   1258,682      35598,1366
13:30:03.059   1259,257      35912,8693
13:30:03.608   1259,806      36197,4365
13:30:04.169   1260,367      36429,7653
13:30:04.732   1260,930      36746,4052
13:30:05.237   1261,435      36876,7661
13:30:05.815   1262,013      37172,1882
13:30:06.361   1262,559      37286,0422
13:30:06.899   1263,097      37498,5133
13:30:07.489   1263,687      37733,7815
13:30:08.089   1264,287      37842,3488
13:30:08.666   1264,864      37980,1457
13:30:09.223   1265,421      38113,1952
13:30:09.790   1265,988      38173,9851
13:30:10.338   1266,536      38336,4119
13:30:10.888   1267,086      38420,2390
13:30:11.436   1267,634      38462,0332
13:30:11.987   1268,185      38609,4335
13:30:12.535   1268,733      38626,1288
13:30:13.119   1269,317      38727,4575
13:30:13.623   1269,821      38763,8469
13:30:14.172   1270,370      38798,5454
13:30:14.712   1270,910      38871,0611
13:30:15.272   1271,470      38928,8595
13:30:15.827   1272,025      39026,9581
13:30:16.374   1272,572      39047,5381
13:30:16.950   1273,148      39041,4835
13:30:17.525   1273,723      39090,5998
13:30:18.058   1274,256      39096,9178
13:30:18.609   1274,807      39122,7604
13:30:19.185   1275,383      39096,8730
13:30:19.702   1275,900      39179,2173
13:30:20.234   1276,432      39211,7861
13:30:20.822   1277,020      39257,9639
13:30:21.405   1277,603      39284,1987
13:30:21.956   1278,154      39250,9534
13:30:22.547   1278,745      39330,7479
13:30:23.104   1279,302      39291,3346
13:30:23.671   1279,869      39326,6272
13:30:24.227   1280,425      39328,2397
13:30:24.774   1280,972      39359,6800
13:30:25.332   1281,530      39372,9546
13:30:25.879   1282,077      39409,9663
13:30:26.401   1282,599      39378,0521
13:30:26.940   1283,138      39403,2811
13:30:27.518   1283,716      39436,6895
13:30:28.072   1284,270      39444,1199
13:30:28.663   1284,861      39467,8697
13:30:29.169   1285,367      39449,5523
13:30:29.766   1285,964      39494,8056
13:30:30.301   1286,499      39487,3077
13:30:30.807   1287,005      39465,1231
13:30:31.381   1287,579      39448,6782
13:30:31.887   1288,085      39458,1411
13:30:32.436   1288,634      39496,8153
13:30:32.976   1289,174      39466,3349
13:30:33.534   1289,732      39521,0053
13:30:34.096   1290,294      39512,7121
13:30:34.651   1290,849      39574,5491
13:30:35.199   1291,397      39518,0437
13:30:35.758   1291,956      39517,8011
13:30:36.327   1292,525      39595,3219
13:30:36.878   1293,076      39629,1626
13:30:37.381   1293,579      39617,1891
13:30:37.930   1294,128      39549,8907
13:30:38.508   1294,706      39624,8657
13:30:39.056   1295,254      39588,5119
13:30:39.612   1295,810      39574,1315
13:30:40.149   1296,347      39613,1233
13:30:40.655   1296,853      39640,3117
13:30:41.167   1297,365      39606,6488
13:30:41.751   1297,949      39604,9268
13:30:42.308   1298,506      39608,6308
13:30:42.862   1299,060      39660,9602
13:30:43.454   1299,652      39622,5820
13:30:43.992   1300,190      39637,2900
13:30:44.579   1300,777      39615,1529
13:30:45.167   1301,365      39622,7067
13:30:45.706   1301,904      39601,7432
13:30:46.274   1302,472      39647,0937
13:30:46.833   1303,031      39716,6862
13:30:47.405   1303,603      39656,4138
13:30:47.986   1304,184      39652,1666
13:30:48.544   1304,742      39680,3736
13:30:49.097   1305,295      39629,1522
13:30:49.629   1305,827      39633,2618
13:30:50.193   1306,391      39689,2602
13:30:50.739   1306,937      39659,4206
13:30:51.310   1307,508      39657,1178
13:30:51.868   1308,066      39664,5589
13:30:52.445   1308,643      39710,8179
13:30:52.951   1309,149      39641,4842
13:30:53.539   1309,737      39669,2463
13:30:54.094   1310,292      39703,7376
13:30:54.662   1310,860      39735,7226
13:30:55.219   1311,417      39731,9899
13:30:55.798   1311,996      39689,1892
13:30:56.328   1312,526      39698,5772
13:30:56.885   1313,083      39691,6427
13:30:57.463   1313,661      39738,9607
13:30:58.026   1314,224      39713,6166
13:30:58.587   1314,785      39713,1740
13:30:59.128   1315,326      39715,7227
13:30:59.643   1315,841      39748,1466
13:31:00.199   1316,397      39748,6513
13:31:00.746   1316,944      39741,2630
13:31:01.251   1317,449      39782,0725
13:31:01.784   1317,982      39682,9449
13:31:02.319   1318,517      39729,1765
13:31:02.854   1319,052      39751,0820
13:31:03.408   1319,606      39765,8637
13:31:03.985   1320,183      39701,1856
13:31:04.530   1320,728      39763,2258
13:31:05.071   1321,269      39740,3700
13:31:05.657   1321,855      39690,9009
13:31:06.234   1322,432      39808,0402
13:31:06.811   1323,009      39725,7650
13:31:07.394   1323,592      39725,9122
13:31:07.976   1324,174      39767,2934
13:31:08.514   1324,712      39719,0869
13:31:09.060   1325,258      39732,6710
13:31:09.636   1325,834      39751,8390
13:31:10.200   1326,398      39721,4890
13:31:10.752   1326,950      39707,8643
13:31:11.327   1327,525      39720,2662
13:31:11.882   1328,080      39726,5069
13:31:12.464   1328,662      39724,2292
13:31:13.009   1329,207      39712,5545
13:31:13.573   1329,771      39705,9138
13:31:14.132   1330,330      39766,2594
13:31:14.635   1330,833      39766,4514
13:31:15.228   1331,426      39729,8628
13:31:15.789   1331,987      39770,4271
13:31:16.357   1332,555      39764,0159
13:31:16.929   1333,127      39776,6221
13:31:17.493   1333,691      39786,9911
13:31:18.032   1334,230      39758,0107
13:31:18.623   1334,821      39781,7254
13:31:19.202   1335,400      39753,1141
13:31:19.704   1335,902      39770,3243
13:31:20.233   1336,431      39802,2285
13:31:20.805   1337,003      39786,0909
13:31:21.362   1337,560      39777,2491
13:31:21.915   1338,113      39759,7516
13:31:22.474   1338,672      39711,9706
13:31:23.029   1339,227      39764,7687
13:31:23.611   1339,809      39752,0946
13:31:24.149   1340,347      39755,5983
13:31:24.689   1340,887      39793,7074
13:31:25.229   1341,427      39784,0268
13:31:25.799   1341,997      39782,1607
13:31:26.347   1342,545      39743,5025
13:31:26.894   1343,092      39746,1163
13:31:27.437   1343,635      39719,6813
13:31:27.988   1344,186      39763,8534
13:31:28.565   1344,763      39732,0525
13:31:29.109   1345,307      39752,6457
13:31:29.697   1345,895      39708,1985
13:31:30.240   1346,438      39706,5594
13:31:30.779   1346,977      39728,9177
13:31:31.378   1347,576      39658,1591
13:31:31.923   1348,121      39668,1073
13:31:32.480   1348,678      39598,1254
13:31:33.032   1349,230      39627,2033
13:31:33.588   1349,786      39600,4934
13:31:34.149   1350,347      39542,4077
13:31:34.738   1350,936      39417,6601
13:31:35.337   1351,535      39355,5812
13:31:35.899   1352,097      39283,6237
13:31:36.476   1352,674      39100,3445
13:31:37.039   1353,237      38884,8252
13:31:37.560   1353,758      38686,3081
13:31:38.132   1354,330      38533,4011
13:31:38.677   1354,875      38232,1161
13:31:39.182   1355,380      37972,3797
13:31:39.728   1355,926      37740,8470
13:31:40.263   1356,461      37499,4541
13:31:40.803   1357,001      37124,4345
13:31:41.354   1357,552      36850,2546
13:31:41.939   1358,137      36543,4712
13:31:42.508   1358,706      36202,2150
13:31:43.056   1359,254      35944,8956
13:31:43.618   1359,816      35566,8459
13:31:44.185   1360,383      35219,2557
13:31:44.737   1360,935      34850,7467
13:31:45.329   1361,527      34477,3015
13:31:45.884   1362,082      34059,9828
13:31:46.431   1362,629      33580,8743
13:31:46.969   1363,167      33099,4877
13:31:47.487   1363,685      32710,1095
13:31:48.110   1364,308      32071,5601
13:31:48.722   1364,920      31449,6786
13:31:49.249   1365,447      30907,2148
13:31:49.806   1366,004      30284,9289
13:31:50.358   1366,556      29709,8144
13:31:50.908   1367,106      28998,5948
13:31:51.515   1367,713      28327,5815
13:31:52.088   1368,286      27662,5977
13:31:52.684   1368,882      26890,9271
13:31:53.275   1369,473      26184,4730
13:31:53.856   1370,054      25428,3872
13:31:54.407   1370,605      24705,3430
13:31:54.928   1371,126      24030,9878
13:31:55.505   1371,703      23269,6314
13:31:56.080   1372,278      22473,2866
13:31:56.632   1372,830      21751,2354
13:31:57.234   1373,432      20901,0854
13:31:57.795   1373,993      20197,9670
13:31:58.371   1374,569      19464,6263
13:31:58.923   1375,121      18760,0141
13:31:59.518   1375,716      17991,1404
13:32:00.062   1376,260      17378,1367
13:32:00.679   1376,877      16650,5076
13:32:01.281   1377,479      15982,9667
13:32:01.850   1378,048      15315,1514
13:32:02.419   1378,617      14722,9213
13:32:03.016   1379,214      14120,0274
13:32:03.670   1379,868      13499,9484
13:32:04.262   1380,460      12908,4396
13:32:04.849   1381,047      12346,8039
13:32:05.465   1381,663      11860,7160
13:32:05.991   1382,189      11410,7804
13:32:06.609   1382,807      11028,6188
13:32:07.168   1383,366      10877,3323
13:32:07.757   1383,955      10855,9300
13:32:08.327   1384,525      10983,9051
13:32:08.904   1385,102      11179,1781
13:32:09.488   1385,686      11421,8103
13:32:10.085   1386,283      11733,6901
13:32:10.662   1386,860      12039,2067
13:32:11.236   1387,434      12415,3512
13:32:11.774   1387,972      12795,6125
13:32:12.357   1388,555      13280,9424
13:32:12.884   1389,082      13694,6143
13:32:13.506   1389,704      14256,5266
13:32:14.071   1390,269      14789,7208
13:32:14.655   1390,853      15373,0547
13:32:15.204   1391,402      15887,5008
13:32:15.768   1391,966      16507,1582
13:32:16.351   1392,549      17179,2421
13:32:16.903   1393,101      17848,4786
13:32:17.427   1393,625      18451,4710
13:32:17.969   1394,167      19104,6584
13:32:18.528   1394,726      19792,3368
13:32:19.125   1395,323      20603,2989
13:32:19.745   1395,943      21408,3154
13:32:20.352   1396,550      22205,6914
13:32:20.922   1397,120      22931,3664
13:32:21.554   1397,752      23877,1464
13:32:22.151   1398,349      24651,2821
13:32:22.745   1398,943      25408,9812
13:32:23.313   1399,511      26124,4611
13:32:23.859   1400,057      26893,4430
13:32:24.419   1400,617      27584,6842
13:32:25.009   1401,207      28332,4097
13:32:25.653   1401,851      29162,8871
13:32:26.213   1402,411      29780,0461
13:32:26.801   1402,999      30464,1797
13:32:27.402   1403,600      31094,8380
13:32:27.934   1404,132      31638,2961
13:32:28.534   1404,732      32213,5935
13:32:29.174   1405,372      32818,4895
13:32:29.748   1405,946      33337,5012
13:32:30.371   1406,569      33834,1274
13:32:30.961   1407,159      34258,7288
13:32:31.531   1407,729      34687,0586
13:32:32.134   1408,332      35033,1101
13:32:32.717   1408,915      35399,9192
13:32:33.299   1409,497      35768,1979
13:32:33.832   1410,030      36030,6668
13:32:34.345   1410,543      36325,4633
13:32:34.976   1411,174      36555,1674
13:32:35.572   1411,770      36835,3034
13:32:36.186   1412,384      37053,7422
13:32:36.743   1412,941      37280,4938
13:32:37.336   1413,534      37530,9924
13:32:37.916   1414,114      37641,3359
13:32:38.512   1414,710      37820,4794
13:32:39.047   1415,245      37948,2757
13:32:39.676   1415,874      38093,3413
13:32:40.200   1416,398      38218,7425
13:32:40.804   1417,002      38362,1698
13:32:41.441   1417,639      38418,2301
13:32:41.958   1418,156      38538,9674
13:32:42.542   1418,740      38678,5677
13:32:43.166   1419,364      38765,3414
13:32:43.706   1419,904      38775,9884
13:32:44.264   1420,462      38782,0019
13:32:44.803   1421,001      38892,6979
13:32:45.423   1421,621      38968,4467
13:32:46.051   1422,249      38991,2294
13:32:46.654   1422,852      39073,4045
13:32:47.241   1423,439      39134,6723
13:32:47.878   1424,076      39139,7980
13:32:48.484   1424,682      39171,4975
13:32:49.041   1425,239      39178,9787
13:32:49.609   1425,807      39219,7802
13:32:50.256   1426,454      39253,4542
13:32:50.889   1427,087      39325,1924
13:32:51.431   1427,629      39308,8546
13:32:52.038   1428,236      39339,7793
13:32:52.603   1428,801      39332,3963
13:32:53.129   1429,327      39399,2580
13:32:53.699   1429,897      39372,0284
13:32:54.206   1430,404      39388,6623
13:32:54.730   1430,928      39387,8051
13:32:55.271   1431,469      39418,8011
13:32:55.904   1432,102      39449,1542
13:32:56.479   1432,677      39472,2446
13:32:57.156   1433,354      39496,2210
13:32:57.738   1433,936      39467,8405
13:32:58.308   1434,506      39470,8766
13:32:58.920   1435,118      39476,0851
13:32:59.471   1435,669      39480,6471
13:33:00.099   1436,297      39509,2278
13:33:00.623   1436,821      39524,5631
13:33:01.148   1437,346      39525,5558
13:33:01.667   1437,865      39553,6174
13:33:02.288   1438,486      39595,0788
13:33:02.912   1439,110      39555,0561
13:33:03.531   1439,729      39597,8292
13:33:04.040   1440,238      39570,6563
13:33:04.650   1440,848      39585,6742
13:33:05.268   1441,466      39637,4535
13:33:05.834   1442,032      39598,3836
13:33:06.382   1442,580      39589,5828
13:33:06.895   1443,093      39586,0147
13:33:07.454   1443,652      39653,2857
13:33:08.058   1444,256      39686,0840
13:33:08.614   1444,812      39654,0370
13:33:09.193   1445,391      39637,4656
13:33:09.783   1445,981      39627,2532
13:33:10.340   1446,538      39691,3843
13:33:10.919   1447,117      39639,9727
13:33:11.503   1447,701      39686,2187
13:33:12.053   1448,251      39696,4443
13:33:12.597   1448,795      39686,8399
13:33:13.170   1449,368      39671,3027
13:33:13.729   1449,927      39659,2059
13:33:14.290   1450,488      39652,0868
13:33:14.836   1451,034      39723,9017
13:33:15.404   1451,602      39716,8693
13:33:15.904   1452,102      39678,6799
13:33:16.410   1452,608      39674,4552
13:33:16.949   1453,147      39726,2515
13:33:17.512   1453,710      39719,4115
13:33:18.056   1454,254      39734,9194
13:33:18.601   1454,799      39672,6232
13:33:19.152   1455,350      39732,4498
13:33:19.658   1455,856      39739,7313
13:33:20.163   1456,361      39665,4353
13:33:20.737   1456,935      39702,2393
13:33:21.328   1457,526      39710,2509
13:33:21.884   1458,082      39736,5542
13:33:22.500   1458,698      39766,6290
13:33:23.066   1459,264      39753,9408
13:33:23.605   1459,803      39761,7082
13:33:24.189   1460,387      39765,3652
13:33:24.752   1460,950      39747,3650
13:33:25.368   1461,566      39763,6337
13:33:25.949   1462,147      39760,6985
13:33:26.525   1462,723      39766,9784
13:33:27.084   1463,282      39796,2759
13:33:27.637   1463,835      39788,3543
13:33:28.190   1464,388      39761,3119
13:33:28.750   1464,948      39775,6151
13:33:29.303   1465,501      39770,1924
13:33:29.881   1466,079      39783,5888
13:33:30.443   1466,641      39769,7980
13:33:30.994   1467,192      39823,5145
13:33:31.564   1467,762      39803,0702
13:33:32.161   1468,359      39826,8657
13:33:32.733   1468,931      39813,8048
13:33:33.298   1469,496      39819,8431
13:33:33.869   1470,067      39781,3601
13:33:34.408   1470,606      39783,7976
13:33:34.965   1471,163      39791,2792
13:33:35.478   1471,676      39841,1776
13:33:36.048   1472,246      39817,6492
13:33:36.600   1472,798      39807,7734
13:33:37.157   1473,355      39822,2281
13:33:37.731   1473,929      39831,2888
13:33:38.282   1474,480      39824,0116
13:33:38.830   1475,028      39854,6443
13:33:39.395   1475,593      39884,0407
13:33:39.967   1476,165      39810,7178
13:33:40.525   1476,723      39852,1377
13:33:41.065   1477,263      39825,7014
13:33:41.627   1477,825      39802,7673
13:33:42.185   1478,383      39823,2715
13:33:42.741   1478,939      39778,0765
13:33:43.293   1479,491      39792,3681
13:33:43.854   1480,052      39809,0493
13:33:44.442   1480,640      39839,4400
13:33:44.994   1481,192      39860,5948
13:33:45.567   1481,765      39784,1095
13:33:46.145   1482,343      39789,3400
13:33:46.726   1482,924      39765,0271
13:33:47.288   1483,486      39907,2413
13:33:47.868   1484,066      39866,6225
13:33:48.385   1484,583      39855,1539
13:33:48.916   1485,114      39855,0073
13:33:49.494   1485,692      39817,6785
13:33:50.067   1486,265      39873,6924
13:33:50.647   1486,845      39861,6798
13:33:51.189   1487,387      39893,3906
13:33:51.767   1487,965      39865,0304
13:33:52.348   1488,546      39861,8226
13:33:52.918   1489,116      39857,7163
13:33:53.437   1489,635      39836,3517
13:33:53.941   1490,139      39890,1738
13:33:54.514   1490,712      39879,7756
13:33:55.059   1491,257      39872,9990
13:33:55.646   1491,844      39877,1453
13:33:56.199   1492,397      39869,7220
13:33:56.754   1492,952      39898,9663
13:33:57.315   1493,513      39876,4806
13:33:57.895   1494,093      39869,8694
13:33:58.461   1494,659      39867,5238
13:33:59.037   1495,235      39869,7356
13:33:59.592   1495,790      39883,3488
13:34:00.154   1496,352      39868,4725
13:34:00.724   1496,922      39837,1455
13:34:01.236   1497,434      39828,3595
13:34:01.740   1497,938      39845,0462
13:34:02.277   1498,475      39768,1830
13:34:02.822   1499,020      39795,8904
13:34:03.444   1499,642      39733,0731
13:34:03.970   1500,168      39662,9021
13:34:04.558   1500,756      39567,6079
13:34:05.101   1501,299      39461,2316
13:34:05.678   1501,876      39438,3099
13:34:06.247   1502,445      39231,2069
13:34:06.846   1503,044      39060,3572
13:34:07.412   1503,610      38895,4472
13:34:07.987   1504,185      38670,5458
13:34:08.526   1504,724      38471,6449
13:34:09.073   1505,271      38190,0374
13:34:09.577   1505,775      37913,6847
13:34:10.111   1506,309      37670,9011
13:34:10.698   1506,896      37381,6920
13:34:11.279   1507,477      37059,2905
13:34:11.827   1508,025      36765,1804
13:34:12.391   1508,589      36435,0847
13:34:12.940   1509,138      36144,6494
13:34:13.460   1509,658      35841,6992
13:34:13.992   1510,190      35594,6934
13:34:14.562   1510,760      35194,4187
13:34:15.127   1511,325      34775,0329
13:34:15.674   1511,872      34371,6932
13:34:16.227   1512,425      33948,4026
13:34:16.799   1512,997      33553,2877
13:34:17.319   1513,517      33096,1613
13:34:17.884   1514,082      32643,6098
13:34:18.450   1514,648      32043,8372
13:34:18.991   1515,189      31523,1339
13:34:19.577   1515,775      30933,1828
13:34:20.135   1516,333      30306,4996
13:34:20.707   1516,905      29675,9059
13:34:21.279   1517,477      29004,3221
13:34:21.815   1518,013      28372,9799
13:34:22.372   1518,570      27724,0825
13:34:22.945   1519,143      27007,8183
13:34:23.549   1519,747      26232,8684
13:34:24.124   1520,322      25434,6559
13:34:24.685   1520,883      24700,3954
13:34:25.243   1521,441      23989,4057
13:34:25.791   1521,989      23265,2941
13:34:26.305   1522,503      22616,1476
13:34:26.881   1523,079      21826,9818
13:34:27.383   1523,581      21254,4680
13:34:27.918   1524,116      20516,5184
13:34:28.470   1524,668      19784,5785
13:34:29.006   1525,204      19137,0980
13:34:29.537   1525,735      18482,9931
13:34:30.080   1526,278      17852,4885
13:34:30.623   1526,821      17215,9390
13:34:31.177   1527,375      16602,4074
13:34:31.752   1527,950      15929,5207
13:34:32.310   1528,508      15345,6724
13:34:32.877   1529,075      14729,4565
13:34:33.448   1529,646      14117,8162
13:34:33.987   1530,185      13612,2778
13:34:34.529   1530,727      13085,9985
13:34:35.034   1531,232      12606,3596
13:34:35.601   1531,799      12103,3946
13:34:36.143   1532,341      11684,3271
13:34:36.692   1532,890      11265,8251
13:34:37.195   1533,393      11026,2686
13:34:37.768   1533,966      10953,6617
13:34:38.269   1534,467      10990,3125
13:34:38.822   1535,020      11079,3977
13:34:39.340   1535,538      11281,4911
13:34:39.880   1536,078      11562,2452
13:34:40.426   1536,624      11837,4712
13:34:40.979   1537,177      12170,2419
13:34:41.540   1537,738      12528,4988
13:34:42.095   1538,293      12952,4263
13:34:42.641   1538,839      13360,2944
13:34:43.147   1539,345      13747,4568
13:34:43.699   1539,897      14276,7207
13:34:44.221   1540,419      14680,9899
13:34:44.778   1540,976      15263,0375
13:34:45.339   1541,537      15822,9459
13:34:45.956   1542,154      16534,3703
13:34:46.456   1542,654      16997,1999
13:34:46.996   1543,194      17691,9325
13:34:47.543   1543,741      18346,5117
13:34:48.044   1544,242      18939,7500
13:34:48.591   1544,789      19620,9469
13:34:49.129   1545,327      20303,6346
13:34:49.700   1545,898      21032,7795
13:34:50.263   1546,461      21757,0055
13:34:50.840   1547,038      22524,8117
13:34:51.418   1547,616      23342,2686
13:34:51.925   1548,123      23938,4472
13:34:52.460   1548,658      24721,4226
13:34:52.985   1549,183      25428,7141
13:34:53.497   1549,695      26106,4309
13:34:54.040   1550,238      26775,5004
13:34:54.608   1550,806      27519,1540
13:34:55.185   1551,383      28180,0308
13:34:55.768   1551,966      28954,1991
13:34:56.314   1552,512      29582,4263
13:34:56.875   1553,073      30184,2798
13:34:57.388   1553,586      30750,5392
13:34:57.942   1554,140      31354,2048
13:34:58.489   1554,687      31914,8649
13:34:59.030   1555,228      32463,4141
13:34:59.606   1555,804      32957,7620
13:35:00.188   1556,386      33467,3543
13:35:00.764   1556,962      33913,3999
13:35:01.340   1557,538      34319,7911
13:35:01.918   1558,116      34795,9990
13:35:02.455   1558,653      35114,6816
13:35:02.973   1559,171      35433,8697
13:35:03.542   1559,740      35769,4338
13:35:04.082   1560,280      36071,4224
13:35:04.654   1560,852      36303,8768
13:35:05.160   1561,358      36572,1871
13:35:05.743   1561,941      36880,7696
13:35:06.315   1562,513      37119,3991
13:35:06.855   1563,053      37285,4046
13:35:07.442   1563,640      37480,3769
13:35:08.000   1564,198      37659,7125
13:35:08.581   1564,779      37840,0090
13:35:09.180   1565,378      37983,0434
13:35:09.730   1565,928      38130,7675
13:35:10.298   1566,496      38238,7973
13:35:10.839   1567,037      38356,8214
13:35:11.363   1567,561      38424,3516
13:35:11.913   1568,111      38575,5527
13:35:12.477   1568,675      38660,2299
13:35:13.016   1569,214      38804,5374
13:35:13.592   1569,790      38796,7387
13:35:14.139   1570,337      38903,4623
13:35:14.731   1570,929      38995,6386
13:35:15.292   1571,490      38988,2438
13:35:15.805   1572,003      39041,5851
13:35:16.366   1572,564      39091,7231
13:35:16.915   1573,113      39147,1311
13:35:17.520   1573,718      39151,2984
13:35:18.072   1574,270      39216,5609
13:35:18.657   1574,855      39226,0944
13:35:19.220   1575,418      39370,1340
13:35:19.769   1575,967      39265,8363
13:35:20.359   1576,557      39378,6953
13:35:20.894   1577,092      39414,7205
13:35:21.450   1577,648      39352,6303
13:35:21.961   1578,159      39380,2609
13:35:22.528   1578,726      39445,2777
13:35:23.112   1579,310      39474,4061
13:35:23.646   1579,844      39436,9752
13:35:24.211   1580,409      39470,7839
13:35:24.712   1580,910      39472,8054
13:35:25.289   1581,487      39504,1033
13:35:25.838   1582,036      39503,9758
13:35:26.402   1582,600      39499,5636
13:35:26.975   1583,173      39549,2105
13:35:27.485   1583,683      39492,9232
13:35:28.051   1584,249      39544,1418
13:35:28.620   1584,818      39583,4065
13:35:29.184   1585,382      39558,6984
13:35:29.735   1585,933      39602,3067
13:35:30.269   1586,467      39563,3325
13:35:30.839   1587,037      39620,8760
13:35:31.438   1587,636      39645,6517
13:35:31.998   1588,196      39650,4733
13:35:32.550   1588,748      39651,3873
13:35:33.115   1589,313      39649,3210
13:35:33.674   1589,872      39724,4533
13:35:34.237   1590,435      39652,1192
13:35:34.784   1590,982      39622,4592
13:35:35.338   1591,536      39705,2512
13:35:35.907   1592,105      39714,3275
13:35:36.488   1592,686      39715,3539
13:35:37.068   1593,266      39718,3298
13:35:37.646   1593,844      39683,2165
13:35:38.196   1594,394      39752,9078
13:35:38.762   1594,960      39709,7849
13:35:39.280   1595,478      39739,4520
13:35:39.853   1596,051      39791,1617
13:35:40.401   1596,599      39781,3065
13:35:40.958   1597,156      39729,5921
13:35:41.539   1597,737      39773,2962
13:35:42.125   1598,323      39791,8658
13:35:42.707   1598,905      39758,7752
13:35:43.266   1599,464      39778,8174
13:35:43.771   1599,969      39807,1980
13:35:44.326   1600,524      39738,7412
13:35:44.863   1601,061      39735,9267
13:35:45.418   1601,616      39806,0648
13:35:45.979   1602,177      39774,2145
13:35:46.524   1602,722      39772,8908
13:35:47.083   1603,281      39779,9302
13:35:47.671   1603,869      39789,9460
13:35:48.219   1604,417      39779,0813
13:35:48.774   1604,972      39775,3732
13:35:49.340   1605,538      39796,1464
13:35:49.888   1606,086      39797,2661
13:35:50.461   1606,659      39807,6100
13:35:51.052   1607,250      39814,5510
13:35:51.657   1607,855      39797,3199
13:35:52.230   1608,428      39894,3579
13:35:52.778   1608,976      39833,9054
13:35:53.356   1609,554      39865,5947
13:35:53.872   1610,070      39834,4347
13:35:54.421   1610,619      39838,1223
13:35:55.013   1611,211      39867,9635
13:35:55.583   1611,781      39877,4932
13:35:56.156   1612,354      39843,4375
13:35:56.711   1612,909      39859,2394
13:35:57.274   1613,472      39901,4765
13:35:57.844   1614,042      39829,4231
13:35:58.383   1614,581      39886,3882
13:35:58.925   1615,123      39913,6459
13:35:59.529   1615,727      39907,3185
13:36:00.089   1616,287      39876,8855
13:36:00.643   1616,841      39884,6417
13:36:01.229   1617,427      39860,8306
13:36:01.777   1617,975      39920,5696
13:36:02.371   1618,569      39905,1079
13:36:02.915   1619,113      39918,8619
13:36:03.470   1619,668      39881,8410
13:36:04.054   1620,252      39899,8181
13:36:04.639   1620,837      39924,3290
13:36:05.220   1621,418      39912,3564
13:36:05.779   1621,977      39909,3779
13:36:06.372   1622,570      39912,1133
13:36:06.912   1623,110      39886,7893
13:36:07.417   1623,615      39868,3240
13:36:07.987   1624,185      39877,6814
13:36:08.543   1624,741      39951,0719
13:36:09.102   1625,300      39857,4270
13:36:09.632   1625,830      39897,8998
13:36:10.196   1626,394      39893,0079
13:36:10.734   1626,932      39962,1549
13:36:11.325   1627,523      39895,6176
13:36:11.864   1628,062      39904,5273
13:36:12.364   1628,562      39882,6484
13:36:12.966   1629,164      39901,5133
13:36:13.474   1629,672      39956,5101
13:36:14.082   1630,280      39888,8698
13:36:14.637   1630,835      39884,5828
13:36:15.210   1631,408      39920,8933
13:36:15.753   1631,951      39956,6385
13:36:16.295   1632,493      39866,2125
13:36:16.835   1633,033      39936,2099
13:36:17.406   1633,604      39941,5008
13:36:17.954   1634,152      39907,4338
13:36:18.521   1634,719      39945,3344
13:36:19.027   1635,225      39897,8422
13:36:19.529   1635,727      39926,9826
13:36:20.106   1636,304      39990,4680
13:36:20.649   1636,847      39955,1065
13:36:21.207   1637,405      39935,4751
13:36:21.722   1637,920      39880,0315
13:36:22.256   1638,454      39940,1550
13:36:22.804   1639,002      39899,8259
13:36:23.309   1639,507      39907,7638
13:36:23.853   1640,051      39890,5785
13:36:24.426   1640,624      39880,4962
13:36:24.988   1641,186      39921,8931
13:36:25.555   1641,753      39901,8706
13:36:26.107   1642,305      39879,2118
13:36:26.681   1642,879      39936,7836
13:36:27.253   1643,451      39861,8692
13:36:27.807   1644,005      39861,5691
13:36:28.360   1644,558      39861,7075
13:36:28.958   1645,156      39848,7865
13:36:29.507   1645,705      39839,2604
13:36:30.058   1646,256      39846,6042
13:36:30.564   1646,762      39837,2088
13:36:31.134   1647,332      39833,3073
13:36:31.696   1647,894      39806,1816
13:36:32.280   1648,478      39779,4539
13:36:32.780   1648,978      39763,4230
13:36:33.336   1649,534      39744,9959
13:36:33.836   1650,034      39649,8287
13:36:34.411   1650,609      39586,0783
13:36:34.981   1651,179      39505,9121
13:36:35.530   1651,728      39420,8527
13:36:36.113   1652,311      39286,8439
13:36:36.667   1652,865      39083,4673
13:36:37.250   1653,448      38931,4488
13:36:37.755   1653,953      38803,5241
13:36:38.315   1654,513      38549,6545
13:36:38.887   1655,085      38296,4690
13:36:39.396   1655,594      38037,2991
13:36:39.966   1656,164      37756,3132
13:36:40.538   1656,736      37490,4477
13:36:41.083   1657,281      37203,2984
13:36:41.674   1657,872      36954,6205
13:36:42.240   1658,438      36594,1971
13:36:42.748   1658,946      36388,3378
13:36:43.293   1659,491      36019,4225
13:36:43.854   1660,052      35747,1637
13:36:44.388   1660,586      35423,9697
13:36:44.951   1661,149      35056,2848
13:36:45.465   1661,663      34728,6005
13:36:46.005   1662,203      34281,9403
13:36:46.561   1662,759      33879,6954
13:36:47.127   1663,325      33403,2367
13:36:47.668   1663,866      32941,4348
13:36:48.234   1664,432      32477,2094
13:36:48.789   1664,987      31919,1696
13:36:49.361   1665,559      31417,4960
13:36:49.939   1666,137      30895,5710
13:36:50.463   1666,661      30204,7150
13:36:51.025   1667,223      29593,1416
13:36:51.611   1667,809      29002,3171
13:36:52.150   1668,348      28328,8323
13:36:52.693   1668,891      27713,2358
13:36:53.278   1669,476      26947,0397
13:36:53.787   1669,985      26327,1121
13:36:54.359   1670,557      25576,8326
13:36:54.906   1671,104      24902,5981
13:36:55.467   1671,665      24232,1376
13:36:56.017   1672,215      23497,9853
13:36:56.603   1672,801      22716,0768
13:36:57.127   1673,325      22066,8197
13:36:57.716   1673,914      21296,4612
13:36:58.315   1674,513      20575,5346
13:36:58.900   1675,098      19766,3794
13:36:59.490   1675,688      19052,7353
13:37:00.037   1676,235      18387,9668
13:37:00.622   1676,820      17683,4015
13:37:01.167   1677,365      16997,6532
13:37:01.720   1677,918      16404,6692
13:37:02.266   1678,464      15787,3133
13:37:02.820   1679,018      15187,8233
13:37:03.381   1679,579      14611,5274
13:37:03.925   1680,123      14060,9417
13:37:04.498   1680,696      13519,5265
13:37:05.068   1681,266      13010,5310
13:37:05.643   1681,841      12506,3570
13:37:06.216   1682,414      11983,4914
13:37:06.770   1682,968      11544,9846
13:37:07.342   1683,540      11147,4533
13:37:07.922   1684,120      11014,5418
13:37:08.489   1684,687      11001,3670
13:37:09.059   1685,257      11148,2514
13:37:09.642   1685,840      11354,1174
13:37:10.207   1686,405      11568,2164
13:37:10.746   1686,944      11871,9800
13:37:11.316   1687,514      12225,1218
13:37:11.885   1688,083      12570,3911
13:37:12.423   1688,621      13004,2727
13:37:12.985   1689,183      13456,8186
13:37:13.503   1689,701      13843,3599
13:37:14.080   1690,278      14378,4297
13:37:14.627   1690,825      14881,6254
13:37:15.192   1691,390      15403,7281
13:37:15.752   1691,950      16002,1206
13:37:16.294   1692,492      16580,3493
13:37:16.835   1693,033      17170,5548
13:37:17.355   1693,553      17804,1740
13:37:17.900   1694,098      18442,5969
13:37:18.471   1694,669      19097,1476
13:37:18.990   1695,188      19743,9425
13:37:19.563   1695,761      20485,1444
13:37:20.137   1696,335      21229,9071
13:37:20.677   1696,875      21928,3589
13:37:21.192   1697,390      22546,4738
13:37:21.745   1697,943      23338,6190
13:37:22.277   1698,475      24059,8249
13:37:22.837   1699,035      24749,5397
13:37:23.402   1699,600      25515,7896
13:37:23.977   1700,175      26228,7045
13:37:24.545   1700,743      26976,1298
13:37:25.098   1701,296      27665,9963
13:37:25.623   1701,821      28291,6441
13:37:26.171   1702,369      29042,8416
13:37:26.704   1702,902      29601,4785
13:37:27.256   1703,454      30236,9691
13:37:27.818   1704,016      30837,7225
13:37:28.383   1704,581      31389,8841
13:37:28.935   1705,133      31965,0668
13:37:29.524   1705,722      32510,1449
13:37:30.096   1706,294      32922,5903
13:37:30.641   1706,839      33359,6846
13:37:31.160   1707,358      33698,1637
13:37:31.746   1707,944      34221,5062
13:37:32.317   1708,515      34615,7965
13:37:32.860   1709,058      34965,1067
13:37:33.377   1709,575      35286,2208
13:37:33.945   1710,143      35621,8125
13:37:34.479   1710,677      36017,5754
13:37:34.989   1711,187      36255,7901
13:37:35.584   1711,782      36563,1489
13:37:36.131   1712,329      36851,3494
13:37:36.695   1712,893      36995,4858
13:37:37.284   1713,482      37241,0572
13:37:37.867   1714,065      37462,0706
13:37:38.401   1714,599      37658,1445
13:37:38.973   1715,171      37807,5348
13:37:39.519   1715,717      37971,8461
13:37:40.063   1716,261      38075,7695
13:37:40.625   1716,823      38294,3363
13:37:41.197   1717,395      38361,7110
13:37:41.767   1717,965      38504,3411
13:37:42.338   1718,536      38575,8831
13:37:42.876   1719,074      38647,2134
13:37:43.378   1719,576      38684,9620
13:37:43.911   1720,109      38796,1546
13:37:44.467   1720,665      38891,6597
13:37:45.013   1721,211      38885,9482
13:37:45.547   1721,745      38952,6752
13:37:46.053   1722,251      39068,3285
13:37:46.618   1722,816      39089,8733
13:37:47.178   1723,376      39106,0093
13:37:47.735   1723,933      39184,2784
13:37:48.329   1724,527      39223,3646
13:37:48.881   1725,079      39244,0832
13:37:49.452   1725,650      39305,0054
13:37:50.016   1726,214      39299,2035
13:37:50.561   1726,759      39410,1663
13:37:51.122   1727,320      39361,3682
13:37:51.682   1727,880      39381,0698
13:37:52.240   1728,438      39355,2310
13:37:52.821   1729,019      39411,2653
13:37:53.321   1729,519      39391,9060
13:37:53.889   1730,087      39399,0906
13:37:54.427   1730,625      39461,8412
13:37:54.993   1731,191      39502,4927
13:37:55.541   1731,739      39468,7942
13:37:56.118   1732,316      39483,5191
13:37:56.691   1732,889      39578,3974
13:37:57.273   1733,471      39553,8358
13:37:57.784   1733,982      39577,1195
13:37:58.353   1734,551      39567,7553
13:37:58.927   1735,125      39602,0035
13:37:59.483   1735,681      39632,5490
13:38:00.072   1736,270      39608,4947
13:38:00.658   1736,856      39607,2276
13:38:01.232   1737,430      39637,5071
13:38:01.788   1737,986      39648,5238
13:38:02.372   1738,570      39620,9054
13:38:02.929   1739,127      39652,2562
13:38:03.517   1739,715      39669,1292
13:38:04.073   1740,271      39694,7367
13:38:04.656   1740,854      39683,3914
13:38:05.228   1741,426      39701,6799
13:38:05.767   1741,965      39800,5134
13:38:06.340   1742,538      39690,0679
13:38:06.901   1743,099      39748,9359
13:38:07.408   1743,606      39756,9061
13:38:07.988   1744,186      39735,9419
13:38:08.533   1744,731      39768,4146
13:38:09.074   1745,272      39762,9137
13:38:09.645   1745,843      39758,5991
13:38:10.266   1746,464      39788,7965
13:38:10.814   1747,012      39771,5170
13:38:11.371   1747,569      39729,0126
13:38:11.926   1748,124      39757,4725
13:38:12.494   1748,692      39782,7390
13:38:13.027   1749,225      39768,8787
13:38:13.593   1749,791      39876,8215
13:38:14.160   1750,358      39777,9043
13:38:14.739   1750,937      39825,8642
13:38:15.300   1751,498      39841,5850
13:38:15.874   1752,072      39827,0877
13:38:16.413   1752,611      39792,8577
13:38:16.970   1753,168      39780,1518
13:38:17.504   1753,702      39820,0488
13:38:18.038   1754,236      39876,2386
13:38:18.608   1754,806      39757,6298
13:38:19.159   1755,357      39843,5155
13:38:19.747   1755,945      39835,7854
13:38:20.293   1756,491      39846,5435
13:38:20.856   1757,054      39891,5631
13:38:21.407   1757,605      39871,4985
13:38:21.916   1758,114      39846,3946
13:38:22.458   1758,656      39806,1044
13:38:23.001   1759,199      39832,5608
13:38:23.506   1759,704      39867,9787
13:38:24.049   1760,247      39856,1187
13:38:24.610   1760,808      39867,1862
13:38:25.183   1761,381      39859,8968
13:38:25.776   1761,974      39826,7902
13:38:26.325   1762,523      39880,5198
13:38:26.893   1763,091      39891,3331
13:38:27.415   1763,613      39813,3299
13:38:27.988   1764,186      39906,5893
13:38:28.587   1764,785      39925,0457
13:38:29.152   1765,350      39886,6290
13:38:29.703   1765,901      39870,1252
13:38:30.253   1766,451      39829,5088
13:38:30.808   1767,006      39897,4011
13:38:31.324   1767,522      39841,8721
13:38:31.825   1768,023      39916,4285
13:38:32.377   1768,575      39860,8027
13:38:32.953   1769,151      39919,0210
13:38:33.497   1769,695      39917,5968
13:38:34.087   1770,285      39820,4177
13:38:34.624   1770,822      39790,8364
13:38:35.207   1771,405      39852,6595
13:38:35.725   1771,923      39846,9328
13:38:36.272   1772,470      39865,5891
13:38:36.838   1773,036      39846,3329
13:38:37.392   1773,590      39870,0054
13:38:37.949   1774,147      39858,3570
13:38:38.479   1774,677      39834,8322
13:38:39.023   1775,221      39856,6574
13:38:39.587   1775,785      39877,5636
13:38:40.181   1776,379      39827,0405
13:38:40.737   1776,935      39753,0068
13:38:41.301   1777,499      39863,4215
13:38:41.881   1778,079      39830,4648
13:38:42.439   1778,637      39801,5221
13:38:42.985   1779,183      39795,6467
13:38:43.536   1779,734      39798,5675
13:38:44.103   1780,301      39799,2012
13:38:44.669   1780,867      39804,9538
13:38:45.210   1781,408      39845,2115
13:38:45.780   1781,978      39858,5551
13:38:46.323   1782,521      39826,8982
13:38:46.873   1783,071      39818,5265
13:38:47.441   1783,639      39764,8694
13:38:48.010   1784,208      39801,1770
13:38:48.580   1784,778      39792,5770
13:38:49.195   1785,393      39788,7772
13:38:49.750   1785,948      39817,3336
13:38:50.317   1786,515      39810,4508
13:38:50.862   1787,060      39826,5515
13:38:51.457   1787,655      39760,9097
13:38:51.960   1788,158      39827,1453
13:38:52.494   1788,692      39790,8637
13:38:53.047   1789,245      39729,6373
13:38:53.594   1789,792      39765,5066
13:38:54.132   1790,330      39737,1656
13:38:54.693   1790,891      39776,0787
13:38:55.196   1791,394      39797,2653
13:38:55.818   1792,016      39725,5736
13:38:56.323   1792,521      39744,6866
13:38:56.891   1793,089      39713,3696
13:38:57.448   1793,646      39708,0070
13:38:57.963   1794,161      39735,3008
13:38:58.505   1794,703      39734,4308
13:38:59.042   1795,240      39784,2554
13:38:59.554   1795,752      39731,7843
13:39:00.056   1796,254      39745,9317
13:39:00.602   1796,800      39755,5918
13:39:01.193   1797,391      39706,8799
13:39:01.753   1797,951      39705,0319
13:39:02.345   1798,543      39678,7128
13:39:02.898   1799,096      39596,0461
13:39:03.465   1799,663      39598,7251
13:39:04.002   1800,200      39526,4036
13:39:04.562   1800,760      39443,3055
13:39:05.125   1801,323      39296,7104
13:39:05.708   1801,906      39235,7851
13:39:06.289   1802,487      39059,2783
13:39:06.848   1803,046      38958,6621
13:39:07.349   1803,547      38877,5205
13:39:07.928   1804,126      38608,9152
13:39:08.501   1804,699      38318,6555
13:39:09.046   1805,244      38102,2399
13:39:09.552   1805,750      37919,3282
13:39:10.100   1806,298      37633,0784
13:39:10.690   1806,888      37326,0319
13:39:11.240   1807,438      37066,5401
13:39:11.823   1808,021      36742,0633
13:39:12.392   1808,590      36518,8332
13:39:12.958   1809,156      36160,5400
13:39:13.533   1809,731      35794,5796
13:39:14.068   1810,266      35555,5737
13:39:14.640   1810,838      35210,8053
13:39:15.197   1811,395      34888,0678
13:39:15.753   1811,951      34531,8069
13:39:16.351   1812,549      34082,8305
13:39:16.899   1813,097      33712,2971
13:39:17.410   1813,608      33258,9173
13:39:17.964   1814,162      32836,5937
13:39:18.543   1814,741      32316,4301
13:39:19.048   1815,246      31830,8941
13:39:19.618   1815,816      31311,9872
13:39:20.161   1816,359      30704,7474
13:39:20.706   1816,904      30178,9562
13:39:21.298   1817,496      29579,8421
13:39:21.848   1818,046      28943,0619
13:39:22.444   1818,642      28261,9581
13:39:23.003   1819,201      27584,5151
13:39:23.559   1819,757      26913,8736
13:39:24.115   1820,313      26238,1023
13:39:24.664   1820,862      25526,1753
13:39:25.219   1821,417      24863,4048
13:39:25.819   1822,017      24083,1054
13:39:26.366   1822,564      23398,8360
13:39:26.943   1823,141      22683,3827
13:39:27.520   1823,718      21922,1525
13:39:28.063   1824,261      21187,0003
13:39:28.623   1824,821      20531,8834
13:39:29.185   1825,383      19837,6493
13:39:29.723   1825,921      19163,3142
13:39:30.273   1826,471      18503,8964
13:39:30.820   1827,018      17830,6879
13:39:31.391   1827,589      17167,9406
13:39:31.952   1828,150      16516,5003
13:39:32.505   1828,703      15922,6787
13:39:33.039   1829,237      15375,7853
13:39:33.596   1829,794      14763,7519
13:39:34.101   1830,299      14266,7316
13:39:34.658   1830,856      13729,0897
13:39:35.222   1831,420      13229,8110
13:39:35.793   1831,991      12676,2260
13:39:36.336   1832,534      12185,7645
13:39:36.896   1833,094      11743,1927
13:39:37.459   1833,657      11302,4589
13:39:38.007   1834,205      11097,7883
13:39:38.545   1834,743      11002,9226
13:39:39.087   1835,285      11061,3643
13:39:39.670   1835,868      11221,5779
13:39:40.210   1836,408      11465,1026
13:39:40.746   1836,944      11706,3969
13:39:41.250   1837,448      11986,1923
13:39:41.833   1838,031      12331,8546
13:39:42.399   1838,597      12735,3665
13:39:42.944   1839,142      13128,8456
13:39:43.510   1839,708      13625,5600
13:39:44.078   1840,276      14067,6196
13:39:44.629   1840,827      14565,3342
13:39:45.240   1841,438      15165,1807
13:39:45.809   1842,007      15724,8646
13:39:46.372   1842,570      16346,1701
13:39:46.924   1843,122      16906,5441
13:39:47.431   1843,629      17471,4787
13:39:47.996   1844,194      18102,5659
13:39:48.534   1844,732      18756,0561
13:39:49.104   1845,302      19495,2710
13:39:49.633   1845,831      20146,1509
13:39:50.181   1846,379      20839,8615
13:39:50.759   1846,957      21615,1764
13:39:51.277   1847,475      22170,3872
13:39:51.780   1847,978      22885,3958
13:39:52.334   1848,532      23626,0386
13:39:52.896   1849,094      24344,6523
13:39:53.405   1849,603      24955,1990
13:39:53.984   1850,182      25727,4900
13:39:54.550   1850,748      26486,9796
13:39:55.098   1851,296      27128,9504
13:39:55.615   1851,813      27772,3637
13:39:56.160   1852,358      28458,1899
13:39:56.719   1852,917      29090,8922
13:39:57.304   1853,502      29768,9182
13:39:57.873   1854,071      30382,1128
13:39:58.446   1854,644      30964,4366
13:39:59.014   1855,212      31499,5240
13:39:59.572   1855,770      32046,7928
13:40:00.187   1856,385      32589,2567
13:40:00.727   1856,925      33124,7649
13:40:01.334   1857,532      33602,4880
13:40:01.903   1858,101      33962,4305
13:40:02.469   1858,667      34421,1607
13:40:03.030   1859,228      34775,5768
13:40:03.535   1859,733      35132,6945
13:40:04.104   1860,302      35446,0399
13:40:04.643   1860,841      35790,8819
13:40:05.202   1861,400      35995,7386
13:40:05.765   1861,963      36269,7448
13:40:06.285   1862,483      36552,4459
13:40:06.812   1863,010      36815,3620
13:40:07.315   1863,513      37027,1827
13:40:07.858   1864,056      37201,9911
13:40:08.403   1864,601      37376,3443
13:40:08.972   1865,170      37534,9142
13:40:09.555   1865,753      37771,9614
13:40:10.140   1866,338      37955,4334
13:40:10.688   1866,886      38023,4230
13:40:11.245   1867,443      38130,6633
13:40:11.817   1868,015      38338,2075
13:40:12.392   1868,590      38438,4386
13:40:12.959   1869,157      38465,2994
13:40:13.537   1869,735      38583,3484
13:40:14.053   1870,251      38695,8797
13:40:14.626   1870,824      38799,1440
13:40:15.194   1871,392      38877,4533
13:40:15.753   1871,951      38936,7423
13:40:16.330   1872,528      38941,6152
13:40:16.859   1873,057      39018,6245
13:40:17.417   1873,615      39028,5927
13:40:17.943   1874,141      39117,9431
13:40:18.512   1874,710      39155,7307
13:40:19.066   1875,264      39165,3036
13:40:19.631   1875,829      39214,5765
13:40:20.209   1876,407      39209,3701
13:40:20.770   1876,968      39150,5858
13:40:21.338   1877,536      39244,2635
13:40:21.886   1878,084      39315,0148
13:40:22.449   1878,647      39307,1645
13:40:22.986   1879,184      39339,3647
13:40:23.548   1879,746      39377,5166
13:40:24.135   1880,333      39370,1492
13:40:24.723   1880,921      39446,4634
13:40:25.338   1881,536      39411,3776
13:40:25.899   1882,097      39455,7980
13:40:26.461   1882,659      39495,3462
13:40:27.014   1883,212      39528,6291
13:40:27.558   1883,756      39486,7310
13:40:28.125   1884,323      39470,8319
13:40:28.668   1884,866      39542,3778
13:40:29.225   1885,423      39473,5207
13:40:29.767   1885,965      39509,0832
13:40:30.302   1886,500      39542,2454
13:40:30.880   1887,078      39562,3117
13:40:31.383   1887,581      39545,7728
13:40:31.967   1888,165      39570,4317
13:40:32.484   1888,682      39557,4670
13:40:33.019   1889,217      39565,6127
13:40:33.602   1889,800      39617,7313
13:40:34.156   1890,354      39603,8712
13:40:34.657   1890,855      39609,9309
13:40:35.233   1891,431      39632,8394
13:40:35.797   1891,995      39649,6889
13:40:36.384   1892,582      39623,5668
13:40:36.945   1893,143      39579,7574
13:40:37.449   1893,647      39609,5740
13:40:38.000   1894,198      39649,0979
13:40:38.557   1894,755      39653,3890
13:40:39.124   1895,322      39717,1390
13:40:39.690   1895,888      39628,2221
13:40:40.204   1896,402      39720,9312
13:40:40.757   1896,955      39659,8702
13:40:41.341   1897,539      39688,2973
13:40:41.881   1898,079      39720,6271
13:40:42.438   1898,636      39732,0176
13:40:42.974   1899,172      39701,8070
13:40:43.561   1899,759      39702,2063
13:40:44.135   1900,333      39737,8982
13:40:44.677   1900,875      39732,6799
13:40:45.277   1901,475      39724,9176
13:40:45.904   1902,102      39742,0437
13:40:46.486   1902,684      39750,8616
13:40:47.038   1903,236      39760,0473
13:40:47.607   1903,805      39733,6590
13:40:48.149   1904,347      39726,9660
13:40:48.695   1904,893      39776,9032
13:40:49.290   1905,488      39740,9805
13:40:49.837   1906,035      39780,5048
13:40:50.365   1906,563      39800,9025
13:40:50.961   1907,159      39796,8594
13:40:51.479   1907,677      39792,9507
13:40:51.990   1908,188      39762,3053
13:40:52.539   1908,737      39720,8997
13:40:53.096   1909,294      39773,7111
13:40:53.639   1909,837      39738,3803
13:40:54.194   1910,392      39803,0656
13:40:54.741   1910,939      39785,6922
13:40:55.300   1911,498      39765,5050
13:40:55.845   1912,043      39754,4594
13:40:56.394   1912,592      39825,2963
13:40:56.930   1913,128      39773,9454
13:40:57.473   1913,671      39752,6019
13:40:58.032   1914,230      39792,1158
13:40:58.602   1914,800      39783,7614
13:40:59.169   1915,367      39850,3472
13:40:59.753   1915,951      39777,8665
13:41:00.306   1916,504      39795,9913
13:41:00.868   1917,066      39769,3234
13:41:01.434   1917,632      39784,5768
13:41:01.985   1918,183      39783,0595
13:41:02.555   1918,753      39893,4086
13:41:03.132   1919,330      39831,8501
13:41:03.720   1919,918      39833,7791
13:41:04.263   1920,461      39808,9667
13:41:04.768   1920,966      39793,1732
13:41:05.279   1921,477      39834,0848
13:41:05.821   1922,019      39791,3356
13:41:06.357   1922,555      39814,2967
13:41:06.901   1923,099      39837,1010
13:41:07.476   1923,674      39828,6093
13:41:08.016   1924,214      39818,4186
13:41:08.584   1924,782      39865,5254
13:41:09.115   1925,313      39833,2514
13:41:09.689   1925,887      39801,4628
13:41:10.236   1926,434      39853,2564
13:41:10.776   1926,974      39855,8600
13:41:11.354   1927,552      39822,6983
13:41:11.893   1928,091      39810,9199
13:41:12.461   1928,659      39857,7648
13:41:13.040   1929,238      39838,0535
13:41:13.588   1929,786      39794,6725
13:41:14.096   1930,294      39862,0514
13:41:14.645   1930,843      39868,2006
13:41:15.224   1931,422      39796,7767
13:41:15.802   1932,000      39798,0185
13:41:16.342   1932,540      39812,3667
13:41:16.887   1933,085      39862,5076
13:41:17.433   1933,631      39778,7775
13:41:17.979   1934,177      39782,2356
13:41:18.527   1934,725      39812,0426
13:41:19.121   1935,319      39808,2001
13:41:19.640   1935,838      39841,7929
13:41:20.197   1936,395      39798,4209
13:41:20.761   1936,959      39810,3378
13:41:21.335   1937,533      39898,4255
13:41:21.885   1938,083      39799,9098
13:41:22.442   1938,640      39865,4264
13:41:22.949   1939,147      39845,5053
13:41:23.480   1939,678      39874,7636
13:41:24.018   1940,216      39833,9086
13:41:24.624   1940,822      39823,2256
13:41:25.177   1941,375      39799,7411
13:41:25.755   1941,953      39801,1862
13:41:26.312   1942,510      39876,1358
13:41:26.849   1943,047      39813,9070
13:41:27.425   1943,623      39843,6058
13:41:28.007   1944,205      39823,1612
13:41:28.544   1944,742      39821,5652
13:41:29.076   1945,274      39819,7440
13:41:29.671   1945,869      39797,5117
13:41:30.242   1946,440      39803,0591
13:41:30.783   1946,981      39758,2070
13:41:31.291   1947,489      39766,2449
13:41:31.846   1948,044      39743,3228
13:41:32.406   1948,604      39721,8520
13:41:32.969   1949,167      39709,1417
13:41:33.582   1949,780      39623,4668
13:41:34.145   1950,343      39585,4796
13:41:34.690   1950,888      39489,0177
13:41:35.191   1951,389      39423,7281
13:41:35.741   1951,939      39266,8905
13:41:36.306   1952,504      39170,3591
13:41:36.831   1953,029      39028,6560
13:41:37.389   1953,587      38905,5610
13:41:37.950   1954,148      38694,3496
13:41:38.526   1954,724      38496,2937
13:41:39.099   1955,297      38254,7990
13:41:39.637   1955,835      38021,6768
13:41:40.137   1956,335      37746,0070
13:41:40.709   1956,907      37498,5811
13:41:41.304   1957,502      37228,5939
13:41:41.857   1958,055      36884,8442
13:41:42.403   1958,601      36675,1820
13:41:43.017   1959,215      36368,9189
13:41:43.577   1959,775      35970,7687
13:41:44.133   1960,331      35692,7821
13:41:44.667   1960,865      35384,1122
13:41:45.173   1961,371      35104,9840
13:41:45.780   1961,978      34758,3242
13:41:46.339   1962,537      34308,8457
13:41:46.882   1963,080      33935,8446
13:41:47.384   1963,582      33571,9496
13:41:47.962   1964,160      33071,8941
13:41:48.487   1964,685      32688,1163
13:41:49.057   1965,255      32178,4645
13:41:49.655   1965,853      31612,7902
13:41:50.184   1966,382      31102,8273
13:41:50.746   1966,944      30490,3056
13:41:51.350   1967,548      29913,4457
13:41:51.915   1968,113      29216,0748
13:41:52.468   1968,666      28627,9428
13:41:53.014   1969,212      28034,3846
13:41:53.589   1969,787      27337,7136
13:41:54.127   1970,325      26662,3202
13:41:54.722   1970,920      25975,5789
13:41:55.275   1971,473      25228,6207
13:41:55.860   1972,058      24524,2695
13:41:56.407   1972,605      23842,5466
13:41:56.969   1973,167      23168,5964
13:41:57.520   1973,718      22429,2847
13:41:58.079   1974,277      21730,7852
13:41:58.629   1974,827      21009,4857
13:41:59.130   1975,328      20392,2246
13:41:59.712   1975,910      19678,8745
13:42:00.213   1976,411      19056,8851
13:42:00.752   1976,950      18387,8355
13:42:01.260   1977,458      17878,0568
13:42:01.837   1978,035      17163,1867
13:42:02.396   1978,594      16513,1906
13:42:02.968   1979,166      15899,1273
13:42:03.521   1979,719      15327,2758
13:42:04.071   1980,269      14754,4384
13:42:04.611   1980,809      14165,7775
13:42:05.197   1981,395      13651,5621
13:42:05.711   1981,909      13185,7470
13:42:06.266   1982,464      12672,4993
13:42:06.811   1983,009      12224,3847
13:42:07.368   1983,566      11726,7749
13:42:07.876   1984,074      11376,5620
13:42:08.426   1984,624      11152,9317
13:42:09.004   1985,202      11082,2174
13:42:09.568   1985,766      11185,0987
13:42:10.128   1986,326      11339,6529
13:42:10.669   1986,867      11569,5754
13:42:11.237   1987,435      11832,3552
13:42:11.792   1987,990      12186,0881
13:42:12.336   1988,534      12536,3996
13:42:12.903   1989,101      12922,5521
13:42:13.465   1989,663      13360,5930
13:42:14.017   1990,215      13779,9449
13:42:14.603   1990,801      14335,8211
13:42:15.163   1991,361      14801,6943
13:42:15.743   1991,941      15400,6992
13:42:16.327   1992,525      15985,0883
13:42:16.897   1993,095      16600,7162
13:42:17.443   1993,641      17155,3964
13:42:18.007   1994,205      17796,3363
13:42:18.573   1994,771      18496,0487
13:42:19.104   1995,302      19104,3991
13:42:19.680   1995,878      19835,0289
13:42:20.220   1996,418      20496,1204
13:42:20.795   1996,993      21223,0967
13:42:21.328   1997,526      21925,1880
13:42:21.865   1998,063      22654,2997
13:42:22.416   1998,614      23314,1953
13:42:22.964   1999,162      24017,5209
13:42:23.523   1999,721      24749,9200
13:42:24.094   2000,292      25455,3440
13:42:24.635   2000,833      26205,6525
13:42:25.203   2001,401      26820,6320
13:42:25.712   2001,910      27477,2187
13:42:26.288   2002,486      28190,4890
13:42:26.850   2003,048      28808,2618
13:42:27.363   2003,561      29462,1922
13:42:27.870   2004,068      29977,2434
13:42:28.447   2004,645      30603,8780
13:42:29.034   2005,232      31213,0938
13:42:29.571   2005,769      31724,3210
13:42:30.133   2006,331      32236,2227
13:42:30.696   2006,894      32705,3834
13:42:31.271   2007,469      33265,0934
13:42:31.827   2008,025      33602,4433
13:42:32.396   2008,594      34108,4531
13:42:32.972   2009,170      34446,6511
13:42:33.574   2009,772      34871,5367
13:42:34.137   2010,335      35210,4425
13:42:34.688   2010,886      35526,1032
13:42:35.233   2011,431      35820,1601
13:42:35.797   2011,995      36116,4338
13:42:36.333   2012,531      36426,9373
13:42:36.844   2013,042      36614,7195
13:42:37.415   2013,613      36868,7845
13:42:37.957   2014,155      37101,4530
13:42:38.531   2014,729      37298,8380
13:42:39.087   2015,285      37503,7898
13:42:39.635   2015,833      37617,3467
13:42:40.205   2016,403      37798,9796
13:42:40.776   2016,974      37991,7556
13:42:41.363   2017,561      38126,7549
13:42:41.893   2018,091      38281,5810
13:42:42.422   2018,620      38375,0642
13:42:42.984   2019,182      38480,0983
13:42:43.567   2019,765      38554,1937
13:42:44.104   2020,302      38653,1478
13:42:44.650   2020,848      38740,4267
13:42:45.239   2021,437      38794,1478
13:42:45.807   2022,005      38889,9540
13:42:46.354   2022,552      38908,5372
13:42:46.921   2023,119      38975,4001
13:42:47.465   2023,663      39019,6070
13:42:48.016   2024,214      39066,5776
13:42:48.600   2024,798      39110,1530
13:42:49.180   2025,378      39169,5604
13:42:49.736   2025,934      39174,0165
13:42:50.250   2026,448      39202,2591
13:42:50.760   2026,958      39191,2039
13:42:51.283   2027,481      39270,0704
13:42:51.874   2028,072      39297,9836
13:42:52.438   2028,636      39282,1371
13:42:52.986   2029,184      39355,9629
13:42:53.507   2029,705      39378,3462
13:42:54.117   2030,315      39333,5227
13:42:54.678   2030,876      39329,4709
13:42:55.266   2031,464      39433,2825
13:42:55.801   2031,999      39443,4259
13:42:56.314   2032,512      39436,7014
13:42:56.872   2033,070      39415,7715
13:42:57.451   2033,649      39439,8931
13:42:57.967   2034,165      39455,2614
13:42:58.529   2034,727      39489,2464
13:42:59.074   2035,272      39452,8563
13:42:59.647   2035,845      39498,4327
13:43:00.197   2036,395      39497,4373
13:43:00.753   2036,951      39529,8889
13:43:01.331   2037,529      39472,1393
13:43:01.831   2038,029      39593,8419
13:43:02.408   2038,606      39631,8146
13:43:02.957   2039,155      39622,8470
13:43:03.505   2039,703      39672,1101
13:43:04.089   2040,287      39684,2448
13:43:04.605   2040,803      39698,4451
13:43:05.190   2041,388      39734,1534
13:43:05.731   2041,929      39760,7013
13:43:06.285   2042,483      39688,9322
13:43:06.838   2043,036      39726,3486
13:43:57.422   2093,620      39967,6437
13:43:57.998   2094,196      39971,5366
13:43:58.540   2094,738      39958,9610
13:43:59.084   2095,282      39979,4415
13:43:59.651   2095,849      40033,7131
13:44:00.224   2096,422      39961,3853
13:44:00.787   2096,985      39968,3331
13:44:01.351   2097,549      39979,3670
13:44:01.898   2098,096      39972,3710
13:44:02.451   2098,649      39875,2136
13:44:02.982   2099,180      39947,5015
13:44:03.540   2099,738      39846,8119
13:44:04.052   2100,250      39729,3092
13:44:04.598   2100,796      39678,1898
13:44:05.127   2101,325      39578,0113
13:44:05.721   2101,919      39504,7135
13:44:06.272   2102,470      39418,3215
13:44:06.819   2103,017      39242,2002
13:44:07.412   2103,610      39093,6557
13:44:07.957   2104,155      38880,7837
13:44:08.525   2104,723      38728,0219
13:44:09.098   2105,296      38496,1745
13:44:09.606   2105,804      38282,3437
13:44:10.147   2106,345      38079,5590
13:44:10.701   2106,899      37786,1529
13:44:11.278   2107,476      37475,2573
13:44:11.850   2108,048      37216,3645
13:44:12.406   2108,604      36916,0130
13:44:12.967   2109,165      36572,7538
13:44:13.470   2109,668      36334,5585
13:44:14.050   2110,248      35987,6503
13:44:14.616   2110,814      35733,8262
13:44:15.188   2111,386      35408,4736
13:44:15.754   2111,952      35081,1888
13:44:16.311   2112,509      34688,6310
13:44:16.864   2113,062      34297,0158
13:44:17.434   2113,632      33869,4383
13:44:18.018   2114,216      33400,2692
13:44:18.579   2114,777      32964,9465
13:44:19.143   2115,341      32432,9963
13:44:19.652   2115,850      31995,6275
13:44:20.200   2116,398      31442,3293
13:44:20.775   2116,973      30914,6327
13:44:21.347   2117,545      30294,1456
13:44:21.938   2118,136      29664,0714
13:44:22.535   2118,733      28998,4363
13:44:23.070   2119,268      28437,6901
13:44:23.662   2119,860      27718,3833
13:44:24.207   2120,405      27067,8119
13:44:24.761   2120,959      26442,2037
13:44:25.352   2121,550      25714,6287
13:44:25.907   2122,105      25038,7555
13:44:26.409   2122,607      24432,3314
13:44:26.948   2123,146      23711,1454
13:44:27.532   2123,730      22986,4785
13:44:28.140   2124,338      22207,0210
13:44:28.714   2124,912      21559,7962
13:44:29.275   2125,473      20825,2716
13:44:29.855   2126,053      20093,2692
13:44:30.456   2126,654      19322,1020
13:44:31.014   2127,212      18662,0621
13:44:31.561   2127,759      18010,0590
13:44:32.115   2128,313      17380,8412
13:44:32.682   2128,880      16721,5480
13:44:33.222   2129,420      16140,5851
13:44:33.739   2129,937      15599,4228
13:44:34.297   2130,495      15004,4801
13:44:34.890   2131,088      14433,0269
13:44:35.462   2131,660      13832,5181
13:44:35.967   2132,165      13361,7014
13:44:36.479   2132,677      12957,2852
13:44:37.034   2133,232      12450,3581
13:44:37.626   2133,824      11934,2581
13:44:38.164   2134,362      11507,6170
13:44:38.713   2134,911      11204,4354
13:44:39.271   2135,469      11189,8646
13:44:39.779   2135,977      11257,9777
13:44:40.390   2136,588      11406,2095
13:44:40.992   2137,190      11620,1698
13:44:41.601   2137,799      11947,3552
13:44:42.152   2138,350      12283,6697
13:44:42.785   2138,983      12736,7150
13:44:43.408   2139,606      13142,7463
13:44:43.924   2140,122      13552,5328
13:44:44.464   2140,662      13977,7009
13:44:45.062   2141,260      14552,0180
13:44:45.617   2141,815      15070,6674
13:44:46.219   2142,417      15667,3808
13:44:46.801   2142,999      16245,0688
13:44:47.410   2143,608      16894,6430
13:44:48.010   2144,208      17589,4261
13:44:48.617   2144,815      18314,5967
13:44:49.226   2145,424      18988,8387
13:44:49.746   2145,944      19603,8472
13:44:50.247   2146,445      20252,4691
13:44:50.825   2147,023      20995,0456
13:44:51.369   2147,567      21670,1773
13:44:51.904   2148,102      22352,9253
13:44:52.497   2148,695      23085,3224
13:44:53.083   2149,281      23914,6770
13:44:53.654   2149,852      24569,6757
13:44:54.211   2150,409      25321,4979
13:44:54.763   2150,961      26052,8403
13:44:55.330   2151,528      26706,9551
13:44:55.912   2152,110      27414,3109
13:44:56.457   2152,655      28105,6362
13:44:56.996   2153,194      28744,3137
13:44:57.563   2153,761      29384,1842
13:44:58.083   2154,281      29935,4524
13:44:58.637   2154,835      30561,9879
13:44:59.200   2155,398      31117,5403
13:44:59.761   2155,959      31723,0384
13:45:00.308   2156,506      32239,1744
13:45:00.890   2157,088      32655,6317
13:45:01.467   2157,665      33238,8984
13:45:02.024   2158,222      33651,9299
13:45:02.574   2158,772      33987,7458
13:45:03.152   2159,350      34447,7410
13:45:03.662   2159,860      34751,2816
13:45:04.215   2160,413      35075,0632
13:45:04.779   2160,977      35460,2988
13:45:05.371   2161,569      35775,0059
13:45:05.939   2162,137      36133,2296
13:45:06.484   2162,682      36427,5925
13:45:07.077   2163,275      36658,0491
13:45:07.607   2163,805      36935,1026
13:45:08.145   2164,343      37057,1601
13:45:08.730   2164,928      37335,7713
13:45:09.276   2165,474      37487,8101
13:45:09.786   2165,984      37643,4171
13:45:10.360   2166,558      37955,6044
13:45:10.901   2167,099      38033,7258
13:45:11.477   2167,675      38158,6767
13:45:12.040   2168,238      38307,7037
13:45:12.576   2168,774      38402,5465
13:45:13.147   2169,345      38514,5889
13:45:13.706   2169,904      38664,1782
13:45:14.258   2170,456      38691,5720
13:45:14.790   2170,988      38784,3661
13:45:15.352   2171,550      38906,5658
13:45:15.935   2172,133      39013,3204
13:45:16.508   2172,706      38985,6519
13:45:17.042   2173,240      39078,5109
13:45:17.560   2173,758      39097,5222
13:45:18.124   2174,322      39173,3454
13:45:18.669   2174,867      39239,7768
13:45:19.230   2175,428      39269,7712
13:45:19.732   2175,930      39288,6455
13:45:20.314   2176,512      39325,1786
13:45:20.859   2177,057      39304,8820
13:45:21.394   2177,592      39397,3403
13:45:21.956   2178,154      39458,4422
13:45:22.529   2178,727      39403,1972
13:45:23.099   2179,297      39480,6055
13:45:23.703   2179,901      39464,7250
13:45:24.266   2180,464      39453,5949
13:45:24.819   2181,017      39508,4474
13:45:25.364   2181,562      39552,9444
13:45:25.920   2182,118      39552,3942
13:45:26.477   2182,675      39537,1340
13:45:27.016   2183,214      39568,2720
13:45:27.547   2183,745      39579,4514
13:45:28.103   2184,301      39572,1958
13:45:28.655   2184,853      39619,6411
13:45:29.211   2185,409      39625,6998
13:45:29.780   2185,978      39597,7054
13:45:30.329   2186,527      39592,8903
13:45:30.875   2187,073      39633,7907
13:45:31.467   2187,665      39625,0006
13:45:32.045   2188,243      39670,5002
13:45:32.621   2188,819      39652,3074
13:45:33.176   2189,374      39694,2453
13:45:33.741   2189,939      39668,0626
13:45:34.295   2190,493      39700,0127
13:45:34.858   2191,056      39717,1637
13:45:35.444   2191,642      39713,9870
13:45:36.010   2192,208      39736,5020
13:45:36.564   2192,762      39692,7241
13:45:37.142   2193,340      39664,7131
13:45:37.729   2193,927      39742,3457
13:45:38.318   2194,516      39688,1291
13:45:38.877   2195,075      39700,2746
13:45:39.429   2195,627      39690,4726
13:45:39.986   2196,184      39726,8601
13:45:40.525   2196,723      39733,4586
13:45:41.062   2197,260      39721,8023
13:45:41.629   2197,827      39807,2014
13:45:42.180   2198,378      39728,3230
13:45:42.686   2198,884      39766,7172
13:45:43.248   2199,446      39774,7773
13:45:43.801   2199,999      39785,2645
13:45:44.305   2200,503      39776,6948
13:45:44.850   2201,048      39791,1980
13:45:45.433   2201,631      39807,9538
13:45:45.933   2202,131      39810,9677
13:45:46.503   2202,701      39822,5499
13:45:47.045   2203,243      39818,0400
13:45:47.604   2203,802      39847,8928
13:45:48.156   2204,354      39794,3236
13:45:48.712   2204,910      39803,5459
13:45:49.244   2205,442      39837,1232
13:45:49.753   2205,951      39802,9887
13:45:50.336   2206,534      39808,9338
13:45:50.912   2207,110      39869,9637
13:45:51.490   2207,688      39869,0322
13:45:52.038   2208,236      39844,0654
13:45:52.622   2208,820      39826,8117
13:45:53.184   2209,382      39868,0304
13:45:53.764   2209,962      39860,3176
13:45:54.329   2210,527      39904,2361
13:45:54.878   2211,076      39889,1050
13:45:55.451   2211,649      39872,5628
13:45:55.958   2212,156      39836,2348
13:45:56.535   2212,733      39911,8219
13:45:57.100   2213,298      39836,2368
13:45:57.663   2213,861      39879,1106
13:45:58.209   2214,407      39888,6810
13:45:58.775   2214,973      39912,2917
13:45:59.276   2215,474      39872,5382
13:45:59.783   2215,981      39883,5449
13:46:00.346   2216,544      39880,3267
13:46:00.883   2217,081      39906,5449
13:46:01.448   2217,646      39919,1071
13:46:01.999   2218,197      39914,3022
13:46:02.547   2218,745      39891,3870
13:46:03.088   2219,286      39935,3963
13:46:03.660   2219,858      39888,1206
13:46:04.228   2220,426      39945,3305
13:46:04.773   2220,971      39883,1585
13:46:05.365   2221,563      39842,9660
13:46:05.934   2222,132      39923,1724
13:46:06.492   2222,690      39948,3715
13:46:07.047   2223,245      39920,8985
13:46:07.598   2223,796      39939,8875
13:46:08.175   2224,373      39928,1529
13:46:08.735   2224,933      39913,8605
13:46:09.284   2225,482      39926,3462
13:46:09.845   2226,043      39913,5579
13:46:10.391   2226,589      39939,7958
13:46:10.983   2227,181      39978,7409
13:46:11.500   2227,698      39889,7374
13:46:12.052   2228,250      39926,4029
13:46:12.586   2228,784      39937,7554
13:46:13.128   2229,326      39935,8131
13:46:13.710   2229,908      39959,3712
13:46:14.253   2230,451      39914,5880
13:46:14.826   2231,024      39933,8886
13:46:15.417   2231,615      39968,8401
13:46:15.976   2232,174      39944,8009
13:46:16.566   2232,764      39949,9478
13:46:17.126   2233,324      39979,4067
13:46:17.689   2233,887      39985,1140
13:46:18.231   2234,429      39930,7665
13:46:18.792   2234,990      39951,3220
13:46:19.367   2235,565      40012,6344
13:46:19.939   2236,137      39950,6705
13:46:20.476   2236,674      39965,4982
13:46:21.038   2237,236      39971,6699
13:46:21.611   2237,809      39966,7658
13:46:22.153   2238,351      39988,4254
13:46:22.714   2238,912      39996,8023
13:46:23.291   2239,489      39940,8656
13:46:23.791   2239,989      39970,0775
13:46:24.361   2240,559      39971,4469
13:46:24.915   2241,113      39950,3819
13:46:25.417   2241,615      39955,9486
13:46:25.979   2242,177      39928,1917
13:46:26.520   2242,718      39949,7656
13:46:27.060   2243,258      39902,8626
13:46:27.560   2243,758      39916,7868
13:46:28.145   2244,343      39979,0126
13:46:28.700   2244,898      39903,4623
13:46:29.220   2245,418      39984,1987
13:46:29.778   2245,976      39920,8619
13:46:30.331   2246,529      39921,5507
13:46:30.873   2247,071      39935,6344
13:46:31.448   2247,646      39858,0762
13:46:32.020   2248,218      39899,2927
13:46:32.569   2248,767      39896,8957
13:46:33.177   2249,375      39837,0630
13:46:33.755   2249,953      39787,1331
13:46:34.310   2250,508      39688,6166
13:46:34.851   2251,049      39703,5222
13:46:35.400   2251,598      39615,2323
13:46:35.973   2252,171      39481,2277
13:46:36.513   2252,711      39359,4971
13:46:37.084   2253,282      39272,0972
13:46:37.671   2253,869      39042,3150
13:46:38.247   2254,445      38853,0956
13:46:38.822   2255,020      38652,8678
13:46:39.392   2255,590      38427,5533
13:46:39.904   2256,102      38207,5793
13:46:40.431   2256,629      38020,1720
13:46:40.960   2257,158      37732,3629
13:46:41.508   2257,706      37477,7765
13:46:42.069   2258,267      37137,2886
13:46:42.633   2258,831      36870,3635
13:46:43.167   2259,365      36594,1596
13:46:43.688   2259,886      36296,6329
13:46:44.269   2260,467      36067,6209
13:46:44.845   2261,043      35655,8641
13:46:45.417   2261,615      35376,3359
13:46:45.969   2262,167      35064,3297
13:46:46.538   2262,736      34700,5379
13:46:47.070   2263,268      34336,3148
13:46:47.639   2263,837      33951,9565
13:46:48.174   2264,372      33496,2308
13:46:48.712   2264,910      33111,0002
13:46:49.299   2265,497      32636,2880
13:46:49.858   2266,056      32085,0818
13:46:50.373   2266,571      31657,0459
13:46:50.976   2267,174      31011,8618
13:46:51.541   2267,739      30442,2642
13:46:52.079   2268,277      29905,6959
13:46:52.656   2268,854      29297,7493
13:46:53.190   2269,388      28717,6299
13:46:53.767   2269,965      28014,5748
13:46:54.328   2270,526      27378,0797
13:46:54.906   2271,104      26747,4019
13:46:55.432   2271,630      26091,0583
13:46:56.013   2272,211      25381,8545
13:46:56.551   2272,749      24719,4857
13:46:57.088   2273,286      24048,6176
13:46:57.634   2273,832      23369,0870
13:46:58.199   2274,397      22682,8907
13:46:58.748   2274,946      21942,6757
13:46:59.248   2275,446      21357,5658
13:46:59.826   2276,024      20595,3697
13:47:00.362   2276,560      19937,0378
13:47:00.923   2277,121      19266,3031
13:47:01.479   2277,677      18597,6574
13:47:01.979   2278,177      17996,7785
13:47:02.517   2278,715      17409,6353
13:47:03.081   2279,279      16757,3759
13:47:03.592   2279,790      16171,3184
13:47:04.141   2280,339      15581,4955
13:47:04.690   2280,888      15067,1912
13:47:05.273   2281,471      14441,4678
13:47:05.846   2282,044      13935,1967
13:47:06.430   2282,628      13310,5358
13:47:07.016   2283,214      12870,6313
13:47:07.603   2283,801      12332,9881
13:47:08.146   2284,344      11918,7202
13:47:08.689   2284,887      11463,7348
13:47:09.242   2285,440      11241,6862
13:47:09.792   2285,990      11269,8884
13:47:10.339   2286,537      11382,5060
13:47:10.904   2287,102      11553,4535
13:47:11.507   2287,705      11833,6183
13:47:12.061   2288,259      12111,8990
13:47:12.564   2288,762      12368,7276
13:47:13.133   2289,331      12774,9795
13:47:13.635   2289,833      13152,2570
13:47:14.197   2290,395      13570,7839
13:47:14.726   2290,924      14013,1724
13:47:15.297   2291,495      14521,5178
13:47:15.840   2292,038      14987,3986
13:47:16.383   2292,581      15560,6716
13:47:16.934   2293,132      16083,4851
13:47:17.512   2293,710      16704,4059
13:47:18.088   2294,286      17339,4838
13:47:18.657   2294,855      17982,4576
13:47:19.203   2295,401      18624,2461
13:47:19.782   2295,980      19282,7947
13:47:20.322   2296,520      19958,4294
13:47:20.865   2297,063      20665,5387
13:47:21.469   2297,667      21397,9854
13:47:22.011   2298,209      22112,9634
13:47:22.576   2298,774      22840,0797
13:47:23.122   2299,320      23527,4526
13:47:23.701   2299,899      24249,5364
13:47:24.272   2300,470      25013,7943
13:47:24.833   2301,031      25685,1865
13:47:25.378   2301,576      26388,3408
13:47:25.919   2302,117      27074,7230
13:47:26.461   2302,659      27687,5535
13:47:27.016   2303,214      28390,7848
13:47:27.583   2303,781      29062,7805
13:47:28.120   2304,318      29658,0987
13:47:28.678   2304,876      30233,8922
13:47:29.260   2305,458      30839,8724
13:47:29.796   2305,994      31363,6025
13:47:30.331   2306,529      31902,0280
13:47:30.866   2307,064      32434,7768
13:47:31.454   2307,652      32867,2370
13:47:32.035   2308,233      33364,4529
13:47:32.594   2308,792      33831,5573
13:47:33.125   2309,323      34197,5786
13:47:33.684   2309,882      34615,6017
13:47:34.245   2310,443      34890,2038
13:47:34.794   2310,992      35323,5340
13:47:35.360   2311,558      35616,3797
13:47:35.918   2312,116      35860,2981
13:47:36.457   2312,655      36187,8437
13:47:37.026   2313,224      36522,5299
13:47:37.604   2313,802      36785,5066
13:47:38.144   2314,342      37011,9417
13:47:38.703   2314,901      37182,7991
13:47:39.279   2315,477      37413,0969
13:47:39.836   2316,034      37582,8158
13:47:40.410   2316,608      37758,4972
13:47:40.910   2317,108      37970,9672
13:47:41.514   2317,712      38143,0094
13:47:42.061   2318,259      38310,3288
13:47:42.657   2318,855      38359,6236
13:47:43.225   2319,423      38587,6419
13:47:43.737   2319,935      38599,7478
13:47:44.285   2320,483      38769,2357
13:47:44.789   2320,987      38862,0845
13:47:45.371   2321,569      38941,4279
13:47:45.924   2322,122      38950,8399
13:47:46.501   2322,699      39020,6251
13:47:47.017   2323,215      39113,4069
13:47:47.571   2323,769      39197,4444
13:47:48.107   2324,305      39156,5591
13:47:48.685   2324,883      39270,9001
13:47:49.239   2325,437      39254,6248
13:47:49.810   2326,008      39344,3112
13:47:50.350   2326,548      39351,2555
13:47:50.908   2327,106      39377,3323
13:47:51.444   2327,642      39473,1739
13:47:51.998   2328,196      39437,2793
13:47:52.566   2328,764      39453,7266
13:47:53.093   2329,291      39434,6141
13:47:53.643   2329,841      39477,7663
13:47:54.148   2330,346      39557,3847
13:47:54.746   2330,944      39473,1319
13:47:55.289   2331,487      39570,8338
13:47:55.877   2332,075      39531,4820
13:47:56.484   2332,682      39636,0201
13:47:57.034   2333,232      39591,3991
13:47:57.537   2333,735      39567,0448
13:47:58.095   2334,293      39572,0375
13:47:58.637   2334,835      39670,4596
13:47:59.173   2335,371      39649,4052
13:47:59.684   2335,882      39629,5472
13:48:00.241   2336,439      39654,8175
13:48:00.780   2336,978      39656,3190
13:48:01.423   2337,621      39639,6177
13:48:01.983   2338,181      39679,2504
13:48:02.534   2338,732      39641,9374
13:48:03.091   2339,289      39758,1982
13:48:03.651   2339,849      39755,1973
13:48:04.176   2340,374      39784,6142
13:48:04.716   2340,914      39719,3130
13:48:05.223   2341,421      39701,3984
13:48:05.725   2341,923      39761,3552
13:48:06.276   2342,474      39790,0474
13:48:06.828   2343,026      39762,3756
13:48:07.339   2343,537      39764,2786
13:48:07.917   2344,115      39779,6703
13:48:08.492   2344,690      39803,1958
13:48:09.043   2345,241      39788,1412
13:48:09.584   2345,782      39815,5046
13:48:10.127   2346,325      39788,3052
13:48:10.708   2346,906      39788,0195
13:48:11.253   2347,451      39810,3153
13:48:11.821   2348,019      39809,9997
13:48:12.380   2348,578      39818,2188
13:48:12.884   2349,082      39830,7177
13:48:13.470   2349,668      39786,5802
13:48:14.045   2350,243      39853,2331
13:48:14.612   2350,810      39832,1138
13:48:15.138   2351,336      39834,2059
13:48:15.695   2351,893      39870,7376
13:48:16.242   2352,440      39849,2070
13:48:16.824   2353,022      39861,5098
13:48:17.448   2353,646      39856,1101
13:48:17.990   2354,188      39828,9132
13:48:18.549   2354,747      39873,1522
13:48:19.102   2355,300      39798,3559
13:48:19.688   2355,886      39810,2867
13:48:20.261   2356,459      39934,1648
13:48:20.841   2357,039      39849,3875
13:48:21.385   2357,583      39882,1837
13:48:21.934   2358,132      39868,9826
13:48:22.489   2358,687      39847,8227
13:48:23.030   2359,228      39914,8809
13:48:23.609   2359,807      39909,1689
13:48:24.183   2360,381      39897,5266
13:48:24.752   2360,950      39866,5963
13:48:25.373   2361,571      39924,7048
13:48:25.909   2362,107      39928,4180
13:48:26.454   2362,652      39856,7325
13:48:26.988   2363,186      39879,6999
13:48:27.501   2363,699      39939,8330
13:48:28.047   2364,245      39875,2734
13:48:28.597   2364,795      39917,9482
13:48:29.167   2365,365      39918,9858
13:48:29.762   2365,960      39886,2965
13:48:30.323   2366,521      39924,1058
13:48:30.880   2367,078      39925,1256
13:48:31.434   2367,632      39955,5027
13:48:31.999   2368,197      39952,1201
13:48:32.541   2368,739      39947,4407
13:48:33.120   2369,318      39909,2887
13:48:33.706   2369,904      39935,5054
13:48:34.248   2370,446      39908,9345
13:48:34.748   2370,946      39920,6340
13:48:35.295   2371,493      39922,8187
13:48:35.861   2372,059      39962,3157
13:48:36.422   2372,620      39923,0152
13:48:36.955   2373,153      39909,5336
13:48:37.514   2373,712      39954,4673
13:48:38.060   2374,258      39962,5704
13:48:38.621   2374,819      39940,2174
13:48:39.190   2375,388      39934,0757
13:48:39.693   2375,891      39972,3742
13:48:40.278   2376,476      39932,9798
13:48:40.872   2377,070      39949,2588
13:48:41.429   2377,627      40014,6610
13:48:41.977   2378,175      39955,0411
13:48:42.565   2378,763      39975,6232
13:48:43.107   2379,305      39991,2177
13:48:43.662   2379,860      40007,4623
13:48:44.207   2380,405      39954,6864
13:48:44.761   2380,959      39987,0949
13:48:45.355   2381,553      39959,0532
13:48:45.866   2382,064      39944,4020
13:48:46.409   2382,607      39905,4786
13:48:46.960   2383,158      39908,7872
13:48:47.504   2383,702      39857,0528
13:48:48.086   2384,284      39890,4019
13:48:48.631   2384,829      39922,6706
13:48:49.169   2385,367      39875,2302
13:48:49.738   2385,936      39909,2849
13:48:50.309   2386,507      39946,9096
13:48:50.863   2387,061      40014,6726
13:48:51.471   2387,669      39931,7553
13:48:52.033   2388,231      40000,6711
13:48:52.561   2388,759      39929,5491
13:48:53.124   2389,322      39974,2837
13:48:53.635   2389,833      39989,9209
13:48:54.173   2390,371      39980,8876
13:48:54.749   2390,947      39957,3150
13:48:55.334   2391,532      39969,2964
13:48:55.837   2392,035      39931,6796
13:48:56.401   2392,599      39965,6516
13:48:56.906   2393,104      39922,4448
13:48:57.488   2393,686      39985,8477
13:48:58.054   2394,252      40031,5323
13:48:58.594   2394,792      40001,0249
13:48:59.165   2395,363      39989,5979
13:48:59.735   2395,933      39974,2919
13:49:00.279   2396,477      39994,5766
13:49:00.844   2397,042      39980,9128
13:49:01.352   2397,550      39938,2781
13:49:01.928   2398,126      39946,0998
13:49:02.494   2398,692      39904,2119
13:49:03.093   2399,291      39903,3990
13:49:03.645   2399,843      39801,0308
13:49:04.198   2400,396      39780,6931
13:49:04.773   2400,971      39668,1532
13:49:05.348   2401,546      39641,1374
13:49:05.886   2402,084      39541,7179
13:49:06.454   2402,652      39446,8002
13:49:06.991   2403,189      39288,4753
13:49:07.594   2403,792      39130,9002
13:49:08.162   2404,360      39002,2641
13:49:08.672   2404,870      38818,5639
13:49:09.219   2405,417      38617,6325
13:49:09.802   2406,000      38349,6644
13:49:10.359   2406,557      38099,6749
13:49:10.913   2407,111      37946,1018
13:49:11.488   2407,686      37589,2592
13:49:12.033   2408,231      37376,1783
13:49:12.605   2408,803      37046,1137
13:49:13.169   2409,367      36728,5542
13:49:13.716   2409,914      36490,0518
13:49:14.262   2410,460      36196,1162
13:49:14.849   2411,047      35821,8735
13:49:15.361   2411,559      35606,1348
13:49:15.932   2412,130      35210,5353
13:49:16.499   2412,697      34877,5333
13:49:17.040   2413,238      34542,3586
13:49:17.618   2413,816      34125,2465
13:49:18.190   2414,388      33771,4852
13:49:18.743   2414,941      33301,2194
13:49:19.298   2415,496      32899,4620
13:49:19.873   2416,071      32400,2034
13:49:20.415   2416,613      31917,0539
13:49:20.953   2417,151      31368,9566
13:49:21.542   2417,740      30815,1700
13:49:22.102   2418,300      30241,1229
13:49:22.653   2418,851      29644,4498
13:49:23.227   2419,425      29037,7374
13:49:23.740   2419,938      28471,3191
13:49:24.311   2420,509      27803,6889
13:49:24.873   2421,071      27190,1250
13:49:25.449   2421,647      26462,3897
13:49:26.001   2422,199      25882,9124
13:49:26.576   2422,774      25157,2917
13:49:27.118   2423,316      24455,4695
13:49:27.662   2423,860      23823,7691
13:49:28.198   2424,396      23162,5147
13:49:28.749   2424,947      22468,1171
13:49:29.288   2425,486      21808,1157
13:49:29.886   2426,084      21040,6020
13:49:30.424   2426,622      20388,7109
13:49:30.999   2427,197      19624,0929
13:49:31.549   2427,747      19000,0113
13:49:32.066   2428,264      18365,3024
13:49:32.620   2428,818      17717,9860
13:49:33.160   2429,358      17125,5505
13:49:33.718   2429,916      16521,7493
13:49:34.223   2430,421      15995,2956
13:49:34.775   2430,973      15407,1092
13:49:35.361   2431,559      14810,7525
13:49:35.939   2432,137      14285,8466
13:49:36.521   2432,719      13644,6962
13:49:37.085   2433,283      13131,6951
13:49:37.599   2433,797      12720,9188
13:49:38.187   2434,385      12197,1990
13:49:38.756   2434,954      11762,6472
13:49:39.283   2435,481      11420,4296
13:49:39.838   2436,036      11305,8006
13:49:40.412   2436,610      11365,2252
13:49:40.976   2437,174      11484,3497
13:49:41.480   2437,678      11673,5763
13:49:42.031   2438,229      11928,2963
13:49:42.575   2438,773      12245,2235
13:49:43.121   2439,319      12550,1938
13:49:43.686   2439,884      12971,5378
13:49:44.264   2440,462      13395,9727
13:49:44.822   2441,020      13830,6542
13:49:45.370   2441,568      14319,1947
13:49:45.924   2442,122      14812,9949
13:49:46.469   2442,667      15343,3308
13:49:47.017   2443,215      15855,6479
13:49:47.585   2443,783      16481,3776
13:49:48.188   2444,386      17142,5753
13:49:48.743   2444,941      17706,1562
13:49:49.338   2445,536      18433,3101
13:49:49.884   2446,082      19084,1617
13:49:50.423   2446,621      19714,2186
13:49:50.999   2447,197      20458,8865
13:49:51.511   2447,709      21082,5176
13:49:52.056   2448,254      21772,5417
13:49:52.620   2448,818      22464,2711
13:49:53.154   2449,352      23154,1137
13:49:53.746   2449,944      23879,3535
13:49:54.336   2450,534      24633,6204
13:49:54.867   2451,065      25320,4626
13:49:55.435   2451,633      25976,4183
13:49:55.982   2452,180      26672,7304
13:49:56.489   2452,687      27324,1353
13:49:57.024   2453,222      27960,7220
13:49:57.554   2453,752      28543,2443
13:49:58.103   2454,301      29211,1934
13:49:58.654   2454,852      29863,6995
13:49:59.222   2455,420      30421,4351
13:49:59.800   2455,998      30972,1808
13:50:00.338   2456,536      31508,4365
13:50:00.906   2457,104      32038,0333
13:50:01.457   2457,655      32567,0131
13:50:02.028   2458,226      33035,7686
13:50:02.563   2458,761      33401,0282
13:50:03.156   2459,354      33865,8009
13:50:03.752   2459,950      34331,2662
13:50:04.299   2460,497      34686,7504
13:50:04.842   2461,040      35022,9885
13:50:05.346   2461,544      35324,6232
13:50:05.918   2462,116      35646,6491
13:50:06.464   2462,662      36036,9444
13:50:07.010   2463,208      36264,5745
13:50:07.586   2463,784      36501,5815
13:50:08.138   2464,336      36749,6954
13:50:08.698   2464,896      37047,9058
13:50:09.255   2465,453      37246,8248
13:50:09.824   2466,022      37496,1059
13:50:10.384   2466,582      37562,9522
13:50:10.948   2467,146      37764,3516
13:50:11.518   2467,716      38007,4994
13:50:12.065   2468,263      38108,2419
13:50:12.631   2468,829      38234,7404
13:50:13.173   2469,371      38371,1516
13:50:13.676   2469,874      38435,7519
13:50:14.241   2470,439      38627,6166
13:50:14.825   2471,023      38722,1443
13:50:15.412   2471,610      38819,4110
13:50:15.966   2472,164      38883,8295
13:50:16.532   2472,730      38963,5236
13:50:17.110   2473,308      39025,3397
13:50:17.617   2473,815      39047,8154
13:50:18.154   2474,352      39110,2710
13:50:18.661   2474,859      39164,2057
13:50:19.203   2475,401      39208,7280
13:50:19.751   2475,949      39300,1669
13:50:20.318   2476,516      39306,6161
13:50:20.885   2477,083      39311,7096
13:50:21.459   2477,657      39311,6935
13:50:22.033   2478,231      39420,3817
13:50:22.589   2478,787      39422,9356
13:50:23.129   2479,327      39436,4290
13:50:23.723   2479,921      39420,2343
13:50:24.227   2480,425      39511,9362
13:50:24.800   2480,998      39473,1112
13:50:25.388   2481,586      39499,9983
13:50:25.944   2482,142      39528,6977
13:50:26.480   2482,678      39560,7915
13:50:27.046   2483,244      39582,0017
13:50:27.610   2483,808      39563,7784
13:50:28.194   2484,392      39553,4412
13:50:28.761   2484,959      39611,0378
13:50:29.340   2485,538      39622,4471
13:50:29.905   2486,103      39593,5613
13:50:30.480   2486,678      39622,7794
13:50:31.027   2487,225      39640,8352
13:50:31.571   2487,769      39622,9105
13:50:32.135   2488,333      39706,2553
13:50:32.671   2488,869      39685,1222
13:50:33.175   2489,373      39708,6758
13:50:33.752   2489,950      39706,7441
13:50:34.296   2490,494      39729,0437
13:50:34.827   2491,025      39753,8947
13:50:35.391   2491,589      39718,4959
13:50:35.892   2492,090      39712,8744
13:50:36.433   2492,631      39656,3839
13:50:36.969   2493,167      39733,0731
13:50:37.489   2493,687      39678,2183
13:50:38.070   2494,268      39713,4538
13:50:38.630   2494,828      39778,3028
13:50:39.215   2495,413      39720,3287
13:50:39.845   2496,043      39744,1977
13:50:40.410   2496,608      39743,9916
13:50:41.010   2497,208      39760,1680
13:50:41.522   2497,720      39730,5676
13:50:42.095   2498,293      39756,6388
13:50:42.640   2498,838      39776,4741
13:50:43.144   2499,342      39795,3277
13:50:43.652   2499,850      39800,4719
13:50:44.194   2500,392      39760,1657
13:50:44.771   2500,969      39794,2672
13:50:45.336   2501,534      39723,7032
13:50:45.884   2502,082      39779,8121
13:50:46.445   2502,643      39758,4290
13:50:46.987   2503,185      39794,6637
13:50:47.554   2503,752      39813,5926
13:50:48.112   2504,310      39773,6247
13:50:48.720   2504,918      39799,7369
13:50:49.285   2505,483      39772,2664
13:50:49.787   2505,985      39775,6979
13:50:50.342   2506,540      39746,7416
13:50:50.891   2507,089      39820,4353
13:50:51.440   2507,638      39812,8697
13:50:51.993   2508,191      39845,4836
13:50:52.590   2508,788      39812,7586
13:50:53.119   2509,317      39831,0972
13:50:53.700   2509,898      39821,4036
13:50:54.240   2510,438      39823,5312
13:50:54.809   2511,007      39855,5850
13:50:55.401   2511,599      39837,0362
13:50:55.981   2512,179      39814,7094
13:50:56.568   2512,766      39837,6528
13:50:57.094   2513,292      39845,1204
13:50:57.631   2513,829      39846,7746
13:50:58.180   2514,378      39891,9744
13:50:58.723   2514,921      39869,5480
13:50:59.322   2515,520      39884,7162
13:50:59.907   2516,105      39803,8871
13:51:00.489   2516,687      39838,2455
13:51:01.040   2517,238      39845,7820
13:51:01.555   2517,753      39801,2309
13:51:02.095   2518,293      39887,3973
13:51:02.628   2518,826      39912,2852
13:51:03.138   2519,336      39825,7675
13:51:03.713   2519,911      39861,4425
13:51:04.279   2520,477      39844,8220
13:51:04.863   2521,061      39874,9243
13:51:05.421   2521,619      39852,5363
13:51:06.008   2522,206      39883,8437
13:51:06.563   2522,761      39910,9369
13:51:07.120   2523,318      39856,1996
13:51:07.628   2523,826      39882,1888
13:51:08.171   2524,369      39849,5918
13:51:08.740   2524,938      39876,2558
13:51:09.275   2525,473      39883,8527
13:51:09.852   2526,050      39871,0614
13:51:10.392   2526,590      39863,1181
13:51:10.943   2527,141      39869,2653
13:51:11.460   2527,658      39858,2573
13:51:12.009   2528,207      39832,3547
13:51:12.590   2528,788      39893,7178
13:51:13.167   2529,365      39869,6211
13:51:13.739   2529,937      39906,1352
13:51:14.315   2530,513      39913,9338
13:51:14.889   2531,087      39893,0048
13:51:15.487   2531,685      39892,2286
13:51:16.047   2532,245      39903,1821
13:51:16.653   2532,851      39841,7554
13:51:17.200   2533,398      39906,2863
13:51:17.762   2533,960      39921,1765
13:51:18.312   2534,510      39862,6650
13:51:18.866   2535,064      39891,7555
13:51:19.466   2535,664      39887,3883
13:51:20.012   2536,210      39890,7202
13:51:20.543   2536,741      39917,1277
13:51:21.087   2537,285      39924,3801
13:51:21.608   2537,806      39956,5186
13:51:22.188   2538,386      39869,1953
13:51:22.748   2538,946      39897,0862
13:51:23.340   2539,538      39866,4534
13:51:23.916   2540,114      39847,5127
13:51:24.464   2540,662      39802,2729
13:51:24.995   2541,193      39817,7564
13:51:25.499   2541,697      39885,1851
13:51:26.037   2542,235      39873,9288
13:51:26.538   2542,736      39854,1323
13:51:27.092   2543,290      39877,1361
13:51:27.621   2543,819      39880,6740
13:51:28.169   2544,367      39906,2628
13:51:28.718   2544,916      39888,8903
13:51:29.258   2545,456      39898,8564
13:51:29.767   2545,965      39808,0228
13:51:30.307   2546,505      39894,4164
13:51:30.858   2547,056      39826,9375
13:51:31.448   2547,646      39821,7168
13:51:32.018   2548,216      39810,4840
13:51:32.587   2548,785      39800,6549
13:51:33.152   2549,350      39786,6416
13:51:33.758   2549,956      39805,4224
13:51:34.258   2550,456      39720,7954
13:51:34.831   2551,029      39666,9914
13:51:35.389   2551,587      39550,2133
13:51:35.939   2552,137      39518,7510
13:51:36.504   2552,702      39378,7422
13:51:37.040   2553,238      39195,9585
13:51:37.594   2553,792      39143,3118
13:51:38.152   2554,350      38976,1192
13:51:38.699   2554,897      38817,7591
13:51:39.277   2555,475      38582,8407
13:51:39.857   2556,055      38351,0558
13:51:40.425   2556,623      38127,8570
13:51:40.971   2557,169      37900,0338
13:51:41.526   2557,724      37634,9372
13:51:42.058   2558,256      37396,5327
13:51:42.602   2558,800      37112,7139
13:51:43.152   2559,350      36868,3194
13:51:43.720   2559,918      36544,2137
13:51:44.269   2560,467      36210,7959
13:51:44.848   2561,046      35908,1207
13:51:45.431   2561,629      35660,9424
13:51:45.992   2562,190      35337,8215
13:51:46.541   2562,739      34973,5778
13:51:47.126   2563,324      34638,4774
13:51:47.688   2563,886      34252,5470
13:51:48.218   2564,416      33882,3294
13:51:48.770   2564,968      33483,4935
13:51:49.374   2565,572      32981,0210
13:51:49.955   2566,153      32554,2824
13:51:50.518   2566,716      32023,7682
13:51:51.066   2567,264      31496,1269
13:51:51.589   2567,787      30975,2225
13:51:52.140   2568,338      30492,2598
13:51:52.667   2568,865      29965,6888
13:51:53.220   2569,418      29390,6503
13:51:53.779   2569,977      28754,9375
13:51:54.354   2570,552      28126,9248
13:51:54.907   2571,105      27482,8040
13:51:55.518   2571,716      26774,3205
13:51:56.072   2572,270      26157,2028
13:51:56.651   2572,849      25432,8856
13:51:57.204   2573,402      24810,1181
13:51:57.706   2573,904      24171,7055
13:51:58.250   2574,448      23520,7734
13:51:58.788   2574,986      22834,8596
13:51:59.388   2575,586      22156,5351
13:51:59.960   2576,158      21419,9003
13:52:00.510   2576,708      20742,5972
13:52:01.084   2577,282      20035,0888
13:52:01.647   2577,845      19334,7694
13:52:02.224   2578,422      18655,1781
13:52:02.796   2578,994      18002,7371
13:52:03.356   2579,554      17383,1865
13:52:03.916   2580,114      16733,4389
13:52:04.453   2580,651      16151,5910
13:52:04.993   2581,191      15581,7523
13:52:05.514   2581,712      15023,0271
13:52:06.030   2582,228      14617,2442
13:52:06.625   2582,823      13954,2515
13:52:07.164   2583,362      13485,2071
13:52:07.666   2583,864      13014,1088
13:52:08.258   2584,456      12545,7650
13:52:08.792   2584,990      12080,5009
13:52:09.338   2585,536      11660,5295
13:52:09.882   2586,080      11418,9092
13:52:10.439   2586,637      11368,5354
13:52:11.021   2587,219      11423,9411
13:52:11.598   2587,796      11629,2950
13:52:12.170   2588,368      11871,8718
13:52:12.731   2588,929      12145,4429
13:52:13.301   2589,499      12476,4141
13:52:13.824   2590,022      12852,2123
13:52:14.398   2590,596      13282,4229
13:52:14.932   2591,130      13693,8875
13:52:15.499   2591,697      14132,8217
13:52:16.045   2592,243      14616,4601
13:52:16.627   2592,825      15203,2686
13:52:17.158   2593,356      15659,3599
13:52:17.664   2593,862      16221,3621
13:52:18.173   2594,371      16731,0923
13:52:18.749   2594,947      17354,1312
13:52:19.355   2595,553      18046,9404
13:52:19.919   2596,117      18723,6161
13:52:20.450   2596,648      19300,7476
13:52:21.021   2597,219      20056,3688
13:52:21.586   2597,784      20718,0611
13:52:22.164   2598,362      21401,4325
13:52:22.711   2598,909      22133,8503
13:52:23.272   2599,470      22852,4375
13:52:23.852   2600,050      23564,1686
13:52:24.359   2600,557      24168,1841
13:52:24.956   2601,154      24971,7092
13:52:25.524   2601,722      25637,5909
13:52:26.063   2602,261      26313,4457
13:52:26.616   2602,814      26893,3117
13:52:27.175   2603,373      27638,4619
13:52:27.755   2603,953      28234,2882
13:52:28.300   2604,498      28888,1571
13:52:28.856   2605,054      29555,7965
13:52:29.445   2605,643      30124,6052
13:52:30.002   2606,200      30719,4111
13:52:30.592   2606,790      31296,2329
13:52:31.136   2607,334      31801,3995
13:52:31.692   2607,890      32316,3440
13:52:32.253   2608,451      32810,1176
13:52:32.845   2609,043      33312,6827
13:52:33.430   2609,628      33742,0515
13:52:33.995   2610,193      34134,9991
13:52:34.533   2610,731      34475,7900
13:52:35.132   2611,330      34887,6447
13:52:35.637   2611,835      35139,3149
13:52:36.210   2612,408      35496,5913
13:52:36.776   2612,974      35819,3043
13:52:37.344   2613,542      36078,1301
13:52:37.925   2614,123      36376,4201
13:52:38.494   2614,692      36645,2426
13:52:39.057   2615,255      36851,8666
13:52:39.630   2615,828      37079,0882
13:52:40.137   2616,335      37232,2308
13:52:40.714   2616,912      37455,0416
13:52:41.264   2617,462      37622,2460
13:52:41.764   2617,962      37834,4862
13:52:42.351   2618,549      37976,6541
13:52:42.879   2619,077      38111,3102
13:52:43.479   2619,677      38237,5624
13:52:44.065   2620,263      38397,9559
13:52:44.641   2620,839      38471,6548
13:52:45.201   2621,399      38555,4419
13:52:45.725   2621,923      38640,2692
13:52:46.277   2622,475      38750,7009
13:52:46.840   2623,038      38782,2082
13:52:47.424   2623,622      38907,5807
13:52:47.984   2624,182      38948,3642
13:52:48.529   2624,727      38942,7478
13:52:49.075   2625,273      39019,4619
13:52:49.654   2625,852      39016,1971
13:52:50.187   2626,385      39092,2957
13:52:50.750   2626,948      39130,0722
13:52:51.322   2627,520      39146,1397
13:52:51.895   2628,093      39182,7966
13:52:52.457   2628,655      39192,1732
13:52:52.998   2629,196      39199,5755
13:52:53.524   2629,722      39288,2095
13:52:54.050   2630,248      39302,6309
13:52:54.585   2630,783      39331,1388
13:52:55.141   2631,339      39278,4559
13:52:55.654   2631,852      39370,8664
13:52:56.210   2632,408      39408,6047
13:52:56.798   2632,996      39446,9041
13:52:57.383   2633,581      39412,3147
13:52:57.934   2634,132      39449,6598
13:52:58.472   2634,670      39423,0304
13:52:59.015   2635,213      39433,0828
13:52:59.559   2635,757      39463,3666
13:53:00.127   2636,325      39423,0733
13:53:00.689   2636,887      39499,6450
13:53:01.232   2637,430      39480,5932
13:53:01.813   2638,011      39524,4203
13:53:02.357   2638,555      39486,8553
13:53:02.913   2639,111      39542,3108
13:53:03.477   2639,675      39523,6572
13:53:04.072   2640,270      39516,7678
13:53:04.631   2640,829      39565,7298
13:53:05.169   2641,367      39531,1427
13:53:05.731   2641,929      39561,8703
13:53:06.336   2642,534      39562,4118
13:53:06.896   2643,094      39584,9727
13:53:07.463   2643,661      39612,8786
13:53:08.050   2644,248      39603,3755
13:53:08.591   2644,789      39612,1007
13:53:09.152   2645,350      39613,6186
13:53:09.715   2645,913      39573,3449
13:53:10.255   2646,453      39626,4087
13:53:10.781   2646,979      39636,3341
13:53:11.382   2647,580      39676,4035
13:53:11.949   2648,147      39662,3169
13:53:12.502   2648,700      39619,7431
13:53:13.087   2649,285      39635,5539
13:53:13.653   2649,851      39654,2490
13:53:14.196   2650,394      39653,8280
13:53:14.797   2650,995      39643,7502
13:53:15.401   2651,599      39696,5740
13:53:15.970   2652,168      39720,5172
13:53:16.534   2652,732      39738,4222
13:53:17.076   2653,274      39679,6122
13:53:17.644   2653,842      39731,2905
13:53:18.191   2654,389      39711,4765
13:53:18.787   2654,985      39714,3867
13:53:19.351   2655,549      39709,3816
13:53:19.939   2656,137      39713,1788
13:53:20.519   2656,717      39764,8017
13:53:21.078   2657,276      39752,4334
13:53:21.625   2657,823      39795,6768
13:53:22.163   2658,361      39749,1151
13:53:22.715   2658,913      39730,0408
13:53:23.274   2659,472      39752,0255
13:53:23.858   2660,056      39741,8801
13:53:24.427   2660,625      39680,8243
13:53:24.997   2661,195      39785,5095
13:53:25.573   2661,771      39692,7736
13:53:26.118   2662,316      39708,6479
13:53:26.645   2662,843      39725,5381
13:53:27.181   2663,379      39756,5710
13:53:27.770   2663,968      39749,6126
13:53:28.322   2664,520      39717,4885
13:53:28.866   2665,064      39812,0855
13:53:29.376   2665,574      39792,3481
13:53:29.914   2666,112      39730,1976
13:53:30.460   2666,658      39723,3615
13:53:31.027   2667,225      39688,0374
13:53:31.621   2667,819      39728,9762
13:53:32.151   2668,349      39772,7252
13:53:32.695   2668,893      39749,1311
13:53:33.245   2669,443      39731,6087
13:53:33.749   2669,947      39733,6849
13:53:34.297   2670,495      39731,8759
13:53:34.864   2671,062      39717,2169
13:53:35.388   2671,586      39726,4745
13:53:35.926   2672,124      39686,3490
13:53:36.481   2672,679      39714,8524
13:53:37.032   2673,230      39706,0846
13:53:37.597   2673,795      39728,4815
13:53:38.140   2674,338      39624,7108
13:53:38.683   2674,881      39691,7124
13:53:39.184   2675,382      39675,1689
13:53:39.757   2675,955      39734,1195
13:53:40.329   2676,527      39646,9792
13:53:40.919   2677,117      39755,8334
13:53:41.436   2677,634      39680,0313
13:53:42.025   2678,223      39655,9406
13:53:42.576   2678,774      39646,2768
13:53:43.127   2679,325      39643,4630
13:53:43.705   2679,903      39612,6097
13:53:44.234   2680,432      39723,3989
13:53:44.816   2681,014      39752,4969
13:53:45.421   2681,619      39645,2036
13:53:45.990   2682,188      39690,0863
13:53:46.566   2682,764      39679,1115
13:53:47.124   2683,322      39635,7552
13:53:47.633   2683,831      39696,5759
13:53:48.218   2684,416      39680,2292
13:53:48.756   2684,954      39760,3331
13:53:49.293   2685,491      39678,7485
13:53:49.848   2686,046      39712,9908
13:53:50.399   2686,597      39742,7819
13:53:50.941   2687,139      39688,7908
13:53:51.509   2687,707      39717,2831
13:53:52.053   2688,251      39704,2861
13:53:52.584   2688,782      39720,5574
13:53:53.186   2689,384      39717,2323
13:53:53.761   2689,959      39766,7269
13:53:54.356   2690,554      39737,6259
13:53:54.926   2691,124      39758,4679
13:53:55.525   2691,723      39686,6366
13:53:56.076   2692,274      39749,6732
13:53:56.686   2692,884      39701,5009
13:53:57.251   2693,449      39777,4763
13:53:57.783   2693,981      39788,4815
13:53:58.327   2694,525      39743,7394
13:53:58.907   2695,105      39738,4312
13:53:59.496   2695,694      39710,6432
13:54:00.050   2696,248      39704,3688
13:54:00.620   2696,818      39679,4672
13:54:01.177   2697,375      39736,2569
13:54:01.720   2697,918      39736,3109
13:54:02.281   2698,479      39724,8320
13:54:02.825   2699,023      39643,7432
13:54:03.437   2699,635      39624,2688
13:54:03.976   2700,174      39589,8041
13:54:04.536   2700,734      39561,7189
13:54:05.074   2701,272      39476,7332
13:54:05.585   2701,783      39431,4612
13:54:06.117   2702,315      39333,8349
13:54:06.666   2702,864      39258,8701
13:54:07.205   2703,403      39099,0644
13:54:07.715   2703,913      39049,3328
13:54:08.269   2704,467      38838,6783
13:54:08.825   2705,023      38680,2671
13:54:09.391   2705,589      38559,3145
13:54:09.965   2706,163      38353,5983
13:54:10.508   2706,706      38117,0782
13:54:11.080   2707,278      37873,8984
13:54:11.637   2707,835      37652,1421
13:54:12.181   2708,379      37391,7475
13:54:12.750   2708,948      37034,0978
13:54:13.255   2709,453      36859,7091
13:54:13.841   2710,039      36525,9999
13:54:14.383   2710,581      36220,4571
13:54:14.883   2711,081      35948,7309
13:54:15.388   2711,586      35724,9151
13:54:15.949   2712,147      35387,2674
13:54:16.509   2712,707      35103,0240
13:54:17.064   2713,262      34787,6778
13:54:17.637   2713,835      34427,8040
13:54:18.179   2714,377      34043,1540
13:54:18.748   2714,946      33622,5825
13:54:19.331   2715,529      33202,1478
13:54:19.894   2716,092      32775,8321
13:54:20.458   2716,656      32362,2992
13:54:21.008   2717,206      31843,1494
13:54:21.554   2717,752      31341,2727
13:54:22.139   2718,337      30769,9659
13:54:22.684   2718,882      30235,2457
13:54:23.228   2719,426      29656,9129
13:54:23.797   2719,995      29070,2928
13:54:24.299   2720,497      28570,5937
13:54:24.842   2721,040      27967,6013
13:54:25.377   2721,575      27388,2534
13:54:25.937   2722,135      26719,9039
13:54:26.488   2722,686      26063,2532
13:54:27.057   2723,255      25432,1972
13:54:27.635   2723,833      24630,9876
13:54:28.203   2724,401      23995,7454
13:54:28.754   2724,952      23402,2348
13:54:29.343   2725,541      22653,9429
13:54:29.851   2726,049      21994,3328
13:54:30.390   2726,588      21361,3329
13:54:30.965   2727,163      20609,4733
13:54:31.472   2727,670      20022,0968
13:54:32.027   2728,225      19352,8391
13:54:32.597   2728,795      18686,2920
13:54:33.154   2729,352      18059,6342
13:54:33.737   2729,935      17388,9725
13:54:34.296   2730,494      16751,4264
13:54:34.844   2731,042      16151,9398
13:54:35.428   2731,626      15561,1157
13:54:36.035   2732,233      14950,6214
13:54:36.587   2732,785      14420,5539
13:54:37.171   2733,369      13864,2570
13:54:37.714   2733,912      13383,2761
13:54:38.280   2734,478      12851,5827
13:54:38.821   2735,019      12407,5074
13:54:39.384   2735,582      11968,6960
13:54:39.950   2736,148      11524,7507
13:54:40.498   2736,696      11411,0109
13:54:41.045   2737,243      11421,0657
13:54:41.552   2737,750      11482,2466
13:54:42.089   2738,287      11728,9225
13:54:42.634   2738,832      11948,2629
13:54:43.178   2739,376      12267,0669
13:54:43.750   2739,948      12622,8187
13:54:44.308   2740,506      12975,9494
13:54:44.848   2741,046      13399,6917
13:54:45.389   2741,587      13819,1588
13:54:45.938   2742,136      14289,0432
13:54:46.497   2742,695      14793,6332
13:54:47.101   2743,299      15345,4118
13:54:47.664   2743,862      15909,8325
13:54:48.218   2744,416      16496,6849
13:54:48.757   2744,955      17067,3655
13:54:49.345   2745,543      17708,2356
13:54:49.905   2746,103      18316,9298
13:54:50.444   2746,642      18961,4123
13:54:51.023   2747,221      19604,3615
13:54:51.596   2747,794      20358,7806
13:54:52.145   2748,343      21018,5221
13:54:52.714   2748,912      21683,6942
13:54:53.278   2749,476      22407,0603
13:54:53.850   2750,048      23068,8144
13:54:54.418   2750,616      23845,1836
13:54:54.960   2751,158      24567,2895
13:54:55.466   2751,664      25104,5174
13:54:56.044   2752,242      25848,5046
13:54:56.584   2752,782      26546,0226
13:54:57.148   2753,346      27214,8632
13:54:57.703   2753,901      27821,9224
13:54:58.259   2754,457      28488,5383
13:54:58.806   2755,004      29105,5733
13:54:59.356   2755,554      29635,3736
13:54:59.937   2756,135      30293,7137
13:55:00.487   2756,685      30828,2060
13:55:01.041   2757,239      31376,8829
13:55:01.600   2757,798      31893,8570
13:55:02.163   2758,361      32403,0676
13:55:02.699   2758,897      32868,2577
13:55:03.270   2759,468      33291,5147
13:55:03.832   2760,030      33735,0991
13:55:04.392   2760,590      34085,2035
13:55:04.919   2761,117      34458,2090
13:55:05.462   2761,660      34748,8589
13:55:06.001   2762,199      35092,3082
13:55:06.563   2762,761      35433,9753
13:55:07.097   2763,295      35713,1868
13:55:07.682   2763,880      36080,5326
13:55:08.224   2764,422      36308,9789
13:55:08.788   2764,986      36562,8929
13:55:09.357   2765,555      36837,8132
13:55:09.908   2766,106      37024,1584
13:55:10.464   2766,662      37291,2172
13:55:11.013   2767,211      37425,6423
13:55:11.583   2767,781      37621,9599
13:55:12.133   2768,331      37731,7996
13:55:12.670   2768,868      37971,0049
13:55:13.210   2769,408      38065,3402
13:55:13.711   2769,909      38163,6926
13:55:14.255   2770,453      38275,1355
13:55:14.796   2770,994      38351,4369
13:55:15.406   2771,604      38511,7904
13:55:15.961   2772,159      38545,9731
13:55:16.527   2772,725      38642,3907
13:55:17.074   2773,272      38771,0071
13:55:17.579   2773,777      38817,0047
13:55:18.124   2774,322      38860,1802
13:55:18.656   2774,854      38902,5211
13:55:19.263   2775,461      38965,1498
13:55:19.862   2776,060      38995,8378
13:55:20.431   2776,629      39087,3151
13:55:20.978   2777,176      39083,8141
13:55:21.545   2777,743      39155,6015
13:55:22.093   2778,291      39161,6986
13:55:22.679   2778,877      39213,2148
13:55:23.256   2779,454      39225,8971
13:55:23.827   2780,025      39262,2278
13:55:24.379   2780,577      39200,7030
13:55:24.956   2781,154      39298,1059
13:55:25.517   2781,715      39254,6225
13:55:26.078   2782,276      39349,7158
13:55:26.613   2782,811      39340,1852
13:55:27.148   2783,346      39369,9827
13:55:27.662   2783,860      39361,9847
13:55:28.216   2784,414      39402,6667
13:55:28.754   2784,952      39402,7480
13:55:29.300   2785,498      39445,0844
13:55:29.867   2786,065      39438,1029
13:55:30.424   2786,622      39409,2441
13:55:30.967   2787,165      39475,2280
13:55:31.530   2787,728      39465,0525
13:55:32.110   2788,308      39494,3891
13:55:32.680   2788,878      39439,2734
13:55:33.185   2789,383      39519,5633
13:55:33.691   2789,889      39474,7093
13:55:34.235   2790,433      39535,0209
13:55:34.801   2790,999      39501,7026
13:55:35.380   2791,578      39496,3266
13:55:35.942   2792,140      39485,4855
13:55:36.482   2792,680      39474,8444
13:55:37.023   2793,221      39524,5280
13:55:37.607   2793,805      39465,1550
13:55:38.195   2794,393      39526,0166
13:55:38.802   2795,000      39555,8429
13:55:39.370   2795,568      39554,4047
13:55:39.928   2796,126      39595,4496
13:55:40.463   2796,661      39523,8025
13:55:41.039   2797,237      39545,6629
13:55:41.607   2797,805      39575,0379
13:55:42.159   2798,357      39615,9160
13:55:42.699   2798,897      39564,5430
13:55:43.258   2799,456      39588,5712
13:55:43.760   2799,958      39617,1828
13:55:44.291   2800,489      39632,1166
13:55:44.847   2801,045      39613,0059
13:55:45.384   2801,582      39628,8622
13:55:45.946   2802,144      39572,7218
13:55:46.504   2802,702      39606,6006
13:55:47.073   2803,271      39629,2137
13:55:47.651   2803,849      39645,5185
13:55:48.221   2804,419      39580,3461
13:55:48.775   2804,973      39620,5747
13:55:49.337   2805,535      39633,7668
13:55:49.874   2806,072      39584,0387
13:55:50.430   2806,628      39627,0233
13:55:51.003   2807,201      39656,7750
13:55:51.589   2807,787      39678,1981
13:55:52.133   2808,331      39656,2605
13:55:52.716   2808,914      39635,8923
13:55:53.295   2809,493      39686,0850
13:55:53.855   2810,053      39656,1184
13:55:54.413   2810,611      39667,5036
13:55:54.921   2811,119      39605,9938
13:55:55.451   2811,649      39656,8832
13:55:56.015   2812,213      39626,5264
13:55:56.564   2812,762      39655,6995
13:55:57.121   2813,319      39626,4992
13:55:57.670   2813,868      39690,8116
13:55:58.252   2814,450      39733,2195
13:55:58.797   2814,995      39702,5026
13:55:59.409   2815,607      39661,7532
13:55:59.944   2816,142      39671,8484
13:56:00.492   2816,690      39656,0299
13:56:01.086   2817,284      39668,4219
13:56:01.607   2817,805      39713,1786
13:56:02.143   2818,341      39691,8559
13:56:02.723   2818,921      39668,4620
13:56:03.252   2819,450      39692,2543
13:56:03.779   2819,977      39684,1021
13:56:04.353   2820,551      39643,4387
13:56:04.928   2821,126      39648,0298
13:56:05.451   2821,649      39657,2739
13:56:06.020   2822,218      39698,7574
13:56:06.570   2822,768      39641,2185
13:56:07.081   2823,279      39661,5251
13:56:07.604   2823,802      39731,1004
13:56:08.151   2824,349      39732,2875
13:56:08.729   2824,927      39775,0479
13:56:09.326   2825,524      39727,3887
13:56:09.875   2826,073      39708,7724
13:56:10.406   2826,604      39721,5471
13:56:10.951   2827,149      39747,2174
13:56:11.525   2827,723      39813,9242
13:56:12.100   2828,298      39720,6817
13:56:12.648   2828,846      39697,7563
13:56:13.203   2829,401      39716,1179
13:56:13.718   2829,916      39706,9269
13:56:14.268   2830,466      39705,5683
13:56:14.824   2831,022      39713,4420
13:56:15.357   2831,555      39760,9982
13:56:15.941   2832,139      39731,7431
13:56:16.482   2832,680      39784,5632
13:56:17.026   2833,224      39746,1404
13:56:17.527   2833,725      39743,7372
13:56:18.065   2834,263      39706,7321
13:56:18.605   2834,803      39715,3846
13:56:19.158   2835,356      39674,3155
13:56:19.690   2835,888      39712,1975
13:56:20.282   2836,480      39732,9807
13:56:20.861   2837,059      39722,0313
13:56:21.436   2837,634      39706,9137
13:56:22.017   2838,215      39712,2488
13:56:22.587   2838,785      39685,9072
13:56:23.129   2839,327      39708,1982
13:56:23.742   2839,940      39752,8990
13:56:24.288   2840,486      39737,5493
13:56:24.864   2841,062      39731,8876
13:56:25.427   2841,625      39706,3832
13:56:26.041   2842,239      39713,0184
13:56:26.614   2842,812      39770,9575
13:56:27.164   2843,362      39654,2466
13:56:27.666   2843,864      39750,2310
13:56:28.171   2844,369      39660,2990
13:56:28.774   2844,972      39691,1178
13:56:29.329   2845,527      39740,4016
13:56:29.909   2846,107      39697,3644
13:56:30.465   2846,663      39693,4997
13:56:31.026   2847,224      39670,8054
13:56:31.541   2847,739      39695,8345
13:56:32.116   2848,314      39690,0188
13:56:32.672   2848,870      39609,9978
13:56:33.223   2849,421      39607,7801
13:56:33.779   2849,977      39561,8165
13:56:34.364   2850,562      39595,6856
13:56:34.901   2851,099      39529,0301
13:56:35.443   2851,641      39442,7260
13:56:35.996   2852,194      39394,1404
13:56:36.541   2852,739      39276,0180
13:56:37.053   2853,251      39199,2556
13:56:37.622   2853,820      39104,8358
13:56:38.158   2854,356      38908,5293
13:56:38.726   2854,924      38828,1776
13:56:39.262   2855,460      38637,3329
13:56:39.807   2856,005      38461,4222
13:56:40.369   2856,567      38313,3586
13:56:40.937   2857,135      38040,8389
13:56:41.453   2857,651      37833,6828
13:56:41.957   2858,155      37614,0348
13:56:42.512   2858,710      37298,8333
13:56:43.030   2859,228      37045,2496
13:56:43.603   2859,801      36742,8248
13:56:44.166   2860,364      36439,0133
13:56:44.736   2860,934      36150,1204
13:56:45.334   2861,532      35833,0518
13:56:45.845   2862,043      35637,2210
13:56:46.424   2862,622      35272,9362
13:56:46.990   2863,188      34923,5737
13:56:47.575   2863,773      34599,5348
13:56:48.146   2864,344      34210,1736
13:56:48.697   2864,895      33924,4443
13:56:49.245   2865,443      33534,3481
13:56:49.829   2866,027      33054,4739
13:56:50.379   2866,577      32609,9252
13:56:50.927   2867,125      32163,5503
13:56:51.477   2867,675      31681,3945
13:56:52.045   2868,243      31155,6675
13:56:52.590   2868,788      30690,8713
13:56:53.138   2869,336      30091,8767
13:56:53.728   2869,926      29521,7882
13:56:54.274   2870,472      28946,5585
13:56:54.823   2871,021      28386,3540
13:56:55.407   2871,605      27736,1567
13:56:55.907   2872,105      27162,6552
13:56:56.481   2872,679      26496,8476
13:56:57.036   2873,234      25877,0242
13:56:57.606   2873,804      25192,1176
13:56:58.179   2874,377      24488,7453
13:56:58.739   2874,937      23889,1386
13:56:59.288   2875,486      23154,8010
13:56:59.817   2876,015      22546,6473
13:57:00.379   2876,577      21845,4967
13:57:00.958   2877,156      21128,0240
13:57:01.458   2877,656      20552,5633
13:57:02.012   2878,210      19876,0434
13:57:02.563   2878,761      19200,5046
13:57:03.108   2879,306      18574,3015
13:57:03.693   2879,891      17901,3064
13:57:04.240   2880,438      17287,9525
13:57:04.772   2880,970      16646,5212
13:57:05.359   2881,557      16105,1786
13:57:05.941   2882,139      15514,7746
13:57:06.501   2882,699      14947,6393
13:57:07.079   2883,277      14383,4931
13:57:07.674   2883,872      13795,7423
13:57:08.249   2884,447      13235,3074
13:57:08.798   2884,996      12785,5946
13:57:09.365   2885,563      12333,0107
13:57:09.905   2886,103      11891,9924
13:57:10.480   2886,678      11521,7833
13:57:11.032   2887,230      11431,5642
13:57:11.547   2887,745      11500,4168
13:57:12.062   2888,260      11627,5943
13:57:12.618   2888,816      11841,9063
13:57:13.171   2889,369      12134,7827
13:57:13.694   2889,892      12370,7330
13:57:14.243   2890,441      12757,5385
13:57:14.795   2890,993      13136,3975
13:57:15.395   2891,593      13591,4143
13:57:15.927   2892,125      14007,9905
13:57:16.487   2892,685      14482,4259
13:57:17.035   2893,233      14989,4587
13:57:17.550   2893,748      15474,0172
13:57:18.102   2894,300      16020,4002
13:57:18.673   2894,871      16638,4026
13:57:19.235   2895,433      17221,7746
13:57:19.753   2895,951      17825,1732
13:57:20.340   2896,538      18411,9519
13:57:20.881   2897,079      19088,8940
13:57:21.458   2897,656      19762,0623
13:57:21.997   2898,195      20407,1207
13:57:22.542   2898,740      21110,2809
13:57:23.098   2899,296      21765,9685
13:57:23.609   2899,807      22426,5461
13:57:24.137   2900,335      23062,4289
13:57:24.700   2900,898      23768,7604
13:57:25.244   2901,442      24470,8407
13:57:25.770   2901,968      25043,0862
13:57:26.332   2902,530      25744,7588
13:57:26.875   2903,073      26410,8111
13:57:27.451   2903,649      27155,1712
13:57:28.053   2904,251      27792,0490
13:57:28.596   2904,794      28435,2233
13:57:29.156   2905,354      29029,6521
13:57:29.669   2905,867      29601,5080
13:57:30.174   2906,372      30153,6294
13:57:30.732   2906,930      30666,2936
13:57:31.280   2907,478      31247,5189
13:57:31.871   2908,069      31814,5703
13:57:32.419   2908,617      32222,5971
13:57:32.967   2909,165      32722,8600
13:57:33.562   2909,760      33162,5525
13:57:34.094   2910,292      33562,3154
13:57:34.596   2910,794      33886,4817
13:57:35.161   2911,359      34285,5374
13:57:35.732   2911,930      34709,9207
13:57:36.289   2912,487      35019,1609
13:57:36.865   2913,063      35307,7630
13:57:37.429   2913,627      35653,7143
13:57:38.002   2914,200      35930,7023
13:57:38.556   2914,754      36220,6186
13:57:39.100   2915,298      36456,9018
13:57:39.608   2915,806      36684,1274
13:57:40.148   2916,346      36859,2335
13:57:40.722   2916,920      37129,9072
13:57:41.268   2917,466      37315,2858
13:57:41.774   2917,972      37512,8541
13:57:42.298   2918,496      37632,7084
13:57:42.852   2919,050      37800,7955
13:57:43.405   2919,603      37918,5394
13:57:43.962   2920,160      38094,5692
13:57:44.502   2920,700      38145,5567
13:57:45.052   2921,250      38285,4724
13:57:45.615   2921,813      38404,5798
13:57:46.199   2922,397      38439,8978
13:57:46.754   2922,952      38576,4814
13:57:47.370   2923,568      38689,3077
13:57:47.926   2924,124      38738,6398
13:57:48.461   2924,659      38796,8889
13:57:49.022   2925,220      38881,2136
13:57:49.541   2925,739      38928,3235
13:57:50.041   2926,239      38943,4207
13:57:50.613   2926,811      38980,3268
13:57:51.192   2927,390      39064,8699
13:57:51.745   2927,943      39007,2800
13:57:52.325   2928,523      39094,0321
13:57:52.925   2929,123      39106,1543
13:57:53.438   2929,636      39120,2118
13:57:53.938   2930,136      39137,5596
13:57:54.522   2930,720      39187,1586
13:57:55.066   2931,264      39245,9249
13:57:55.583   2931,781      39179,5943
13:57:56.140   2932,338      39260,6793
13:57:56.703   2932,901      39286,9127
13:57:57.252   2933,450      39325,1558
13:57:57.840   2934,038      39363,5087
13:57:58.371   2934,569      39256,1948
13:57:58.951   2935,149      39355,5220
13:57:59.527   2935,725      39367,0986
13:58:00.103   2936,301      39362,8341
13:58:00.638   2936,836      39363,7132
13:58:01.207   2937,405      39398,3461
13:58:01.712   2937,910      39380,1650
13:58:02.280   2938,478      39443,4536
13:58:02.866   2939,064      39431,3038
13:58:03.457   2939,655      39374,8725
13:58:04.026   2940,224      39436,2102
13:58:04.564   2940,762      39444,8799
13:58:05.111   2941,309      39451,3136
13:58:05.710   2941,908      39465,1308
13:58:06.247   2942,445      39470,7237
13:58:06.787   2942,985      39483,8612
13:58:07.360   2943,558      39469,2389
13:58:07.951   2944,149      39486,2521
13:58:08.453   2944,651      39445,1535
13:58:08.989   2945,187      39480,9796
13:58:09.496   2945,694      39517,4743
13:58:10.030   2946,228      39501,2810
13:58:10.596   2946,794      39523,7746
13:58:11.159   2947,357      39527,0134
13:58:11.746   2947,944      39525,3312
13:58:12.320   2948,518      39513,7701
13:58:12.882   2949,080      39555,2301
13:58:13.388   2949,586      39519,6757
13:58:13.992   2950,190      39542,2047
13:58:14.531   2950,729      39563,0111
13:58:15.081   2951,279      39581,4012
13:58:15.614   2951,812      39546,8209
13:58:16.180   2952,378      39550,7802
13:58:16.724   2952,922      39554,7187
13:58:17.282   2953,480      39496,3527
13:58:17.854   2954,052      39577,8387
13:58:18.363   2954,561      39609,0784
13:58:18.921   2955,119      39548,2156
13:58:19.521   2955,719      39552,8660
13:58:20.087   2956,285      39574,0197
13:58:20.623   2956,821      39613,6990
13:58:21.196   2957,394      39574,5552
13:58:21.780   2957,978      39554,8294
13:58:22.350   2958,548      39618,0632
13:58:22.892   2959,090      39628,0724
13:58:23.448   2959,646      39556,1713
13:58:23.971   2960,169      39616,4489
13:58:24.522   2960,720      39563,5677
13:58:25.078   2961,276      39612,1830
13:58:25.621   2961,819      39590,5752
13:58:26.161   2962,359      39647,4329
13:58:26.731   2962,929      39632,0500
13:58:27.267   2963,465      39591,8654
13:58:27.793   2963,991      39628,8791
13:58:28.342   2964,540      39608,5684
13:58:28.881   2965,079      39642,5138
13:58:29.451   2965,649      39643,5712
13:58:30.006   2966,204      39644,3172
13:58:30.569   2966,767      39626,7325
13:58:31.126   2967,324      39628,0886
13:58:31.709   2967,907      39636,8897
13:58:32.289   2968,487      39662,0036
13:58:32.880   2969,078      39635,0313
13:58:33.463   2969,661      39589,4169
13:58:33.990   2970,188      39699,8356
13:58:34.525   2970,723      39677,3868
13:58:35.102   2971,300      39668,3919
13:58:35.613   2971,811      39642,7277
13:58:36.172   2972,370      39633,7211
13:58:36.731   2972,929      39626,9129
13:58:37.290   2973,488      39647,5517
13:58:37.868   2974,066      39668,8101
13:58:38.368   2974,566      39686,3910
13:58:38.907   2975,105      39639,4762
13:58:39.479   2975,677      39639,0825
13:58:39.995   2976,193      39651,5307
13:58:40.554   2976,752      39664,8708
13:58:41.113   2977,311      39677,6640
13:58:41.623   2977,821      39690,0807
13:58:42.127   2978,325      39660,5413
13:58:42.678   2978,876      39685,1884
13:58:43.273   2979,471      39676,8524
13:58:43.802   2980,000      39650,4908
13:58:44.339   2980,537      39678,2504
13:58:44.889   2981,087      39710,9454
13:58:45.487   2981,685      39709,4028
13:58:46.025   2982,223      39709,6814
13:58:46.535   2982,733      39724,5625
13:58:47.070   2983,268      39661,4001
13:58:47.658   2983,856      39678,8268
13:58:48.161   2984,359      39706,9367
13:58:48.720   2984,918      39638,1020
13:58:49.270   2985,468      39731,2070
13:58:49.808   2986,006      39726,8484
13:58:50.395   2986,593      39643,6514
13:58:50.930   2987,128      39697,1792
13:58:51.503   2987,701      39687,6174
13:58:52.081   2988,279      39669,8013
13:58:52.652   2988,850      39674,3799
13:58:53.197   2989,395      39662,7435
13:58:53.773   2989,971      39631,5044
13:58:54.331   2990,529      39715,1399
13:58:54.865   2991,063      39652,1387
13:58:55.430   2991,628      39669,5609
13:58:55.960   2992,158      39697,5493
13:58:56.529   2992,727      39675,5440
13:58:57.089   2993,287      39707,6584
13:58:57.594   2993,792      39630,1999
13:58:58.155   2994,353      39691,3169
13:58:58.711   2994,909      39729,8169
13:58:59.251   2995,449      39716,0340
13:58:59.789   2995,987      39655,0772
13:59:00.358   2996,556      39701,5533
13:59:00.925   2997,123      39645,8386
13:59:01.497   2997,695      39673,8620
13:59:02.048   2998,246      39625,4675
13:59:02.621   2998,819      39615,9414
13:59:03.181   2999,379      39599,5264
13:59:03.754   2999,952      39606,2233
13:59:04.321   3000,519      39579,3200
13:59:04.861   3001,059      39531,3334
13:59:05.419   3001,617      39475,9780
13:59:05.945   3002,143      39411,9522
13:59:06.489   3002,687      39317,0200
13:59:07.025   3003,223      39223,8714
13:59:07.615   3003,813      39084,8165
13:59:08.148   3004,346      38980,7393
13:59:08.669   3004,867      38883,0579
13:59:09.215   3005,413      38720,7462
13:59:09.753   3005,951      38509,2335
13:59:10.297   3006,495      38330,6946
13:59:10.868   3007,066      38152,9837
13:59:11.445   3007,643      37929,7530
13:59:11.987   3008,185      37682,5816
13:59:12.580   3008,778      37411,9740
13:59:13.141   3009,339      37130,0057
13:59:13.768   3009,966      36781,1247
13:59:14.346   3010,544      36490,6926
13:59:14.848   3011,046      36246,1196
13:59:15.416   3011,614      35933,1245
13:59:15.970   3012,168      35645,8616
13:59:16.509   3012,707      35368,0424
13:59:17.045   3013,243      35099,6555
13:59:17.629   3013,827      34717,0651
13:59:18.187   3014,385      34431,0035
13:59:18.751   3014,949      33965,7556
13:59:19.331   3015,529      33625,0756
13:59:19.835   3016,033      33295,1611
13:59:20.413   3016,611      32841,7028
13:59:20.916   3017,114      32403,4407
13:59:21.424   3017,622      32017,0991
13:59:21.984   3018,182      31537,9584
13:59:22.485   3018,683      31053,5386
13:59:23.030   3019,228      30551,4875
13:59:23.616   3019,814      29957,7811
13:59:24.147   3020,345      29439,9582
13:59:24.662   3020,860      28957,0877
13:59:25.196   3021,394      28297,6105
13:59:25.776   3021,974      27670,5133
13:59:26.318   3022,516      27083,2910
13:59:26.877   3023,075      26397,3363
13:59:27.445   3023,643      25793,9049
13:59:28.013   3024,211      25101,4419
13:59:28.558   3024,756      24535,6068
13:59:29.104   3025,302      23847,1973
13:59:29.661   3025,859      23166,9444
13:59:30.238   3026,436      22443,2128
13:59:30.785   3026,983      21774,6412
13:59:31.378   3027,576      21125,6407
13:59:31.933   3028,131      20390,6523
13:59:32.484   3028,682      19701,4602
13:59:33.059   3029,257      19082,6292
13:59:33.572   3029,770      18458,5089
13:59:34.166   3030,364      17854,7860
13:59:34.766   3030,964      17129,4050
13:59:35.328   3031,526      16531,7618
13:59:35.884   3032,082      15947,1059
13:59:36.459   3032,657      15346,3642
13:59:37.025   3033,223      14805,9329
13:59:37.589   3033,787      14213,5548
13:59:38.186   3034,384      13703,5388
13:59:38.759   3034,957      13195,9351
13:59:39.377   3035,575      12657,3133
13:59:39.964   3036,162      12158,8811
13:59:40.506   3036,704      11739,7382
13:59:41.054   3037,252      11493,6746
13:59:41.613   3037,811      11447,3217
13:59:42.178   3038,376      11600,0431
13:59:42.749   3038,947      11802,3056
13:59:43.285   3039,483      11970,0756
13:59:43.839   3040,037      12309,4993
13:59:44.402   3040,600      12656,7164
13:59:44.904   3041,102      12968,0563
13:59:45.407   3041,605      13346,4906
13:59:45.978   3042,176      13793,3039
13:59:46.521   3042,719      14247,0878
13:59:47.069   3043,267      14718,2606
13:59:47.585   3043,783      15193,0615
13:59:48.159   3044,357      15752,9383
13:59:48.695   3044,893      16305,7609
13:59:49.243   3045,441      16859,3311
13:59:49.810   3046,008      17475,3727
13:59:50.394   3046,592      18172,2367
13:59:50.945   3047,143      18773,1218
13:59:51.493   3047,691      19430,9102
13:59:52.081   3048,279      20093,7767
13:59:52.619   3048,817      20801,2144
13:59:53.198   3049,396      21469,3382
13:59:53.753   3049,951      22135,5800
13:59:54.300   3050,498      22811,7160
13:59:54.897   3051,095      23586,9319
13:59:55.477   3051,675      24294,8444
13:59:55.977   3052,175      24894,9274
13:59:56.563   3052,761      25611,4055
13:59:57.124   3053,322      26300,3598
13:59:57.693   3053,891      26938,4877
13:59:58.258   3054,456      27604,5780
13:59:58.828   3055,026      28252,7263
13:59:59.349   3055,547      28795,6212
13:59:59.917   3056,115      29425,9241
14:00:00.489   3056,687      30017,8879
14:00:01.040   3057,238      30536,8050
14:00:01.626   3057,824      31101,4704
14:00:02.196   3058,394      31640,1396
14:00:02.697   3058,895      32082,6869
14:00:03.246   3059,444      32574,5413
14:00:03.807   3060,005      33026,8683
14:00:04.391   3060,589      33405,4748
14:00:04.950   3061,148      33788,2539
14:00:05.528   3061,726      34208,2927
14:00:06.092   3062,290      34572,0628
14:00:06.638   3062,836      34957,6754
14:00:07.202   3063,400      35220,8458
14:00:07.762   3063,960      35523,4879
14:00:08.308   3064,506      35800,6155
14:00:08.843   3065,041      36068,2163
14:00:09.452   3065,650      36320,7041
14:00:10.017   3066,215      36607,9751
14:00:10.574   3066,772      36833,9655
14:00:11.131   3067,329      37046,5556
14:00:11.709   3067,907      37287,1468
14:00:12.302   3068,500      37376,7330
14:00:12.882   3069,080      37611,8975
14:00:13.387   3069,585      37727,1857
14:00:13.964   3070,162      37903,9301
14:00:14.501   3070,699      37985,4566
14:00:15.039   3071,237      38147,8169
14:00:15.597   3071,795      38226,9386
14:00:16.168   3072,366      38330,5000
14:00:16.753   3072,951      38477,3547
14:00:17.365   3073,563      38547,3038
14:00:17.941   3074,139      38584,3233
14:00:18.509   3074,707      38727,5840
14:00:19.087   3075,285      38735,0971
14:00:19.649   3075,847      38859,0683
14:00:20.195   3076,393      38895,1762
14:00:20.765   3076,963      38913,1514
14:00:21.340   3077,538      38933,8004
14:00:21.928   3078,126      38963,2895
14:00:22.505   3078,703      38976,3786
14:00:23.060   3079,258      39036,4708
14:00:23.584   3079,782      39047,3230
14:00:24.123   3080,321      39095,8498
14:00:24.697   3080,895      39080,0175
14:00:25.257   3081,455      39094,1028
14:00:25.862   3082,060      39174,2942
14:00:26.399   3082,597      39202,5989
14:00:26.972   3083,170      39199,6498
14:00:27.555   3083,753      39196,6825
14:00:28.096   3084,294      39248,9943
14:00:28.682   3084,880      39261,9695
14:00:29.199   3085,397      39244,8952
14:00:29.783   3085,981      39308,1349
14:00:30.343   3086,541      39285,7759
14:00:30.903   3087,101      39307,2798
14:00:31.411   3087,609      39414,2851
14:00:31.982   3088,180      39340,5299
14:00:32.551   3088,749      39400,5011
14:00:33.112   3089,310      39354,8672
14:00:33.629   3089,827      39357,4707
14:00:34.174   3090,372      39342,2140
14:00:34.756   3090,954      39377,1342
14:00:35.379   3091,577      39387,9277
14:00:35.942   3092,140      39289,6702
14:00:36.488   3092,686      39359,1596
14:00:37.033   3093,231      39363,5995
14:00:37.615   3093,813      39383,2730
14:00:38.185   3094,383      39374,9348
14:00:38.720   3094,918      39421,6705
14:00:39.313   3095,511      39416,3027
14:00:39.906   3096,104      39417,1553
14:00:40.466   3096,664      39495,2173
14:00:41.033   3097,231      39441,1041
14:00:41.573   3097,771      39452,0404
14:00:42.122   3098,320      39429,2913
14:00:42.711   3098,909      39482,2555
14:00:43.301   3099,499      39468,2012
14:00:43.849   3100,047      39497,5571
14:00:44.402   3100,600      39455,4122
14:00:44.931   3101,129      39457,9020
14:00:45.506   3101,704      39470,8351
14:00:46.080   3102,278      39488,1772
14:00:46.622   3102,820      39499,1132
14:00:47.149   3103,347      39535,1622
14:00:47.718   3103,916      39538,8103
14:00:48.284   3104,482      39505,4824
14:00:48.844   3105,042      39518,4180
14:00:49.479   3105,677      39498,2577
14:00:49.986   3106,184      39521,8108
14:00:50.517   3106,715      39556,9815
14:00:51.065   3107,263      39523,0180
14:00:51.633   3107,831      39567,3459
14:00:52.193   3108,391      39511,4657
14:00:52.739   3108,937      39551,6230
14:00:53.276   3109,474      39506,1717
14:00:53.795   3109,993      39515,1056
14:00:54.383   3110,581      39549,2034
14:00:54.926   3111,124      39548,9966
14:00:55.457   3111,655      39557,4171
14:00:56.044   3112,242      39501,3398
14:00:56.618   3112,816      39536,2768
14:00:57.190   3113,388      39567,6489
14:00:57.696   3113,894      39536,9490
14:00:58.298   3114,496      39551,0059
14:00:58.840   3115,038      39509,2185
14:00:59.399   3115,597      39529,3126
14:00:59.966   3116,164      39596,9692
14:01:00.478   3116,676      39557,6821
14:01:01.051   3117,249      39545,9738
14:01:01.629   3117,827      39541,7917
14:01:02.204   3118,402      39641,1858
14:01:02.739   3118,937      39608,0647
14:01:03.293   3119,491      39560,0269
14:01:03.811   3120,009      39556,6905
14:01:04.379   3120,577      39619,2264
14:01:04.945   3121,143      39560,1136
14:01:05.519   3121,717      39616,3112
14:01:06.083   3122,281      39566,0282
14:01:06.628   3122,826      39605,4662
14:01:07.171   3123,369      39523,7294
14:01:07.725   3123,923      39604,9993
14:01:08.323   3124,521      39560,2001
14:01:08.905   3125,103      39562,9848
14:01:09.424   3125,622      39592,3984
14:01:09.958   3126,156      39574,7834
14:01:10.501   3126,699      39552,3890
14:01:11.037   3127,235      39605,3339
14:01:11.573   3127,771      39585,5816
14:01:12.075   3128,273      39548,1499
14:01:12.619   3128,817      39617,3346
14:01:13.174   3129,372      39637,1241
14:01:13.699   3129,897      39541,3993
14:01:14.199   3130,397      39618,8862
14:01:14.743   3130,941      39612,7625
14:01:15.275   3131,473      39618,9889
14:01:15.861   3132,059      39585,6532
14:01:16.375   3132,573      39604,3969
14:01:16.930   3133,128      39574,8632
14:01:17.461   3133,659      39563,7031
14:01:18.017   3134,215      39592,0318
14:01:18.614   3134,812      39652,3388
14:01:19.171   3135,369      39642,5974
14:01:19.704   3135,902      39558,9342
14:01:20.248   3136,446      39610,6623
14:01:20.799   3136,997      39554,5406
14:01:21.371   3137,569      39591,5791
14:01:21.878   3138,076      39553,0989
14:01:22.394   3138,592      39600,7930
14:01:22.956   3139,154      39569,5602
14:01:23.524   3139,722      39612,0257
14:01:24.118   3140,316      39570,7350
14:01:24.684   3140,882      39600,8663
14:01:25.275   3141,473      39627,5739
14:01:25.864   3142,062      39585,2140
14:01:26.397   3142,595      39543,5232
14:01:26.952   3143,150      39592,1257
14:01:27.538   3143,736      39606,7043
14:01:28.045   3144,243      39632,3194
14:01:28.627   3144,825      39608,4311
14:01:29.155   3145,353      39586,5146
14:01:29.743   3145,941      39615,4140
14:01:30.303   3146,501      39624,8342
14:01:30.847   3147,045      39585,5218
14:01:31.407   3147,605      39551,9724
14:01:32.003   3148,201      39496,4808
14:01:32.540   3148,738      39627,9010
14:01:33.112   3149,310      39542,2469
14:01:33.618   3149,816      39549,8235
14:01:34.191   3150,389      39495,0242
14:01:34.722   3150,920      39461,9206
14:01:35.277   3151,475      39385,0353
14:01:35.831   3152,029      39336,5989
14:01:36.406   3152,604      39272,2151
14:01:36.966   3153,164      39174,2112
14:01:37.535   3153,733      39063,9496
14:01:38.086   3154,284      38961,9403
14:01:38.591   3154,789      38853,5182
14:01:39.169   3155,367      38709,8384
14:01:39.717   3155,915      38540,9797
14:01:40.228   3156,426      38390,9200
14:01:40.805   3157,003      38156,9787
14:01:41.404   3157,602      38024,1574
14:01:41.949   3158,147      37708,0209
14:01:42.521   3158,719      37446,4129
14:01:43.088   3159,286      37190,6684
14:01:43.652   3159,850      36921,9510
14:01:44.201   3160,399      36632,3292
14:01:44.753   3160,951      36287,0593
14:01:45.299   3161,497      36075,9970
14:01:45.864   3162,062      35770,1580
14:01:46.415   3162,613      35514,3734
14:01:46.978   3163,176      35202,0434
14:01:47.546   3163,744      34857,1952
14:01:48.105   3164,303      34495,5257
14:01:48.656   3164,854      34207,8688
14:01:49.199   3165,397      33878,2526
14:01:49.718   3165,916      33514,3961
14:01:50.283   3166,481      33178,5496
14:01:50.848   3167,046      32683,0211
14:01:51.400   3167,598      32235,2136
14:01:51.969   3168,167      31788,7035
14:01:52.519   3168,717      31259,8502
14:01:53.082   3169,280      30730,9502
14:01:53.605   3169,803      30244,9948
14:01:54.177   3170,375      29718,0756
14:01:54.708   3170,906      29145,3783
14:01:55.245   3171,443      28525,0099
14:01:55.773   3171,971      27998,7209
14:01:56.341   3172,539      27403,1599
14:01:56.902   3173,100      26757,5554
14:01:57.485   3173,683      26129,4138
14:01:58.060   3174,258      25475,5074
14:01:58.595   3174,793      24833,6049
14:01:59.163   3175,361      24204,7970
14:01:59.731   3175,929      23530,8426
14:02:00.284   3176,482      22841,9444
14:02:00.845   3177,043      22185,0671
14:02:01.412   3177,610      21505,7319
14:02:01.968   3178,166      20819,5573
14:02:02.543   3178,741      20125,2540
14:02:03.063   3179,261      19472,4088
14:02:03.649   3179,847      18808,9365
14:02:04.190   3180,388      18230,5344
14:02:04.776   3180,974      17520,9971
14:02:05.339   3181,537      16973,9697
14:02:05.885   3182,083      16372,7097
14:02:06.428   3182,626      15806,9564
14:02:07.018   3183,216      15179,4714
14:02:07.581   3183,779      14676,0012
14:02:08.122   3184,320      14102,7807
14:02:08.696   3184,894      13595,3666
14:02:09.244   3185,442      13115,3417
14:02:09.744   3185,942      12690,1528
14:02:10.249   3186,447      12297,8501
14:02:10.781   3186,979      11863,5941
14:02:11.397   3187,595      11606,5629
14:02:11.977   3188,175      11496,1267
14:02:12.535   3188,733      11613,5294
14:02:13.073   3189,271      11768,0608
14:02:13.600   3189,798      12009,4006
14:02:14.198   3190,396      12352,0362
14:02:14.731   3190,929      12647,3502
14:02:15.298   3191,496      13021,5492
14:02:15.873   3192,071      13439,7088
14:02:16.433   3192,631      13949,3564
14:02:16.968   3193,166      14294,7525
14:02:17.481   3193,679      14816,7202
14:02:18.053   3194,251      15315,6281
14:02:18.628   3194,826      15886,5334
14:02:19.195   3195,393      16447,8723
14:02:19.737   3195,935      17033,9166
14:02:20.294   3196,492      17633,6337
14:02:20.895   3197,093      18274,2249
14:02:21.470   3197,668      18973,0577
14:02:22.026   3198,224      19617,3723
14:02:22.573   3198,771      20218,6476
14:02:23.124   3199,322      20904,7227
14:02:23.682   3199,880      21610,1069
14:02:24.229   3200,427      22300,1583
14:02:24.798   3200,996      22955,5942
14:02:25.334   3201,532      23584,1815
14:02:25.892   3202,090      24269,4284
14:02:26.458   3202,656      24981,8987
14:02:27.040   3203,238      25718,9577
14:02:27.625   3203,823      26398,3997
14:02:28.227   3204,425      27088,6280
14:02:28.775   3204,973      27670,9383
14:02:29.370   3205,568      28328,6499
14:02:29.944   3206,142      28959,2420
14:02:30.454   3206,652      29504,1685
14:02:30.997   3207,195      30073,7019
14:02:31.503   3207,701      30580,8345
14:02:32.073   3208,271      31127,1616
14:02:32.617   3208,815      31664,2226
14:02:33.172   3209,370      32031,1087
14:02:33.736   3209,934      32522,6867
14:02:34.320   3210,518      32956,8661
14:02:34.902   3211,100      33387,2731
14:02:35.403   3211,601      33769,2729
14:02:35.908   3212,106      34063,1015
14:02:36.476   3212,674      34453,2534
14:02:37.047   3213,245      34829,6933
14:02:37.633   3213,831      35095,7625
14:02:38.150   3214,348      35382,9604
14:02:38.734   3214,932      35724,0085
14:02:39.271   3215,469      35960,5633
14:02:39.845   3216,043      36217,6196
14:02:40.364   3216,562      36439,4143
14:02:40.924   3217,122      36679,8508
14:02:41.497   3217,695      36865,1232
14:02:42.094   3218,292      37083,9702
14:02:42.667   3218,865      37275,5955
14:02:43.227   3219,425      37455,9131
14:02:43.751   3219,949      37600,1559
14:02:44.301   3220,499      37798,6707
14:02:44.837   3221,035      37869,0544
14:02:45.405   3221,603      38045,6328
14:02:45.954   3222,152      38134,4121
14:02:46.512   3222,710      38243,0677
14:02:47.068   3223,266      38312,4009
14:02:47.580   3223,778      38395,8451
14:02:48.146   3224,344      38509,6426
14:02:48.692   3224,890      38489,5712
14:02:49.234   3225,432      38621,0596
14:02:49.736   3225,934      38738,9529
14:02:50.288   3226,486      38782,9123
14:02:50.833   3227,031      38735,6847
14:02:51.348   3227,546      38791,8728
14:02:51.930   3228,128      38843,4515
14:02:52.476   3228,674      38966,6478
14:02:53.046   3229,244      38916,9564
14:02:53.612   3229,810      38960,6302
14:02:54.163   3230,361      39002,3123
14:02:54.710   3230,908      39014,1169
14:02:55.291   3231,489      39028,7584
14:02:55.866   3232,064      39046,1599
14:02:56.433   3232,631      39059,9396
14:02:57.038   3233,236      39119,6672
14:02:57.618   3233,816      39146,9994
14:02:58.189   3234,387      39123,1769
14:02:58.742   3234,940      39176,2271
14:02:59.338   3235,536      39124,6572
14:02:59.919   3236,117      39153,7305
14:03:00.425   3236,623      39176,7453
14:03:00.997   3237,195      39210,3666
14:03:01.573   3237,771      39174,8810
14:03:02.110   3238,308      39209,7295
14:03:02.670   3238,868      39200,0184
14:03:03.217   3239,415      39216,1609
14:03:03.785   3239,983      39285,7983
14:03:04.388   3240,586      39204,9648
14:03:04.973   3241,171      39209,3092
14:03:05.560   3241,758      39160,9655
14:03:06.124   3242,322      39206,2205
14:03:06.666   3242,864      39214,0028
14:03:07.220   3243,418      39297,5203
14:03:07.722   3243,920      39310,0081
14:03:08.260   3244,458      39300,2593
14:03:08.840   3245,038      39314,0625
14:03:09.342   3245,540      39316,8135
14:03:09.909   3246,107      39339,1373
14:03:10.441   3246,639      39390,7178
14:03:10.948   3247,146      39329,2715
14:03:11.525   3247,723      39364,4355
14:03:12.089   3248,287      39325,5395
14:03:12.641   3248,839      39337,3320
14:03:13.191   3249,389      39371,1749
14:03:13.724   3249,922      39385,3165
14:03:14.276   3250,474      39340,3795
14:03:14.835   3251,033      39346,2219
14:03:15.349   3251,547      39363,8970
14:03:15.849   3252,047      39423,1332
14:03:16.424   3252,622      39353,5969
14:03:16.964   3253,162      39357,0716
14:03:17.541   3253,739      39379,4381
14:03:18.087   3254,285      39408,7268
14:03:18.662   3254,860      39350,8124
14:03:19.232   3255,430      39380,4954
14:03:19.809   3256,007      39410,5731
14:03:20.311   3256,509      39419,2217
14:03:20.857   3257,055      39368,3501
14:03:21.443   3257,641      39399,5776
14:03:22.012   3258,210      39425,1940
14:03:22.551   3258,749      39358,7647
14:03:23.117   3259,315      39396,0751
14:03:23.622   3259,820      39399,6199
14:03:24.155   3260,353      39403,0740
14:03:24.667   3260,865      39391,6962
14:03:25.225   3261,423      39405,6064
14:03:25.765   3261,963      39409,7003
14:03:26.345   3262,543      39359,3796
14:03:26.895   3263,093      39388,1115
14:03:27.409   3263,607      39461,3680
14:03:27.951   3264,149      39425,5376
14:03:28.534   3264,732      39431,5947
14:03:29.074   3265,272      39450,5897
14:03:29.655   3265,853      39409,2304
14:03:30.157   3266,355      39455,1353
14:03:30.732   3266,930      39427,9552
14:03:31.345   3267,543      39454,5186
14:03:31.919   3268,117      39424,8545
14:03:32.465   3268,663      39435,8675
14:03:33.041   3269,239      39492,7622
14:03:33.544   3269,742      39438,2085
14:03:34.109   3270,307      39413,5322
14:03:34.691   3270,889      39446,3496
14:03:35.287   3271,485      39489,2913
14:03:35.831   3272,029      39462,4668
14:03:36.379   3272,577      39446,4634
14:03:36.924   3273,122      39464,0312
14:03:37.486   3273,684      39494,8234
14:03:38.011   3274,209      39472,0659
14:03:38.575   3274,773      39477,7278
14:03:39.149   3275,347      39459,3164
14:03:39.654   3275,852      39420,9142
14:03:40.233   3276,431      39470,6664
14:03:40.769   3276,967      39473,0055
14:03:41.291   3277,489      39520,1458
14:03:41.819   3278,017      39513,6475
14:03:42.411   3278,609      39510,7139
14:03:42.995   3279,193      39492,8031
14:03:43.598   3279,796      39499,6632
14:03:44.157   3280,355      39540,2275
14:03:44.706   3280,904      39510,2490
14:03:45.247   3281,445      39489,0405
14:03:45.763   3281,961      39509,3444
14:03:46.272   3282,470      39506,8661
14:03:46.859   3283,057      39483,5958
14:03:47.359   3283,557      39501,5424
14:03:47.909   3284,107      39467,4487
14:03:48.479   3284,677      39461,9258
14:03:49.079   3285,277      39486,1151
14:03:49.653   3285,851      39449,5955
14:03:50.232   3286,430      39511,8638
14:03:50.775   3286,973      39492,6088
14:03:51.346   3287,544      39523,5502
14:03:51.904   3288,102      39432,3863
14:03:52.467   3288,665      39446,7727
14:03:53.019   3289,217      39439,5715
14:03:53.555   3289,753      39481,9983
14:03:54.080   3290,278      39480,0763
14:03:54.663   3290,861      39524,6994
14:03:55.218   3291,416      39520,2099
14:03:55.801   3291,999      39452,9540
14:03:56.381   3292,579      39496,8929
14:03:56.937   3293,135      39497,2356
14:03:57.449   3293,647      39506,6297
14:03:58.024   3294,222      39497,2029
14:03:58.604   3294,802      39491,2317
14:03:59.106   3295,304      39485,3685
14:03:59.627   3295,825      39477,6526
14:04:00.175   3296,373      39474,0791
14:04:00.717   3296,915      39482,5051
14:04:01.290   3297,488      39472,0157
14:04:01.873   3298,071      39473,8130
14:04:02.437   3298,635      39529,5689
14:04:03.006   3299,204      39450,8795
14:04:03.597   3299,795      39483,2237
14:04:04.166   3300,364      39377,9889
14:04:04.750   3300,948      39399,0889
14:04:05.322   3301,520      39360,0706
14:04:05.888   3302,086      39279,0512
14:04:06.449   3302,647      39266,8153
14:04:06.989   3303,187      39157,5240
14:04:07.499   3303,697      39098,4890
14:04:08.063   3304,261      38939,6068
14:04:08.595   3304,793      38865,5442
14:04:09.157   3305,355      38707,8428
14:04:09.751   3305,949      38446,5673
14:04:10.304   3306,502      38308,5987
14:04:10.876   3307,074      38090,2676
14:04:11.418   3307,616      37960,6581
14:04:11.978   3308,176      37672,2525
14:04:12.535   3308,733      37369,8598
14:04:13.078   3309,276      37145,6443
14:04:13.616   3309,814      36854,7095
14:04:14.159   3310,357      36573,2812
14:04:14.758   3310,956      36287,2417
14:04:15.370   3311,568      36016,2857
14:04:16.001   3312,199      35722,9752
14:04:16.583   3312,781      35507,7892
14:04:17.143   3313,341      35198,3829
14:04:17.717   3313,915      34857,7198
14:04:18.299   3314,497      34557,4671
14:04:18.872   3315,070      34207,0691
14:04:19.439   3315,637      33820,3248
14:04:20.013   3316,211      33497,9787
14:04:20.565   3316,763      33084,5193
14:04:21.134   3317,332      32675,4233
14:04:21.651   3317,849      32216,4580
14:04:22.239   3318,437      31746,3976
14:04:22.805   3319,003      31286,5204
14:04:23.396   3319,594      30776,6943
14:04:23.956   3320,154      30234,3814
14:04:24.522   3320,720      29630,5551
14:04:25.054   3321,252      29116,3151
14:04:25.617   3321,815      28513,6999
14:04:26.191   3322,389      27899,2410
14:04:26.760   3322,958      27329,2310
14:04:27.371   3323,569      26686,0969
14:04:27.937   3324,135      25994,0029
14:04:28.503   3324,701      25372,7282
14:04:29.068   3325,266      24697,6377
14:04:29.568   3325,766      24128,1296
14:04:30.117   3326,315      23496,5252
14:04:30.690   3326,888      22786,2034
14:04:31.262   3327,460      22096,7131
14:04:31.779   3327,977      21443,4132
14:04:32.288   3328,486      20845,5877
14:04:32.849   3329,047      20217,3879
14:04:33.392   3329,590      19599,3542
14:04:33.958   3330,156      18932,8272
14:04:34.532   3330,730      18231,0630
14:04:35.108   3331,306      17624,5899
14:04:35.681   3331,879      17030,2096
14:04:36.242   3332,440      16440,9657
14:04:36.819   3333,017      15802,0543
14:04:37.419   3333,617      15289,9371
14:04:37.979   3334,177      14664,4756
14:04:38.514   3334,712      14126,9728
14:04:39.089   3335,287      13633,2705
14:04:39.661   3335,859      13124,5677
14:04:40.221   3336,419      12626,2748
14:04:40.751   3336,949      12233,1140
14:04:41.327   3337,525      11783,4539
14:04:41.895   3338,093      11550,8292
14:04:42.448   3338,646      11597,9504
14:04:42.995   3339,193      11704,2677
14:04:43.560   3339,758      11860,2491
14:04:44.070   3340,268      12103,7230
14:04:44.611   3340,809      12419,3760
14:04:45.185   3341,383      12791,5542
14:04:45.695   3341,893      13124,1485
14:04:46.234   3342,432      13520,5438
14:04:46.801   3342,999      13962,8234
14:04:47.364   3343,562      14364,9335
14:04:47.918   3344,116      14903,8698
14:04:48.486   3344,684      15433,5791
14:04:49.047   3345,245      15971,6039
14:04:49.628   3345,826      16555,3103
14:04:50.180   3346,378      17148,2774
14:04:50.718   3346,916      17708,7381
14:04:51.283   3347,481      18384,0810
14:04:51.823   3348,021      18979,9472
14:04:52.387   3348,585      19645,9698
14:04:52.938   3349,136      20261,6090
14:04:53.497   3349,695      20982,1704
14:04:54.035   3350,233      21628,1186
14:04:54.593   3350,791      22319,4990
14:04:55.142   3351,340      22942,8080
14:04:55.721   3351,919      23642,0368
14:04:56.242   3352,440      24237,6115
14:04:56.784   3352,982      24919,4602
14:04:57.386   3353,584      25644,1954
14:04:57.900   3354,098      26245,9362
14:04:58.477   3354,675      26952,4376
14:04:59.016   3355,214      27528,4172
14:04:59.521   3355,719      28101,6549
14:05:00.070   3356,268      28746,2293
14:05:00.637   3356,835      29339,9807
14:05:01.177   3357,375      29853,7076
14:05:01.686   3357,884      30344,4645
14:05:02.248   3358,446      30936,9120
14:05:02.808   3359,006      31368,8330
14:05:03.373   3359,571      31860,8226
14:05:03.978   3360,176      32372,4691
14:05:04.525   3360,723      32790,0800
14:05:05.091   3361,289      33226,5642
14:05:05.673   3361,871      33683,9398
14:05:06.241   3362,439      34010,8428
14:05:06.815   3363,013      34323,1837
14:05:07.323   3363,521      34668,2121
14:05:07.829   3364,027      34985,3391
14:05:08.398   3364,596      35264,8059
14:05:08.911   3365,109      35526,2001
14:05:09.498   3365,696      35817,3530
14:05:10.036   3366,234      36115,4037
14:05:10.595   3366,793      36334,4897
14:05:11.138   3367,336      36542,0870
14:05:11.698   3367,896      36814,7111
14:05:12.280   3368,478      36974,4678
14:05:12.861   3369,059      37228,6402
14:05:13.377   3369,575      37298,5578
14:05:13.888   3370,086      37455,5630
14:05:14.428   3370,626      37638,1490
14:05:14.994   3371,192      37786,8072
14:05:15.585   3371,783      37905,2904
14:05:16.143   3372,341      38010,7557
14:05:16.685   3372,883      38146,8632
14:05:17.221   3373,419      38207,0053
14:05:17.800   3373,998      38377,5811
14:05:18.341   3374,539      38405,8943
14:05:18.896   3375,094      38513,7575
14:05:19.451   3375,649      38513,9244
14:05:20.024   3376,222      38596,1576
14:05:20.584   3376,782      38637,8032
14:05:21.146   3377,344      38748,9324
14:05:21.711   3377,909      38785,5306
14:05:22.286   3378,484      38784,6608
14:05:22.835   3379,033      38813,6481
14:05:23.340   3379,538      38819,1766
14:05:23.901   3380,099      38876,4047
14:05:24.456   3380,654      38912,7617
14:05:25.000   3381,198      38911,0187
14:05:25.565   3381,763      38953,4129
14:05:26.112   3382,310      38959,3838
14:05:26.646   3382,844      39020,2668
14:05:27.213   3383,411      39037,6128
14:05:27.721   3383,919      39030,6273
14:05:28.287   3384,485      39061,6062
14:05:28.854   3385,052      39030,4113
14:05:29.458   3385,656      39091,0632
14:05:30.030   3386,228      39142,3613
14:05:30.582   3386,780      39053,4715
14:05:31.147   3387,345      39106,6493
14:05:31.712   3387,910      39093,2350
14:05:32.278   3388,476      39115,5935
14:05:32.852   3389,050      39117,9822
14:05:33.417   3389,615      39130,4566
14:05:33.998   3390,196      39133,8911
14:05:34.541   3390,739      39134,3035
14:05:35.102   3391,300      39194,0634
14:05:35.672   3391,870      39167,2730
14:05:36.242   3392,440      39182,1114
14:05:36.778   3392,976      39203,7120
14:05:37.370   3393,568      39162,2522
14:05:37.925   3394,123      39165,0154
14:05:38.462   3394,660      39204,4307
14:05:39.036   3395,234      39217,5842
14:05:39.612   3395,810      39170,7698
14:05:40.115   3396,313      39163,0756
14:05:40.667   3396,865      39170,1232
14:05:41.223   3397,421      39213,6224
14:05:41.735   3397,933      39204,2384
14:05:42.293   3398,491      39220,7023
14:05:42.855   3399,053      39224,0605
14:05:43.450   3399,648      39232,7068
14:05:44.020   3400,218      39246,7704
14:05:44.590   3400,788      39261,5740
14:05:45.127   3401,325      39259,1788
14:05:45.649   3401,847      39291,3555
14:05:46.274   3402,472      39304,9707
14:05:46.844   3403,042      39327,1471
14:05:47.391   3403,589      39274,1527
14:05:47.905   3404,103      39268,5805
14:05:48.461   3404,659      39282,5197
14:05:49.021   3405,219      39346,3865
14:05:49.596   3405,794      39308,6665
14:05:50.134   3406,332      39289,1382
14:05:50.706   3406,904      39356,7299
14:05:51.211   3407,409      39338,9778
14:05:51.766   3407,964      39323,6073
14:05:52.308   3408,506      39327,5678
14:05:52.828   3409,026      39336,4903
14:05:53.349   3409,547      39283,1251
14:05:53.923   3410,121      39342,7345
14:05:54.458   3410,656      39383,5510
14:05:55.027   3411,225      39333,5109
14:05:55.604   3411,802      39343,9386
14:05:56.155   3412,353      39362,4686
14:05:56.743   3412,941      39358,2323
14:05:57.285   3413,483      39351,2804
14:05:57.820   3414,018      39345,3851
14:05:58.321   3414,519      39373,3554
14:05:58.875   3415,073      39375,3725
14:05:59.463   3415,661      39360,1357
14:06:00.053   3416,251      39334,0565
14:06:00.603   3416,801      39329,3978
14:06:01.165   3417,363      39333,2644
14:06:01.683   3417,881      39368,4461
14:06:02.198   3418,396      39330,6625
14:06:02.752   3418,950      39359,7463
14:06:03.354   3419,552      39309,0770
14:06:03.928   3420,126      39431,2517
14:06:04.483   3420,681      39357,5438
14:06:05.041   3421,239      39407,0638
14:06:05.628   3421,826      39387,3879
14:06:06.177   3422,375      39431,7987
14:06:06.746   3422,944      39377,8464
14:06:07.340   3423,538      39388,7287
14:06:07.856   3424,054      39375,7200
14:06:08.412   3424,610      39409,9180
14:06:08.985   3425,183      39380,8595
14:06:09.521   3425,719      39411,3781
14:06:10.083   3426,281      39375,3802
14:06:10.624   3426,822      39369,6592
14:06:11.172   3427,370      39378,5687
14:06:11.748   3427,946      39345,9034
14:06:12.301   3428,499      39409,2860
14:06:12.849   3429,047      39433,2692
14:06:13.439   3429,637      39380,6710
14:06:13.961   3430,159      39384,2234
14:06:14.529   3430,727      39463,5810
14:06:15.074   3431,272      39420,9741
14:06:15.633   3431,831      39430,3598
14:06:16.174   3432,372      39438,0209
14:06:16.728   3432,926      39383,5037
14:06:17.352   3433,550      39368,0759
14:06:17.853   3434,051      39392,2379
14:06:18.393   3434,591      39451,5888
14:06:18.970   3435,168      39416,7997
14:06:19.555   3435,753      39381,9192
14:06:20.106   3436,304      39446,6992
14:06:20.652   3436,850      39427,7884
14:06:21.190   3437,388      39407,7566
14:06:21.731   3437,929      39440,5265
14:06:22.295   3438,493      39427,3750
14:06:22.844   3439,042      39378,1876
14:06:23.439   3439,637      39384,8765
14:06:24.015   3440,213      39357,0900
14:06:24.589   3440,787      39394,3370
14:06:25.129   3441,327      39433,4674
14:06:25.746   3441,944      39389,3773
14:06:26.341   3442,539      39431,1431
14:06:26.885   3443,083      39389,8212
14:06:27.405   3443,603      39464,4113
14:06:27.947   3444,145      39382,4369
14:06:28.506   3444,704      39386,1664
14:06:29.042   3445,240      39423,5280
14:06:29.612   3445,810      39399,2260
14:06:30.130   3446,328      39396,1435
14:06:30.675   3446,873      39356,5782
14:06:31.237   3447,435      39406,5091
14:06:31.813   3448,011      39360,9194
14:06:32.391   3448,589      39420,5131
14:06:32.937   3449,135      39384,2274
14:06:33.442   3449,640      39349,0475
14:06:33.993   3450,191      39381,9132
14:06:34.565   3450,763      39321,0756
14:06:35.136   3451,334      39308,2205
14:06:35.643   3451,841      39232,5310
14:06:36.184   3452,382      39174,0250
14:06:36.742   3452,940      39079,1304
14:06:37.296   3453,494      39095,6890
14:06:37.880   3454,078      38981,9225
14:06:38.437   3454,635      38864,5070
14:06:38.997   3455,195      38652,1796
14:06:39.549   3455,747      38573,3186
14:06:40.116   3456,314      38420,8346
14:06:40.688   3456,886      38247,9636
14:06:41.249   3457,447      38057,5578
14:06:41.824   3458,022      37824,0314
14:06:42.368   3458,566      37617,2270
14:06:42.869   3459,067      37400,1945
14:06:43.395   3459,593      37157,5660
14:06:43.936   3460,134      36896,2336
14:06:44.487   3460,685      36600,6402
14:06:45.021   3461,219      36322,6575
14:06:45.571   3461,769      36090,7454
14:06:46.119   3462,317      35784,7698
14:06:46.657   3462,855      35525,8511
14:06:47.209   3463,407      35246,1589
14:06:47.710   3463,908      35015,6804
14:06:48.252   3464,450      34676,5823
14:06:48.817   3465,015      34336,9230
14:06:49.437   3465,635      34045,4658
14:06:50.011   3466,209      33645,2426
14:06:50.553   3466,751      33259,5874
14:06:51.088   3467,286      32912,6654
14:06:51.609   3467,807      32558,0414
14:06:52.182   3468,380      32066,9691
14:06:52.713   3468,911      31612,2820
14:06:53.287   3469,485      31114,0618
14:06:53.849   3470,047      30606,0776
14:06:54.408   3470,606      30049,8085
14:06:54.999   3471,197      29525,9959
14:06:55.537   3471,735      28898,9820
14:06:56.108   3472,306      28405,0777
14:06:56.674   3472,872      27788,8889
14:06:57.246   3473,444      27098,2811
14:06:57.783   3473,981      26602,3268
14:06:58.350   3474,548      25958,1346
14:06:58.885   3475,083      25340,7608
14:06:59.476   3475,674      24673,6405
14:07:00.017   3476,215      24034,2039
14:07:00.548   3476,746      23360,5788
14:07:01.113   3477,311      22735,9953
14:07:01.618   3477,816      22156,0610
14:07:02.192   3478,390      21467,4041
14:07:02.697   3478,895      20875,3637
14:07:03.282   3479,480      20197,6319
14:07:03.805   3480,003      19560,3130
14:07:04.377   3480,575      18911,8271
14:07:04.924   3481,122      18278,8119
14:07:05.486   3481,684      17650,0862
14:07:05.998   3482,196      17080,6167
14:07:06.545   3482,743      16534,4640
14:07:07.100   3483,298      15941,3530
14:07:07.662   3483,860      15365,9209
14:07:08.247   3484,445      14810,6587
14:07:08.790   3484,988      14268,9836
14:07:09.362   3485,560      13777,2831
14:07:09.915   3486,113      13237,6715
14:07:10.499   3486,697      12741,8162
14:07:11.047   3487,245      12348,6059
14:07:11.610   3487,808      11879,5945
14:07:12.148   3488,346      11638,2846
14:07:12.692   3488,890      11606,8081
14:07:13.287   3489,485      11669,7668
14:07:13.807   3490,005      11841,9299
14:07:14.369   3490,567      12120,0778
14:07:14.922   3491,120      12381,5728
14:07:15.425   3491,623      12679,4455
14:07:16.019   3492,217      13091,0356
14:07:16.558   3492,756      13505,4181
14:07:17.134   3493,332      13937,2114
14:07:17.706   3493,904      14445,6922
14:07:18.239   3494,437      14910,4735
14:07:18.813   3495,011      15423,1750
14:07:19.390   3495,588      15961,6194
14:07:19.940   3496,138      16557,1634
14:07:20.475   3496,673      17127,6907
14:07:21.011   3497,209      17680,4076
14:07:21.540   3497,738      18286,8562
14:07:22.088   3498,286      18852,5784
14:07:22.631   3498,829      19517,3209
14:07:23.191   3499,389      20176,4066
14:07:23.730   3499,928      20805,3411
14:07:24.273   3500,471      21483,1680
14:07:24.825   3501,023      22141,5742
14:07:25.382   3501,580      22811,9720
14:07:25.952   3502,150      23542,9284
14:07:26.520   3502,718      24183,7837
14:07:27.070   3503,268      24814,5604
14:07:27.598   3503,796      25410,1072
14:07:28.139   3504,337      26111,3081
14:07:28.720   3504,918      26711,5677
14:07:29.295   3505,493      27423,8597
14:07:29.869   3506,067      28032,7047
14:07:30.419   3506,617      28668,4869
14:07:30.994   3507,192      29279,8317
14:07:31.520   3507,718      29794,2904
14:07:32.103   3508,301      30314,4644
14:07:32.676   3508,874      30932,9637
14:07:33.274   3509,472      31432,5651
14:07:33.857   3510,055      31932,9783
14:07:34.427   3510,625      32357,6837
14:07:34.971   3511,169      32774,2365
14:07:35.473   3511,671      33140,6811
14:07:36.011   3512,209      33543,0759
14:07:36.548   3512,746      33891,8249
14:07:37.091   3513,289      34197,3808
14:07:37.598   3513,796      34562,2896
14:07:38.165   3514,363      34862,4496
14:07:38.708   3514,906      35190,6415
14:07:39.255   3515,453      35521,1119
14:07:39.769   3515,967      35695,2431
14:07:40.313   3516,511      35984,3208
14:07:40.847   3517,045      36159,5637
14:07:41.405   3517,603      36454,8617
14:07:41.950   3518,148      36597,3034
14:07:42.512   3518,710      36898,9261
14:07:43.096   3519,294      37086,8832
14:07:43.656   3519,854      37238,2600
14:07:44.161   3520,359      37359,1246
14:07:44.736   3520,934      37523,5290
14:07:45.275   3521,473      37668,1648
14:07:45.860   3522,058      37820,2142
14:07:46.412   3522,610      37977,3288
14:07:46.964   3523,162      38038,2212
14:07:47.543   3523,741      38129,5056
14:07:48.152   3524,350      38212,5111
14:07:48.652   3524,850      38260,9309
14:07:49.203   3525,401      38408,3124
14:07:49.711   3525,909      38372,0203
14:07:50.255   3526,453      38498,3324
14:07:50.835   3527,033      38556,9024
14:07:51.399   3527,597      38619,4540
14:07:51.939   3528,137      38644,7419
14:07:52.495   3528,693      38683,0979
14:07:53.054   3529,252      38734,8873
14:07:53.617   3529,815      38741,1689
14:07:54.175   3530,373      38730,2843
14:07:54.732   3530,930      38785,2434
14:07:55.264   3531,462      38860,8860
14:07:55.800   3531,998      38854,2416
14:07:56.359   3532,557      38871,3203
14:07:56.911   3533,109      38963,2941
14:07:57.480   3533,678      38946,5621
14:07:58.049   3534,247      38941,9632
14:07:58.598   3534,796      38948,0296
14:07:59.162   3535,360      38949,6170
14:07:59.673   3535,871      38962,0047
14:08:00.267   3536,465      38967,4054
14:08:00.816   3537,014      38967,4746
14:08:01.407   3537,605      39013,0360
14:08:01.959   3538,157      39028,4305
14:08:02.520   3538,718      39006,8499
14:08:03.088   3539,286      39041,0459
14:08:03.601   3539,799      39010,7946
14:08:04.107   3540,305      39094,9116
14:08:04.658   3540,856      39039,0395
14:08:05.198   3541,396      39092,4121
14:08:05.765   3541,963      39068,0015
14:08:06.326   3542,524      39064,5073
14:08:06.873   3543,071      39071,5706
14:08:07.457   3543,655      39091,1113
14:08:07.992   3544,190      39138,4856
14:08:08.538   3544,736      39087,2567
14:08:09.071   3545,269      39087,2942
14:08:09.654   3545,852      39134,3939
14:08:10.184   3546,382      39169,5218
14:08:10.770   3546,968      39159,0172
14:08:11.291   3547,489      39135,2280
14:08:11.863   3548,061      39175,1523
14:08:12.457   3548,655      39145,6460
14:08:13.033   3549,231      39220,5421
14:08:13.560   3549,758      39238,7659
14:08:14.089   3550,287      39220,9338
14:08:14.644   3550,842      39217,5022
14:08:15.214   3551,412      39141,5367
14:08:15.793   3551,991      39179,0524
14:08:16.378   3552,576      39216,8058
14:08:16.939   3553,137      39176,5588
14:08:17.493   3553,691      39216,7624
14:08:18.055   3554,253      39223,4381
14:08:18.604   3554,802      39261,0553
14:08:19.169   3555,367      39287,9878
14:08:19.756   3555,954      39283,2273
14:08:20.329   3556,527      39306,1108
14:08:20.865   3557,063      39292,5001
14:08:21.455   3557,653      39246,5879
14:08:22.003   3558,201      39314,6986
14:08:22.569   3558,767      39253,0038
14:08:23.069   3559,267      39275,1731
14:08:23.584   3559,782      39291,6727
14:08:24.124   3560,322      39280,8515
14:08:24.669   3560,867      39323,2770
14:08:25.217   3561,415      39293,9254
14:08:25.739   3561,937      39348,0818
14:08:26.273   3562,471      39304,4885
14:08:26.848   3563,046      39313,6152
14:08:27.386   3563,584      39352,8781
14:08:27.973   3564,171      39326,0705
14:08:28.552   3564,750      39338,3771
14:08:29.099   3565,297      39349,3757
14:08:29.609   3565,807      39331,0963
14:08:30.161   3566,359      39325,3240
14:08:30.706   3566,904      39331,2221
14:08:31.256   3567,454      39303,1843
14:08:31.800   3567,998      39372,8858
14:08:32.352   3568,550      39328,2369
14:08:32.893   3569,091      39325,9883
14:08:33.495   3569,693      39361,7610
14:08:34.026   3570,224      39302,6526
14:08:34.600   3570,798      39354,3359
14:08:35.165   3571,363      39337,6536
14:08:35.731   3571,929      39340,7997
14:08:36.232   3572,430      39421,0529
14:08:36.785   3572,983      39328,4039
14:08:37.347   3573,545      39302,2460
14:08:37.895   3574,093      39345,0619
14:08:38.452   3574,650      39377,1760
14:08:39.023   3575,221      39376,9680
14:08:39.580   3575,778      39377,4256
14:08:40.085   3576,283      39395,1722
14:08:40.657   3576,855      39382,0441
14:08:41.221   3577,419      39336,7140
14:08:41.802   3578,000      39371,1374
14:08:42.345   3578,543      39385,6204
14:08:42.926   3579,124      39370,4016
14:08:43.433   3579,631      39437,0048
14:08:43.991   3580,189      39398,8868
14:08:44.531   3580,729      39384,3779
14:08:45.093   3581,291      39410,1206
14:08:45.664   3581,862      39385,9123
14:08:46.225   3582,423      39370,4780
14:08:46.798   3582,996      39371,1359
14:08:47.411   3583,609      39397,8394
14:08:47.955   3584,153      39343,8235
14:08:48.497   3584,695      39350,0987
14:08:49.044   3585,242      39427,5104
14:08:49.640   3585,838      39396,6991
14:08:50.210   3586,408      39406,8922
14:08:50.791   3586,989      39348,7953
14:08:51.404   3587,602      39375,3609
14:08:51.989   3588,187      39399,3446
14:08:52.560   3588,758      39360,9409
14:08:53.063   3589,261      39385,8788
14:08:53.605   3589,803      39367,8154
14:08:54.113   3590,311      39369,0776
14:08:54.672   3590,870      39374,7282
14:08:55.242   3591,440      39363,9234
14:08:55.811   3592,009      39317,9027
14:08:56.349   3592,547      39381,3163
14:08:56.900   3593,098      39397,1409
14:08:57.480   3593,678      39383,3487
14:08:58.055   3594,253      39412,0391
14:08:58.603   3594,801      39385,7354
14:08:59.155   3595,353      39354,9330
14:08:59.692   3595,890      39418,7108
14:09:00.244   3596,442      39348,2866
14:09:00.800   3596,998      39334,8513
14:09:01.375   3597,573      39326,5295
14:09:01.925   3598,123      39336,2022
14:09:02.503   3598,701      39323,1345
14:09:03.037   3599,235      39287,6516
14:09:03.599   3599,797      39310,7394
14:09:04.124   3600,322      39283,8647
14:09:04.668   3600,866      39253,1081
14:09:05.230   3601,428      39234,6688
14:09:05.761   3601,959      39232,4061
14:09:06.302   3602,500      39137,2923
14:09:06.847   3603,045      39083,9653
14:09:07.429   3603,627      39027,3945
14:09:08.005   3604,203      38957,9693
14:09:08.551   3604,749      38808,3304
14:09:09.084   3605,282      38679,8501
14:09:09.623   3605,821      38499,2995
14:09:10.172   3606,370      38367,0824
14:09:10.723   3606,921      38259,2246
14:09:11.293   3607,491      38037,2330
14:09:11.825   3608,023      37837,3000
14:09:12.395   3608,593      37673,2938
14:09:12.981   3609,179      37409,4166
14:09:13.573   3609,771      37116,3887
14:09:14.075   3610,273      36879,3061
14:09:14.614   3610,812      36609,1439
14:09:15.179   3611,377      36328,3051
14:09:15.746   3611,944      36102,2558
14:09:16.344   3612,542      35799,4704
14:09:16.940   3613,138      35424,8026
14:09:17.496   3613,694      35167,9730
14:09:18.056   3614,254      34881,4578
14:09:18.632   3614,830      34620,5972
14:09:19.138   3615,336      34332,2018
14:09:19.657   3615,855      34010,3477
14:09:20.231   3616,429      33627,0942
14:09:20.765   3616,963      33281,9452
14:09:21.333   3617,531      32956,3222
14:09:21.875   3618,073      32544,3945
14:09:22.416   3618,614      32073,1395
14:09:22.958   3619,156      31681,7607
14:09:23.478   3619,676      31264,6327
14:09:24.030   3620,228      30701,5805
14:09:24.574   3620,772      30218,5107
14:09:25.113   3621,311      29687,1632
14:09:25.657   3621,855      29161,9018
14:09:26.188   3622,386      28615,0653
14:09:26.756   3622,954      28038,5821
14:09:27.359   3623,557      27472,5926
14:09:27.933   3624,131      26796,8551
14:09:28.439   3624,637      26262,5070
14:09:29.001   3625,199      25620,8815
14:09:29.582   3625,780      24935,2058
14:09:30.134   3626,332      24349,8170
14:09:30.687   3626,885      23690,8681
14:09:31.232   3627,430      23076,2140
14:09:31.814   3628,012      22364,2322
14:09:32.375   3628,573      21698,9671
14:09:32.936   3629,134      21055,0299
14:09:33.507   3629,705      20387,6331
14:09:34.098   3630,296      19688,6718
14:09:34.638   3630,836      19023,3947
14:09:35.189   3631,387      18427,1598
14:09:35.703   3631,901      17931,5658
14:09:36.271   3632,469      17247,0977
14:09:36.839   3633,037      16664,0195
14:09:37.395   3633,593      16085,9505
14:09:37.907   3634,105      15581,0700
14:09:38.460   3634,658      15033,9032
14:09:39.045   3635,243      14470,2734
14:09:39.605   3635,803      13901,0631
14:09:40.195   3636,393      13402,3198
14:09:40.741   3636,939      12925,9882
14:09:41.282   3637,480      12501,4606
14:09:41.818   3638,016      12053,7915
14:09:42.397   3638,595      11685,5072
14:09:42.932   3639,130      11612,2971
14:09:43.442   3639,640      11679,5502
14:09:43.986   3640,184      11804,3756
14:09:44.555   3640,753      12049,5262
14:09:45.097   3641,295      12320,3036
14:09:45.681   3641,879      12640,0239
14:09:46.221   3642,419      13034,3417
14:09:46.775   3642,973      13418,2551
14:09:47.335   3643,533      13787,1275
14:09:47.878   3644,076      14277,0511
14:09:48.422   3644,620      14748,6971
14:09:48.977   3645,175      15255,0729
14:09:49.548   3645,746      15795,8942
14:09:50.108   3646,306      16321,7937
14:09:50.615   3646,813      16887,7152
14:09:51.185   3647,383      17466,9404
14:09:51.768   3647,966      18177,8279
14:09:52.274   3648,472      18664,3179
14:09:52.846   3649,044      19369,7077
14:09:53.411   3649,609      20019,5970
14:09:53.956   3650,154      20660,7650
14:09:54.509   3650,707      21265,9204
14:09:55.098   3651,296      22008,5249
14:09:55.609   3651,807      22569,5952
14:09:56.118   3652,316      23177,4837
14:09:56.683   3652,881      23898,8260
14:09:57.234   3653,432      24579,9339
14:09:57.824   3654,022      25306,7120
14:09:58.370   3654,568      25929,4701
14:09:58.916   3655,114      26563,5424
14:09:59.488   3655,686      27210,0928
14:10:00.009   3656,207      27736,2362
14:10:00.563   3656,761      28357,7196
14:10:01.143   3657,341      28986,2087
14:10:01.726   3657,924      29594,8621
14:10:02.241   3658,439      30064,5506
14:10:02.850   3659,048      30594,0069
14:10:03.447   3659,645      31219,3735
14:10:03.998   3660,196      31694,5964
14:10:04.529   3660,727      32122,8733
14:10:05.067   3661,265      32521,3337
14:10:05.581   3661,779      32918,4907
14:10:06.167   3662,365      33355,7979
14:10:06.710   3662,908      33714,9739
14:10:07.298   3663,496      34051,8509
14:10:07.886   3664,084      34462,4033
14:10:08.458   3664,656      34730,6593
14:10:08.974   3665,172      34989,8218
14:10:09.529   3665,727      35349,1337
14:10:10.091   3666,289      35583,4744
14:10:10.655   3666,853      35915,3396
14:10:11.223   3667,421      36130,0144
14:10:11.803   3668,001      36364,5550
14:10:12.365   3668,563      36626,9319
14:10:12.916   3669,114      36755,4645
14:10:13.441   3669,639      37007,8204
14:10:13.980   3670,178      37143,9907
14:10:14.578   3670,776      37315,3309
14:10:15.154   3671,352      37513,5302
14:10:15.657   3671,855      37620,9674
14:10:16.233   3672,431      37772,9435
14:10:16.800   3672,998      37895,0243
14:10:17.393   3673,591      37967,4426
14:10:17.953   3674,151      38125,1635
14:10:18.526   3674,724      38244,3952
14:10:19.088   3675,286      38339,0200
14:10:19.600   3675,798      38353,7473
14:10:20.168   3676,366      38386,7619
14:10:20.682   3676,880      38501,7030
14:10:21.195   3677,393      38562,2109
14:10:21.783   3677,981      38570,3862
14:10:22.346   3678,544      38634,1579
14:10:22.929   3679,127      38685,2497
14:10:23.441   3679,639      38693,6415
14:10:24.003   3680,201      38727,0736
14:10:24.555   3680,753      38810,3127
14:10:25.100   3681,298      38820,6423
14:10:25.625   3681,823      38808,0097
14:10:26.200   3682,398      38859,2260
14:10:26.748   3682,946      38836,7092
14:10:27.340   3683,538      38920,2720
14:10:27.904   3684,102      38906,1938
14:10:28.439   3684,637      38933,7423
14:10:28.976   3685,174      38936,3122
14:10:29.530   3685,728      38917,5972
14:10:30.098   3686,296      38957,9224
14:10:30.661   3686,859      38910,9741
14:10:31.234   3687,432      39039,6194
14:10:31.813   3688,011      38971,3983
14:10:32.397   3688,595      38964,4523
14:10:32.961   3689,159      38990,8122
14:10:33.531   3689,729      39013,2081
14:10:34.085   3690,283      39051,9123
14:10:34.590   3690,788      39042,3831
14:10:35.149   3691,347      39081,2636
14:10:35.672   3691,870      39065,4013
14:10:36.218   3692,416      39057,5630
14:10:36.785   3692,983      39025,4107
14:10:37.354   3693,552      39126,8886
14:10:37.900   3694,098      39097,5616
14:10:38.462   3694,660      39115,1471
14:10:38.996   3695,194      39105,8664
14:10:39.572   3695,770      39109,5072
14:10:40.140   3696,338      39092,7177
14:10:40.716   3696,914      39121,6956
14:10:41.336   3697,534      39092,3694
14:10:41.850   3698,048      39145,6143
14:10:42.406   3698,604      39148,6847
14:10:42.942   3699,140      39148,4782
14:10:43.519   3699,717      39170,8712
14:10:44.053   3700,251      39176,3051
14:10:44.610   3700,808      39136,3627
14:10:45.151   3701,349      39158,9181
14:10:45.724   3701,922      39158,3776
14:10:46.264   3702,462      39222,1753
14:10:46.816   3703,014      39160,3824
14:10:47.402   3703,600      39169,4507
14:10:47.977   3704,175      39137,4870
14:10:48.527   3704,725      39184,3350
14:10:49.076   3705,274      39170,1857
14:10:49.645   3705,843      39207,3072
14:10:50.227   3706,425      39155,4749
14:10:50.774   3706,972      39141,8723
14:10:51.400   3707,598      39215,4904
14:10:51.970   3708,168      39180,7865
14:10:52.476   3708,674      39183,1296
14:10:52.982   3709,180      39164,4614
14:10:53.500   3709,698      39204,8192
14:10:54.035   3710,233      39200,4121
14:10:54.619   3710,817      39155,4162
14:10:55.183   3711,381      39219,3317
14:10:55.708   3711,906      39190,7787
14:10:56.246   3712,444      39210,0197
14:10:56.808   3713,006      39202,5143
14:10:57.383   3713,581      39201,4325
14:10:57.939   3714,137      39218,4380
14:10:58.517   3714,715      39202,2774
14:10:59.076   3715,274      39256,3911
14:10:59.660   3715,858      39220,0062
14:11:00.205   3716,403      39217,9117
14:11:00.724   3716,922      39264,0516
14:11:01.285   3717,483      39296,0146
14:11:01.865   3718,063      39233,4627
14:11:02.439   3718,637      39265,3342
14:11:02.997   3719,195      39257,1207
14:11:03.569   3719,767      39222,7015
14:11:04.104   3720,302      39238,5968
14:11:04.680   3720,878      39242,2641
14:11:05.208   3721,406      39224,5754
14:11:05.773   3721,971      39246,8825
14:11:06.277   3722,475      39280,9203
14:11:06.843   3723,041      39246,1836
14:11:07.400   3723,598      39215,2039
14:11:07.963   3724,161      39222,3469
14:11:08.492   3724,690      39228,0275
14:11:09.044   3725,242      39270,5984
14:11:09.632   3725,830      39225,3519
14:11:10.148   3726,346      39233,1252
14:11:10.699   3726,897      39212,1314
14:11:11.244   3727,442      39284,9636
14:11:11.768   3727,966      39263,7644
14:11:12.314   3728,512      39242,1759
14:11:12.861   3729,059      39239,5215
14:11:13.429   3729,627      39239,5953
14:11:13.991   3730,189      39284,3386
14:11:14.526   3730,724      39320,8251
14:11:15.059   3731,257      39256,4311
14:11:15.631   3731,829      39304,0666
14:11:16.210   3732,408      39298,6524
14:11:16.748   3732,946      39289,8837
14:11:17.341   3733,539      39274,8580
14:11:17.880   3734,078      39241,4222
14:11:18.429   3734,627      39284,8526
14:11:18.978   3735,176      39289,5400
14:11:19.553   3735,751      39270,4269
14:11:20.158   3736,356      39292,6786
14:11:20.720   3736,918      39304,1923
14:11:21.264   3737,462      39242,4368
14:11:21.828   3738,026      39273,4619
14:11:22.397   3738,595      39263,4611
14:11:22.965   3739,163      39239,8570
14:11:23.488   3739,686      39258,9640
14:11:24.044   3740,242      39268,4069
14:11:24.585   3740,783      39261,8949
14:11:25.142   3741,340      39228,2888
14:11:25.720   3741,918      39269,2813
14:11:26.260   3742,458      39237,7023
14:11:26.827   3743,025      39289,8129
14:11:27.424   3743,622      39216,0344
14:11:27.985   3744,183      39251,9662
14:11:28.551   3744,749      39259,3051
14:11:29.135   3745,333      39246,6482
14:11:29.706   3745,904      39237,2632
14:11:30.273   3746,471      39211,0196
14:11:30.833   3747,031      39230,0065
14:11:31.405   3747,603      39249,7184
14:11:31.991   3748,189      39189,4404
14:11:32.534   3748,732      39236,4450
14:11:33.091   3749,289      39166,9487
14:11:33.655   3749,853      39234,7541
14:11:34.239   3750,437      39179,2468
14:11:34.798   3750,996      39128,0933
14:11:35.382   3751,580      39137,5488
14:11:35.974   3752,172      39134,3886
14:11:36.533   3752,731      39020,1799
14:11:37.114   3753,312      38934,4669
14:11:37.622   3753,820      38915,8651
14:11:38.197   3754,395      38863,0396
14:11:38.750   3754,948      38688,9342
14:11:39.365   3755,563      38613,1342
14:11:39.930   3756,128      38471,9723
14:11:40.478   3756,676      38313,4437
14:11:41.026   3757,224      38128,4542
14:11:41.540   3757,738      37947,8096
14:11:42.086   3758,284      37788,8144
14:11:42.672   3758,870      37527,1382
14:11:43.268   3759,466      37296,5483
14:11:43.776   3759,974      37078,2277
14:11:44.348   3760,546      36824,6467
14:11:44.913   3761,111      36556,9870
14:11:45.417   3761,615      36240,5024
14:11:45.958   3762,156      36019,5965
14:11:46.504   3762,702      35773,8877
14:11:47.046   3763,244      35533,5612
14:11:47.578   3763,776      35267,9877
14:11:48.126   3764,324      34989,6839
14:11:48.675   3764,873      34655,8910
14:11:49.235   3765,433      34380,3244
14:11:49.807   3766,005      34020,1339
14:11:50.367   3766,565      33725,1940
14:11:50.916   3767,114      33409,7318
14:11:51.438   3767,636      33052,7318
14:11:51.992   3768,190      32642,7357
14:11:52.537   3768,735      32212,8072
14:11:53.076   3769,274      31810,8304
14:11:53.670   3769,868      31346,8911
14:11:54.230   3770,428      30815,3007
14:11:54.748   3770,946      30328,8266
14:11:55.350   3771,548      29833,2977
14:11:55.909   3772,107      29225,1377
14:11:56.456   3772,654      28719,7564
14:11:57.012   3773,210      28102,6991
14:11:57.540   3773,738      27628,0523
14:11:58.095   3774,293      27024,4353
14:11:58.651   3774,849      26350,4838
14:11:59.218   3775,416      25706,7724
14:11:59.801   3775,999      25160,7334
14:12:00.334   3776,532      24513,7194
14:12:00.906   3777,104      23872,9692
14:12:01.531   3777,729      23139,9510
14:12:02.110   3778,308      22452,5765
14:12:02.656   3778,854      21808,6655
14:12:03.221   3779,419      21169,6796
14:12:03.791   3779,989      20485,3319
14:12:04.302   3780,500      19960,1793
14:12:04.855   3781,053      19251,4660
14:12:05.415   3781,613      18624,0034
14:12:06.001   3782,199      18020,3844
14:12:06.552   3782,750      17362,6647
14:12:07.118   3783,316      16795,8291
14:12:07.621   3783,819      16231,2851
14:12:08.165   3784,363      15675,3566
14:12:08.734   3784,932      15178,2047
14:12:09.276   3785,474      14631,3933
14:12:09.778   3785,976      14155,8759
14:12:10.356   3786,554      13659,1173
14:12:10.916   3787,114      13150,4162
14:12:11.519   3787,717      12625,8835
14:12:12.030   3788,228      12226,2926
14:12:12.575   3788,773      11829,9864
14:12:13.153   3789,351      11631,1378
14:12:13.703   3789,901      11699,7708
14:12:14.267   3790,465      11827,4657
14:12:14.801   3790,999      12052,8025
14:12:15.392   3791,590      12303,4163
14:12:15.968   3792,166      12680,2736
14:12:16.471   3792,669      13000,4487
14:12:17.043   3793,241      13393,0923
14:12:17.545   3793,743      13765,8451
14:12:18.125   3794,323      14243,7043
14:12:18.707   3794,905      14740,3055
14:12:19.278   3795,476      15262,2893
14:12:19.850   3796,048      15799,9804
14:12:20.381   3796,579      16334,4691
14:12:20.883   3797,081      16826,4692
14:12:21.390   3797,588      17368,7374
14:12:21.941   3798,139      17965,4025
14:12:22.470   3798,668      18546,5476
14:12:23.014   3799,212      19188,4251
14:12:23.602   3799,800      19836,0623
14:12:24.156   3800,354      20474,4656
14:12:24.701   3800,899      21160,5173
14:12:25.250   3801,448      21802,6121
14:12:25.763   3801,961      22400,9054
14:12:26.350   3802,548      23092,1522
14:12:26.883   3803,081      23761,2639
14:12:27.466   3803,664      24459,6234
14:12:28.009   3804,207      25108,8462
14:12:28.593   3804,791      25722,9341
14:12:29.130   3805,328      26397,2756
14:12:29.633   3805,831      26950,3084
14:12:30.219   3806,417      27562,9708
14:12:30.767   3806,965      28181,1030
14:12:31.373   3807,571      28818,2236
14:12:31.955   3808,153      29387,2078
14:12:32.503   3808,701      29998,8638
14:12:33.007   3809,205      30409,9912
14:12:33.540   3809,738      30932,9630
14:12:34.108   3810,306      31389,2116
14:12:34.681   3810,879      31863,4040
14:12:35.222   3811,420      32321,3356
14:12:35.744   3811,942      32687,9850
14:12:36.291   3812,489      33108,8412
14:12:36.848   3813,046      33515,0577
14:12:37.368   3813,566      33832,3150
14:12:37.945   3814,143      34137,0966
14:12:38.491   3814,689      34507,7652
14:12:39.047   3815,245      34847,4735
14:12:39.548   3815,746      35135,2908
14:12:40.055   3816,253      35295,7226
14:12:40.643   3816,841      35656,7336
14:12:41.208   3817,406      35914,4557
14:12:41.794   3817,992      36197,7932
14:12:42.339   3818,537      36405,4618
14:12:42.911   3819,109      36582,0461
14:12:43.478   3819,676      36827,6812
14:12:44.053   3820,251      37036,4935
14:12:44.592   3820,790      37170,3920
14:12:45.164   3821,362      37347,3854
14:12:45.741   3821,939      37465,1872
14:12:46.344   3822,542      37641,2384
14:12:46.937   3823,135      37774,9948
14:12:47.518   3823,716      37920,3146
14:12:48.032   3824,230      38005,6418
14:12:48.606   3824,804      38094,2061
14:12:49.172   3825,370      38196,4462
14:12:49.692   3825,890      38221,2934
14:12:50.258   3826,456      38333,2122
14:12:50.806   3827,004      38438,1565
14:12:51.385   3827,583      38412,8174
14:12:51.950   3828,148      38507,3737
14:12:52.507   3828,705      38557,5397
14:12:53.062   3829,260      38548,4567
14:12:53.587   3829,785      38568,1500
14:12:54.153   3830,351      38692,9922
14:12:54.682   3830,880      38688,7328
14:12:55.222   3831,420      38762,8561
14:12:55.830   3832,028      38767,0109
14:12:56.375   3832,573      38725,8707
14:12:56.945   3833,143      38754,7068
14:12:57.534   3833,732      38796,4554
14:12:58.121   3834,319      38841,4151
14:12:58.669   3834,867      38844,4481
14:12:59.203   3835,401      38845,9671
14:12:59.740   3835,938      38939,5898
14:13:00.277   3836,475      38902,3776
14:13:00.819   3837,017      38886,2987
14:13:01.329   3837,527      38953,3275
14:13:01.872   3838,070      38920,7014
14:13:02.438   3838,636      38920,1719
14:13:03.008   3839,206      38982,0217
14:13:03.591   3839,789      38956,8015
14:13:04.143   3840,341      39022,2350
14:13:04.684   3840,882      38929,1702
14:13:05.216   3841,414      39012,3653
14:13:05.733   3841,931      39020,9234
14:13:06.275   3842,473      39023,7515
14:13:06.846   3843,044      38991,7538
14:13:07.419   3843,617      38999,0809
14:13:07.928   3844,126      39019,0429
14:13:08.471   3844,669      39026,7722
14:13:09.003   3845,201      39096,4943
14:13:09.580   3845,778      39020,9104
14:13:10.146   3846,344      39087,4221
14:13:10.693   3846,891      39058,6144
14:13:11.259   3847,457      39067,2991
14:13:11.843   3848,041      39076,5441
14:13:12.399   3848,597      39042,2728
14:13:12.943   3849,141      39054,8875
14:13:13.469   3849,667      39100,2313
14:13:14.035   3850,233      39117,4800
14:13:14.609   3850,807      39113,1716
14:13:15.158   3851,356      39138,5500
14:13:15.663   3851,861      39074,8958
14:13:16.248   3852,446      39062,5753
14:13:16.779   3852,977      39095,2690
14:13:17.347   3853,545      39148,6741
14:13:17.937   3854,135      39128,6816
14:13:18.484   3854,682      39116,9147
14:13:19.023   3855,221      39156,3180
14:13:19.525   3855,723      39147,1768
14:13:20.068   3856,266      39126,2932
14:13:20.609   3856,807      39145,2725
14:13:21.180   3857,378      39166,7215
14:13:21.692   3857,890      39137,0169
14:13:22.264   3858,462      39127,4124
14:13:22.860   3859,058      39183,5667
14:13:23.404   3859,602      39153,8462
14:13:23.972   3860,170      39167,5958
14:13:24.571   3860,769      39166,4798
14:13:25.145   3861,343      39147,3809
14:13:25.669   3861,867      39197,7609
14:13:26.232   3862,430      39194,4121
14:13:26.738   3862,936      39169,6569
14:13:27.333   3863,531      39184,0178
14:13:27.833   3864,031      39157,5495
14:13:28.401   3864,599      39192,4482
14:13:28.980   3865,178      39180,6774
14:13:29.491   3865,689      39176,3137
14:13:30.038   3866,236      39118,8981
14:13:30.600   3866,798      39190,5313
14:13:31.151   3867,349      39161,5250
14:13:31.726   3867,924      39188,1276
14:13:32.274   3868,472      39204,5676
14:13:32.844   3869,042      39249,8786
14:13:33.440   3869,638      39164,4153
14:13:33.950   3870,148      39239,7545
14:13:34.504   3870,702      39182,3615
14:13:35.047   3871,245      39191,4544
14:13:35.566   3871,764      39200,0226
14:13:36.113   3872,311      39236,7525
14:13:36.646   3872,844      39189,0028
14:13:37.200   3873,398      39263,6173
14:13:37.700   3873,898      39228,0658
14:13:38.271   3874,469      39200,2445
14:13:38.849   3875,047      39270,8427
14:13:39.427   3875,625      39241,7597
14:13:39.972   3876,170      39212,2879
14:13:40.540   3876,738      39256,3087
14:13:41.116   3877,314      39238,6388
14:13:41.655   3877,853      39260,8031
14:13:42.219   3878,417      39229,0660
14:13:42.743   3878,941      39243,4656
14:13:43.296   3879,494      39282,9323
14:13:43.868   3880,066      39220,2833
14:13:44.413   3880,611      39282,9731
14:13:44.983   3881,181      39252,8390
14:13:45.498   3881,696      39254,7192
14:13:46.047   3882,245      39256,2003
14:13:46.651   3882,849      39284,3664
14:13:47.215   3883,413      39289,6466
14:13:47.761   3883,959      39279,6355
14:13:48.333   3884,531      39214,3469
14:13:48.879   3885,077      39281,4911
14:13:49.438   3885,636      39216,2183
14:13:49.988   3886,186      39208,2517
14:13:50.556   3886,754      39269,1134
14:13:51.073   3887,271      39236,1241
14:13:51.646   3887,844      39244,4284
14:13:52.185   3888,383      39259,7175
14:13:52.715   3888,913      39281,1551
14:13:53.260   3889,458      39269,8098
14:13:53.765   3889,963      39241,2576
14:13:54.303   3890,501      39260,6508
14:13:54.836   3891,034      39234,1685
14:13:55.404   3891,602      39296,7372
14:13:55.981   3892,179      39253,3065
14:13:56.549   3892,747      39305,6095
14:13:57.127   3893,325      39259,9656
14:13:57.717   3893,915      39262,6597
14:13:58.283   3894,481      39247,3648
14:13:58.837   3895,035      39269,1872
14:13:59.395   3895,593      39308,0799
14:13:59.951   3896,149      39256,6813
14:14:00.488   3896,686      39288,9178
14:14:01.021   3897,219      39245,9936
14:14:01.551   3897,749      39240,0767
14:14:02.091   3898,289      39200,9831
14:14:02.650   3898,848      39208,6690
14:14:03.214   3899,412      39229,0367
14:14:03.789   3899,987      39244,6627
14:14:04.364   3900,562      39222,4275
14:14:04.910   3901,108      39174,8394
14:14:05.485   3901,683      39143,6931
14:14:06.056   3902,254      39126,2330
14:14:06.637   3902,835      39050,0326
14:14:07.201   3903,399      39063,1321
14:14:07.712   3903,910      38986,6226
14:14:08.215   3904,413      38835,4636
14:14:08.782   3904,980      38726,0075
14:14:09.385   3905,583      38660,1370
14:14:09.935   3906,133      38505,0744
14:14:10.485   3906,683      38387,9648
14:14:11.072   3907,270      38235,0825
14:14:11.572   3907,770      38051,4293
14:14:12.114   3908,312      37843,8760
14:14:12.666   3908,864      37666,3867
14:14:13.258   3909,456      37441,2832
14:14:13.777   3909,975      37188,6305
14:14:14.362   3910,560      36989,9941
14:14:14.919   3911,117      36660,5988
14:14:15.513   3911,711      36388,9519
14:14:16.060   3912,258      36119,2673
14:14:16.634   3912,832      35867,3556
14:14:17.189   3913,387      35579,0153
14:14:17.709   3913,907      35379,8061
14:14:18.241   3914,439      35080,9393
14:14:18.806   3915,004      34778,0376
14:14:19.407   3915,605      34456,5224
14:14:19.966   3916,164      34137,2186
14:14:20.516   3916,714      33830,1891
14:14:21.092   3917,290      33461,7095
14:14:21.617   3917,815      33179,2763
14:14:22.169   3918,367      32789,8202
14:14:22.732   3918,930      32361,3939
14:14:23.254   3919,452      31974,2406
14:14:23.830   3920,028      31436,4556
14:14:24.379   3920,577      31019,9391
14:14:24.937   3921,135      30517,4001
14:14:25.454   3921,652      30032,9567
14:14:26.013   3922,211      29504,8628
14:14:26.529   3922,727      28974,4191
14:14:27.108   3923,306      28385,9707
14:14:27.669   3923,867      27829,5109
14:14:28.214   3924,412      27230,3556
14:14:28.765   3924,963      26685,1234
14:14:29.345   3925,543      26119,4080
14:14:29.904   3926,102      25452,4546
14:14:30.421   3926,619      24841,5814
14:14:30.976   3927,174      24266,2898
14:14:31.507   3927,705      23610,3256
14:14:32.073   3928,271      22975,1656
14:14:32.633   3928,831      22355,6914
14:14:33.184   3929,382      21713,2944
14:14:33.778   3929,976      20990,9272
14:14:34.320   3930,518      20315,0312
14:14:34.868   3931,066      19716,2455
14:14:35.375   3931,573      19156,0184
14:14:35.941   3932,139      18472,3676
14:14:36.524   3932,722      17826,8439
14:14:37.085   3933,283      17296,2617
14:14:37.659   3933,857      16645,4512
14:14:38.196   3934,394      16110,5186
14:14:38.765   3934,963      15566,6077
14:14:39.297   3935,495      14990,9757
14:14:39.880   3936,078      14477,6919
14:14:40.433   3936,631      13903,7530
14:14:40.989   3937,187      13451,3540
14:14:41.576   3937,774      12969,5370
14:14:42.086   3938,284      12539,4528
14:14:42.650   3938,848      12094,5806
14:14:43.196   3939,394      11803,6746
14:14:43.737   3939,935      11691,1596
14:14:44.275   3940,473      11793,5364
14:14:44.819   3941,017      11929,7955
14:14:45.395   3941,593      12145,4542
14:14:45.952   3942,150      12493,5469
14:14:46.500   3942,698      12810,0713
14:14:47.046   3943,244      13186,9983
14:14:47.631   3943,829      13618,9527
14:14:48.210   3944,408      14040,1018
14:14:48.718   3944,916      14471,3959
14:14:49.293   3945,491      14995,9552
14:14:49.885   3946,083      15560,9545
14:14:50.419   3946,617      16074,1938
14:14:50.996   3947,194      16631,5082
14:14:51.510   3947,708      17157,3350
14:14:52.055   3948,253      17740,3597
14:14:52.628   3948,826      18423,1715
14:14:53.222   3949,420      19036,0849
14:14:53.728   3949,926      19622,3034
14:14:54.239   3950,437      20199,1250
14:14:54.787   3950,985      20888,9350
14:14:55.370   3951,568      21519,1297
14:14:55.897   3952,095      22221,4244
14:14:56.473   3952,671      22824,6691
14:14:57.013   3953,211      23512,8837
14:14:57.548   3953,746      24143,2420
14:14:58.085   3954,283      24788,8109
14:14:58.644   3954,842      25433,6266
14:14:59.184   3955,382      26051,4102
14:14:59.691   3955,889      26574,0996
14:15:00.263   3956,461      27259,5530
14:15:00.808   3957,006      27856,2915
14:15:01.383   3957,581      28403,5978
14:15:01.948   3958,146      29021,5859
14:15:02.500   3958,698      29602,6248
14:15:03.065   3959,263      30122,5199
14:15:03.571   3959,769      30585,0027
14:15:04.071   3960,269      31047,2254
14:15:04.606   3960,804      31517,7972
14:15:05.163   3961,361      31971,0254
14:15:05.706   3961,904      32392,4913
14:15:06.280   3962,478      32768,1933
14:15:06.833   3963,031      33215,0367
14:15:07.407   3963,605      33564,8472
14:15:07.982   3964,180      33927,4547
14:15:08.549   3964,747      34247,8547
14:15:09.158   3965,356      34567,0406
14:15:09.696   3965,894      34962,7924
14:15:10.265   3966,463      35265,5943
14:15:10.825   3967,023      35524,1496
14:15:11.411   3967,609      35722,0571
14:15:11.939   3968,137      36005,9679
14:15:12.494   3968,692      36265,3975
14:15:13.011   3969,209      36447,7476
14:15:13.539   3969,737      36598,4862
14:15:14.089   3970,287      36834,8870
14:15:14.648   3970,846      37061,1937
14:15:15.211   3971,409      37133,5748
14:15:15.721   3971,919      37305,6942
14:15:16.290   3972,488      37464,5122
14:15:16.838   3973,036      37621,8495
14:15:17.373   3973,571      37663,0916
14:15:17.923   3974,121      37812,0763
14:15:18.452   3974,650      37916,5765
14:15:19.010   3975,208      38026,1635
14:15:19.594   3975,792      38061,0309
14:15:20.123   3976,321      38199,5313
14:15:20.687   3976,885      38220,7539
14:15:21.187   3977,385      38328,6413
14:15:21.737   3977,935      38352,4995
14:15:22.270   3978,468      38475,5498
14:15:22.826   3979,024      38458,4104
14:15:23.349   3979,547      38559,9257
14:15:23.887   3980,085      38574,2738
14:15:24.438   3980,636      38631,6980
14:15:24.991   3981,189      38628,8904
14:15:25.572   3981,770      38682,5173
14:15:26.161   3982,359      38675,6406
14:15:26.728   3982,926      38681,4635
14:15:27.265   3983,463      38713,5393
14:15:27.847   3984,045      38724,8376
14:15:28.385   3984,583      38800,6071
14:15:28.954   3985,152      38769,3791
14:15:29.525   3985,723      38754,3586
14:15:30.087   3986,285      38739,2598
14:15:30.646   3986,844      38818,4323
14:15:31.200   3987,398      38831,9673
14:15:31.788   3987,986      38818,0228
14:15:32.288   3988,486      38864,0404
14:15:32.862   3989,060      38877,8146
14:15:33.373   3989,571      38891,5827
14:15:33.908   3990,106      38939,3083
14:15:34.466   3990,664      38900,2896
14:15:35.016   3991,214      38925,8253
14:15:35.544   3991,742      38952,0160
14:15:36.090   3992,288      38942,3661
14:15:36.633   3992,831      38940,3322
14:15:37.235   3993,433      38902,9572
14:15:37.776   3993,974      38950,8366
14:15:38.348   3994,546      38941,9974
14:15:38.921   3995,119      38973,9023
14:15:39.498   3995,696      39009,9137
14:15:39.998   3996,196      38984,1722
14:15:40.545   3996,743      38983,6931
14:15:41.088   3997,286      38946,3072
14:15:41.596   3997,794      38978,8625
14:15:42.174   3998,372      39033,5298
14:15:42.728   3998,926      39037,1821
14:15:43.271   3999,469      39004,3639
14:15:43.818   4000,016      38977,3687
14:15:44.364   4000,562      38968,3917
14:15:44.908   4001,106      39034,7473
14:15:45.437   4001,635      39072,9421
14:15:46.008   4002,206      39061,7263
14:15:46.566   4002,764      39041,7014
14:15:47.079   4003,277      39051,5706
14:15:47.596   4003,794      39094,7168
14:15:48.181   4004,379      39081,7666
14:15:48.743   4004,941      39070,7795
14:15:49.298   4005,496      39094,4823
14:15:49.828   4006,026      39093,9506
14:15:50.406   4006,604      39036,2601
14:15:50.968   4007,166      39098,9263
14:15:51.543   4007,741      39052,8890
14:15:52.148   4008,346      39088,7731
14:15:52.703   4008,901      39106,7148
14:15:53.287   4009,485      39052,9202
14:15:53.867   4010,065      39130,6399
14:15:54.450   4010,648      39095,2983
14:15:55.023   4011,221      39081,5442
14:15:55.607   4011,805      39131,2433
14:15:56.159   4012,357      39125,7853
14:15:56.703   4012,901      39102,4067
14:15:57.237   4013,435      39113,5120
14:15:57.807   4014,005      39127,9363
14:15:58.361   4014,559      39128,7698
14:15:58.937   4015,135      39115,6769
14:15:59.467   4015,665      39149,2678
14:16:00.055   4016,253      39134,2355
14:16:00.629   4016,827      39150,1065
14:16:01.181   4017,379      39132,1892
14:16:01.768   4017,966      39140,0271
14:16:02.275   4018,473      39167,5138
14:16:02.820   4019,018      39102,8189
14:16:03.401   4019,599      39162,3382
14:16:03.953   4020,151      39165,7137
14:16:04.513   4020,711      39196,8794
14:16:05.083   4021,281      39145,3151
14:16:05.589   4021,787      39155,9783
14:16:06.131   4022,329      39189,0208
14:16:06.689   4022,887      39170,1618
14:16:07.238   4023,436      39119,1704
14:16:07.804   4024,002      39163,2173
14:16:08.343   4024,541      39193,4615
14:16:08.917   4025,115      39162,5123
14:16:09.434   4025,632      39176,4919
14:16:09.983   4026,181      39162,9325
14:16:10.531   4026,729      39173,9163
14:16:11.086   4027,284      39163,1973
14:16:11.610   4027,808      39188,0553
14:16:12.180   4028,378      39176,9637
14:16:12.752   4028,950      39203,1182
14:16:13.378   4029,576      39153,9195
14:16:13.937   4030,135      39189,2376
14:16:14.479   4030,677      39158,5067
14:16:15.055   4031,253      39218,4607
14:16:15.579   4031,777      39152,3040
14:16:16.138   4032,336      39173,8623
14:16:16.712   4032,910      39177,3471
14:16:17.214   4033,412      39213,7855
14:16:17.717   4033,915      39189,2010
14:16:18.262   4034,460      39165,3698
14:16:18.840   4035,038      39172,9777
14:16:19.343   4035,541      39182,7717
14:16:19.953   4036,151      39218,7664
14:16:20.499   4036,697      39177,3480
14:16:21.065   4037,263      39196,1292
14:16:21.574   4037,772      39210,7532
14:16:22.129   4038,327      39213,9862
14:16:22.692   4038,890      39189,5731
14:16:23.239   4039,437      39190,5865
14:16:23.739   4039,937      39206,2946
14:16:24.284   4040,482      39201,2764
14:16:24.823   4041,021      39190,8198
14:16:25.433   4041,631      39190,5340
14:16:25.982   4042,180      39217,5574
14:16:26.577   4042,775      39252,7600
14:16:27.155   4043,353      39199,5010
14:16:27.685   4043,883      39199,4100
14:16:28.261   4044,459      39196,2877
14:16:28.794   4044,992      39242,0827
14:16:29.390   4045,588      39192,6968
14:16:29.947   4046,145      39220,9448
14:16:30.483   4046,681      39199,5375
14:16:31.027   4047,225      39252,2414
14:16:31.542   4047,740      39203,1834
14:16:32.101   4048,299      39166,6136
14:16:32.608   4048,806      39187,7672
14:16:33.154   4049,352      39161,1629
14:16:33.726   4049,924      39164,7640
14:16:34.290   4050,488      39148,9285
14:16:34.838   4051,036      39172,9628
14:16:35.378   4051,576      39170,1693
14:16:35.963   4052,161      39126,5175
14:16:36.503   4052,701      39037,7718
14:16:37.057   4053,255      39034,5579
14:16:37.581   4053,779      38954,2990
14:16:38.138   4054,336      38879,1186
14:16:38.688   4054,886      38805,5544
14:16:39.237   4055,435      38685,3224
14:16:39.814   4056,012      38578,9059
14:16:40.363   4056,561      38490,9626
14:16:40.932   4057,130      38358,4819
14:16:41.447   4057,645      38268,2945
14:16:42.009   4058,207      37962,2268
14:16:42.572   4058,770      37809,8242
14:16:43.149   4059,347      37546,5556
14:16:43.654   4059,852      37361,6941
14:16:44.198   4060,396      37121,9001
14:16:44.745   4060,943      36863,6024
14:16:45.280   4061,478      36573,9144
14:16:45.790   4061,988      36374,7712
14:16:46.362   4062,560      36090,8057
14:16:46.919   4063,117      35861,4350
14:16:47.484   4063,682      35611,1822
14:16:48.052   4064,250      35351,3860
14:16:48.620   4064,818      35055,5549
14:16:49.178   4065,376      34772,1438
14:16:49.743   4065,941      34470,4073
14:16:50.329   4066,527      34168,5103
14:16:50.875   4067,073      33821,6946
14:16:51.448   4067,646      33517,4341
14:16:51.990   4068,188      33112,2895
14:16:52.495   4068,693      32812,2075
14:16:53.047   4069,245      32409,3617
14:16:53.563   4069,761      32013,2229
14:16:54.130   4070,328      31520,2247
14:16:54.691   4070,889      31090,0796
14:16:55.210   4071,408      30599,0313
14:16:55.717   4071,915      30156,1557
14:16:56.303   4072,501      29604,1984
14:16:56.857   4073,055      29069,6112
14:16:57.459   4073,657      28437,3305
14:16:58.020   4074,218      27868,0730
14:16:58.560   4074,758      27332,5409
14:16:59.131   4075,329      26775,8543
14:16:59.704   4075,902      26096,2032
14:17:00.259   4076,457      25471,9201
14:17:00.844   4077,042      24823,7407
14:17:01.434   4077,632      24248,9611
14:17:01.986   4078,184      23502,4055
14:17:02.538   4078,736      22894,7780
14:17:03.095   4079,293      22244,9440
14:17:03.685   4079,883      21553,0608
14:17:04.248   4080,446      20877,0117
14:17:04.837   4081,035      20222,0696
14:17:05.341   4081,539      19667,9090
14:17:05.914   4082,112      18989,0041
14:17:06.502   4082,700      18364,0754
14:17:07.032   4083,230      17756,6253
14:17:07.588   4083,786      17178,0079
14:17:08.137   4084,335      16547,6131
14:17:08.704   4084,902      15997,1869
14:17:09.234   4085,432      15502,9418
14:17:09.747   4085,945      15015,3029
14:17:10.290   4086,488      14505,4323
14:17:10.843   4087,041      13966,9712
14:17:11.380   4087,578      13506,4310
14:17:11.904   4088,102      13033,7316
14:17:12.437   4088,635      12575,2391
14:17:13.016   4089,214      12137,8082
14:17:13.538   4089,736      11870,3523
14:17:14.088   4090,286      11780,3432
14:17:14.613   4090,811      11807,8308
14:17:15.168   4091,366      12014,7337
14:17:15.764   4091,962      12245,3054
14:17:16.299   4092,497      12540,3688
14:17:16.875   4093,073      12891,9418
14:17:17.399   4093,597      13180,8702
14:17:18.005   4094,203      13658,3405
14:17:18.549   4094,747      14082,2790
14:17:19.051   4095,249      14478,5216
14:17:19.624   4095,822      15006,3947
14:17:20.161   4096,359      15467,6103
14:17:20.731   4096,929      16052,3668
14:17:21.274   4097,472      16565,9993
14:17:21.809   4098,007      17100,9982
14:17:22.357   4098,555      17706,1630
14:17:22.915   4099,113      18328,2571
14:17:23.518   4099,716      18991,6814
14:17:24.019   4100,217      19611,7619
14:17:24.583   4100,781      20253,1111
14:17:25.128   4101,326      20875,6229
14:17:25.693   4101,891      21522,3358
14:17:26.245   4102,443      22195,0237
14:17:26.784   4102,982      22841,8348
14:17:27.398   4103,596      23541,5895
14:17:27.950   4104,148      24234,9982
14:17:28.527   4104,725      24865,8282
14:17:29.084   4105,282      25549,2844
14:17:29.664   4105,862      26238,0950
14:17:30.244   4106,442      26826,0441
14:17:30.812   4107,010      27440,2173
14:17:31.402   4107,600      28055,0039
14:17:31.952   4108,150      28650,3253
14:17:32.504   4108,702      29265,3839
14:17:33.008   4109,206      29728,2035
14:17:33.520   4109,718      30214,1269
14:17:34.084   4110,282      30719,1415
14:17:34.612   4110,810      31194,8722
14:17:35.190   4111,388      31638,5301
14:17:35.723   4111,921      32063,9145
14:17:36.287   4112,485      32499,2982
14:17:36.843   4113,041      32923,7191
14:17:37.433   4113,631      33319,0882
14:17:37.986   4114,184      33707,3167
14:17:38.544   4114,742      34034,6951
14:17:39.110   4115,308      34346,7057
14:17:39.690   4115,888      34704,2643
14:17:40.225   4116,423      34932,8712
14:17:40.770   4116,968      35282,7008
14:17:41.332   4117,530      35532,4339
14:17:41.917   4118,115      35812,9146
14:17:42.466   4118,664      36066,2406
14:17:43.012   4119,210      36284,1098
14:17:43.514   4119,712      36518,5166
14:17:44.073   4120,271      36640,0804
14:17:44.616   4120,814      36857,5314
14:17:45.168   4121,366      37036,8586
14:17:45.685   4121,883      37185,6377
14:17:46.185   4122,383      37354,0426
14:17:46.747   4122,945      37454,0976
14:17:47.334   4123,532      37666,8652
14:17:47.896   4124,094      37781,4590
14:17:48.467   4124,665      37858,4261
14:17:49.004   4125,202      38027,7884
14:17:49.550   4125,748      38096,7985
14:17:50.120   4126,318      38140,5322
14:17:50.634   4126,832      38280,6596
14:17:51.180   4127,378      38259,8702
14:17:51.809   4128,007      38380,3010
14:17:52.377   4128,575      38436,2923
14:17:52.933   4129,131      38429,8438
14:17:53.496   4129,694      38544,5620
14:17:54.026   4130,224      38565,0124
14:17:54.583   4130,781      38602,5093
14:17:55.120   4131,318      38651,9941
14:17:55.627   4131,825      38658,4988
14:17:56.196   4132,394      38693,5885
14:17:56.739   4132,937      38685,0805
14:17:57.239   4133,437      38782,1338
14:17:57.788   4133,986      38775,0140
14:17:58.336   4134,534      38766,9592
14:17:58.890   4135,088      38819,2146
14:17:59.396   4135,594      38813,5427
14:17:59.941   4136,139      38832,3147
14:18:00.500   4136,698      38837,7110
14:18:01.040   4137,238      38820,0830
14:18:01.565   4137,763      38900,3341
14:18:02.121   4138,319      38875,7175
14:18:02.627   4138,825      38849,9933
14:18:03.186   4139,384      38854,5867
14:18:03.760   4139,958      38902,2366
14:18:04.288   4140,486      38906,8561
14:18:04.827   4141,025      38943,7580
14:18:05.412   4141,610      38958,7249
14:18:05.947   4142,145      38967,7563
14:18:06.524   4142,722      38903,7664
14:18:07.057   4143,255      38941,6641
14:18:07.623   4143,821      38876,9009
14:18:08.197   4144,395      38952,4347
14:18:08.765   4144,963      38923,6878
14:18:09.335   4145,533      38941,4545
14:18:09.882   4146,080      38953,9845
14:18:10.422   4146,620      38976,1091
14:18:10.969   4147,167      38985,4622
14:18:11.556   4147,754      39009,4784
14:18:12.070   4148,268      38986,4881
14:18:12.611   4148,809      38993,9831
14:18:13.180   4149,378      38962,9212
14:18:13.692   4149,890      38997,3991
14:18:14.250   4150,448      39001,6331
14:18:14.820   4151,018      39007,9440
14:18:15.444   4151,642      39008,2585
14:18:16.037   4152,235      39003,8912
14:18:16.564   4152,762      39017,2425
14:18:17.106   4153,304      39013,2719
14:18:17.670   4153,868      39065,2637
14:18:18.240   4154,438      39011,7488
14:18:18.780   4154,978      39066,4565
14:18:19.412   4155,610      38977,8192
14:18:19.915   4156,113      39077,7219
14:18:20.458   4156,656      39057,5920
14:18:21.022   4157,220      39041,2756
14:18:21.544   4157,742      39052,4589
14:18:22.108   4158,306      39042,1170
14:18:22.661   4158,859      39056,5798
14:18:23.218   4159,416      39004,7930
14:18:23.802   4160,000      39002,2756
14:18:24.368   4160,566      39006,9328
14:18:24.933   4161,131      39023,6714
14:18:25.476   4161,674      39064,4608
14:18:25.997   4162,195      39064,5858
14:18:26.533   4162,731      39065,1403
14:18:27.101   4163,299      39057,9582
14:18:27.685   4163,883      39101,2204
14:18:28.248   4164,446      39034,3176
14:18:28.819   4165,017      39091,7927
14:18:29.387   4165,585      39130,3682
14:18:29.972   4166,170      39064,6505
14:18:30.482   4166,680      39103,1601
14:18:31.019   4167,217      39095,0839
14:18:31.528   4167,726      39084,6725
14:18:32.073   4168,271      39090,9321
14:18:32.614   4168,812      39128,7671
14:18:33.166   4169,364      39128,0788
14:18:33.737   4169,935      39059,3668
14:18:34.247   4170,445      39151,3886
14:18:34.781   4170,979      39122,2249
14:18:35.353   4171,551      39135,4278
14:18:35.855   4172,053      39092,2513
14:18:36.428   4172,626      39088,2040
14:18:36.970   4173,168      39110,2151
14:18:37.560   4173,758      39095,5620
14:18:38.075   4174,273      39130,2234
14:18:38.616   4174,814      39082,5028
14:18:39.169   4175,367      39138,7064
14:18:39.714   4175,912      39190,3200
14:18:40.294   4176,492      39097,3709
14:18:40.835   4177,033      39188,8139
14:18:41.419   4177,617      39173,3926
14:18:41.953   4178,151      39121,1936
14:18:42.496   4178,694      39194,1114
14:18:43.043   4179,241      39095,1330
14:18:43.639   4179,837      39138,0435
14:18:44.190   4180,388      39138,2893
14:18:44.731   4180,929      39131,9885
14:18:45.284   4181,482      39183,5753
14:18:45.785   4181,983      39120,4004
14:18:46.358   4182,556      39083,7305
14:18:46.945   4183,143      39163,1434
14:18:47.508   4183,706      39154,6442
14:18:48.036   4184,234      39132,1041
14:18:48.621   4184,819      39149,2282
14:18:49.203   4185,401      39194,4045
14:18:49.771   4185,969      39129,4438
14:18:50.314   4186,512      39141,8069
14:18:50.871   4187,069      39128,2910
14:18:51.379   4187,577      39129,0960
14:18:51.959   4188,157      39139,5324
14:18:52.554   4188,752      39145,1418
14:18:53.131   4189,329      39125,4563
14:18:53.646   4189,844      39116,0925
14:18:54.150   4190,348      39095,1190
14:18:54.691   4190,889      39124,9368
14:18:55.246   4191,444      39153,1280
14:18:55.747   4191,945      39129,9729
14:18:56.279   4192,477      39137,5396
14:18:56.822   4193,020      39144,8547
14:18:57.381   4193,579      39156,6746
14:18:57.925   4194,123      39099,1021
14:18:58.498   4194,696      39154,9154
14:18:59.048   4195,246      39098,5455
14:18:59.645   4195,843      39051,4811
14:19:00.219   4196,417      39108,4128
14:19:00.810   4197,008      39183,9705
14:19:01.384   4197,582      39159,3842
14:19:01.922   4198,120      39136,4226
14:19:02.490   4198,688      39107,0815
14:19:03.043   4199,241      39111,7198
14:19:03.614   4199,812      39155,3562
14:19:04.179   4200,377      39134,5595
14:19:04.734   4200,932      39176,2115
14:19:05.340   4201,538      39122,4339
14:19:05.907   4202,105      39078,5809
14:19:06.454   4202,652      39098,0213
14:19:06.995   4203,193      38979,9279
14:19:07.501   4203,699      38966,3420
14:19:08.039   4204,237      38966,1944
14:19:08.598   4204,796      38835,6506
14:19:09.155   4205,353      38768,6708
14:19:09.667   4205,865      38659,7005
14:19:10.168   4206,366      38482,4498
14:19:10.719   4206,917      38393,8986
14:19:11.288   4207,486      38266,8791
14:19:11.792   4207,990      38118,5465
14:19:12.341   4208,539      37912,3090
14:19:12.879   4209,077      37736,9587
14:19:13.454   4209,652      37511,7486
14:19:13.959   4210,157      37340,8221
14:19:14.502   4210,700      37025,4397
14:19:15.068   4211,266      36791,2921
14:19:15.581   4211,779      36536,5393
14:19:16.123   4212,321      36299,6774
14:19:16.712   4212,910      36062,9178
14:19:17.260   4213,458      35823,5634
14:19:17.792   4213,990      35569,8408
14:19:18.321   4214,519      35312,2656
14:19:18.896   4215,094      35032,7744
14:19:19.434   4215,632      34825,8645
14:19:20.004   4216,202      34433,3148
14:19:20.592   4216,790      34126,3899
14:19:21.147   4217,345      33807,5360
14:19:21.717   4217,915      33443,4709
14:19:22.228   4218,426      33178,0227
14:19:22.780   4218,978      32763,4852
14:19:23.349   4219,547      32415,3555
14:19:23.894   4220,092      31960,1545
14:19:24.456   4220,654      31504,5951
14:19:25.006   4221,204      31059,2674
14:19:25.551   4221,749      30518,7955
14:19:26.095   4222,293      30090,2379
14:19:26.669   4222,867      29552,9215
14:19:27.209   4223,407      29057,8384
14:19:27.786   4223,984      28566,8528
14:19:28.333   4224,531      27938,3744
14:19:28.875   4225,073      27357,1508
14:19:29.486   4225,684      26744,8028
14:19:30.034   4226,232      26141,4082
14:19:30.609   4226,807      25531,2432
14:19:31.149   4227,347      24941,2182
14:19:31.710   4227,908      24320,5565
14:19:32.284   4228,482      23660,5766
14:19:32.785   4228,983      23049,6120
14:19:33.402   4229,600      22388,0564
14:19:33.926   4230,124      21751,1468
14:19:34.478   4230,676      21127,3279
14:19:35.020   4231,218      20467,3270
14:19:35.528   4231,726      19906,0960
14:19:36.112   4232,310      19236,4598
14:19:36.677   4232,875      18624,2432
14:19:37.242   4233,440      17948,1464
14:19:37.816   4234,014      17373,1362
14:19:38.374   4234,572      16776,3125
14:19:38.935   4235,133      16187,5837
14:19:39.443   4235,641      15741,7209
14:19:39.993   4236,191      15174,8476
14:19:40.540   4236,738      14633,0624
14:19:41.113   4237,311      14135,0779
14:19:41.623   4237,821      13667,9004
14:19:42.182   4238,380      13173,8185
14:19:42.722   4238,920      12766,6063
14:19:43.284   4239,482      12276,0332
14:19:43.800   4239,998      11919,8243
14:19:44.368   4240,566      11770,1790
14:19:44.917   4241,115      11885,3687
14:19:45.505   4241,703      12017,3153
14:19:46.061   4242,259      12229,7088
14:19:46.637   4242,835      12546,6998
14:19:47.186   4243,384      12898,5470
14:19:47.764   4243,962      13255,0390
14:19:48.316   4244,514      13652,7464
14:19:48.846   4245,044      14084,9762
14:19:49.354   4245,552      14452,7613
14:19:49.930   4246,128      15001,6826
14:19:50.491   4246,689      15529,7542
14:19:51.061   4247,259      16066,6425
14:19:51.633   4247,831      16608,5588
14:19:52.183   4248,381      17173,8628
14:19:52.742   4248,940      17786,4505
14:19:53.276   4249,474      18397,4389
14:19:53.796   4249,994      18935,5220
14:19:54.363   4250,561      19583,4987
14:19:54.909   4251,107      20203,7845
14:19:55.480   4251,678      20872,1802
14:19:56.046   4252,244      21507,7652
14:19:56.584   4252,782      22131,6242
14:19:57.151   4253,349      22770,3481
14:19:57.695   4253,893      23463,3450
14:19:58.269   4254,467      24141,4207
14:19:58.847   4255,045      24842,1202
14:19:59.377   4255,575      25392,4741
14:19:59.932   4256,130      26062,7697
14:20:00.477   4256,675      26635,1377
14:20:01.025   4257,223      27259,2502
14:20:01.593   4257,791      27860,5013
14:20:02.159   4258,357      28467,1782
14:20:02.692   4258,890      28993,1384
14:20:03.265   4259,463      29579,5313
14:20:03.840   4260,038      30135,0445
14:20:04.416   4260,614      30596,9863
14:20:04.950   4261,148      31096,2527
14:20:05.459   4261,657      31501,6000
14:20:06.024   4262,222      31971,4572
14:20:06.556   4262,754      32375,3639
14:20:07.118   4263,316      32761,6251
14:20:07.628   4263,826      33134,5801
14:20:08.202   4264,400      33485,5385
14:20:08.747   4264,945      33859,9538
14:20:09.301   4265,499      34181,9054
14:20:09.871   4266,069      34480,8856
14:20:10.451   4266,649      34796,3806
14:20:11.012   4267,210      35102,5590
14:20:11.576   4267,774      35391,6359
14:20:12.128   4268,326      35684,6448
14:20:12.715   4268,913      35913,2124
14:20:13.265   4269,463      36158,3687
14:20:13.765   4269,963      36320,7264
14:20:14.300   4270,498      36588,8172
14:20:14.839   4271,037      36811,2543
14:20:15.357   4271,555      36973,2100
14:20:15.874   4272,072      37078,5487
14:20:16.419   4272,617      37234,8593
14:20:16.975   4273,173      37396,8828
14:20:17.488   4273,686      37507,6873
14:20:18.053   4274,251      37646,8758
14:20:18.589   4274,787      37717,8518
14:20:19.169   4275,367      37886,5240
14:20:19.690   4275,888      37945,9790
14:20:20.246   4276,444      38060,3150
14:20:20.815   4277,013      38112,1227
14:20:21.379   4277,577      38187,9533
14:20:21.941   4278,139      38272,9899
14:20:22.472   4278,670      38355,9298
14:20:23.041   4279,239      38396,0505
14:20:23.569   4279,767      38470,3246
14:20:24.116   4280,314      38470,6442
14:20:24.657   4280,855      38538,3226
14:20:25.220   4281,418      38585,3215
14:20:25.801   4281,999      38573,0901
14:20:26.360   4282,558      38596,7775
14:20:26.916   4283,114      38665,5843
14:20:27.467   4283,665      38666,9479
14:20:28.020   4284,218      38674,6863
14:20:28.559   4284,757      38720,6764
14:20:29.103   4285,301      38741,3328
14:20:29.603   4285,801      38770,1240
14:20:30.108   4286,306      38765,6279
14:20:30.644   4286,842      38770,2567
14:20:31.205   4287,403      38808,0241
14:20:31.796   4287,994      38758,8259
14:20:32.327   4288,525      38831,7106
14:20:32.886   4289,084      38807,1453
14:20:33.464   4289,662      38834,6478
14:20:34.022   4290,220      38873,1966
14:20:34.615   4290,813      38846,7345
14:20:35.164   4291,362      38806,2841
14:20:35.671   4291,869      38870,3040
14:20:36.214   4292,412      38860,4542
14:20:36.756   4292,954      38813,6399
14:20:37.341   4293,539      38834,0289
14:20:37.893   4294,091      38823,5254
14:20:38.457   4294,655      38834,4830
14:20:39.025   4295,223      38861,7343
14:20:39.602   4295,800      38876,4971
14:20:40.172   4296,370      38885,0638
14:20:40.733   4296,931      38834,8566
14:20:41.300   4297,498      38868,9825
14:20:41.886   4298,084      38929,0486
14:20:42.434   4298,632      38913,0501
14:20:42.988   4299,186      38931,9667
14:20:43.490   4299,688      38941,2301
14:20:44.025   4300,223      38953,2215
14:20:44.586   4300,784      38959,4328
14:20:45.165   4301,363      39004,4835
14:20:45.697   4301,895      38957,5341
14:20:46.254   4302,452      38992,1398
14:20:46.840   4303,038      38962,7340
14:20:47.430   4303,628      38986,3674
14:20:47.973   4304,171      39034,7721
14:20:48.475   4304,673      39008,6735
14:20:49.051   4305,249      39077,5755
14:20:49.626   4305,824      39013,1092
14:20:50.134   4306,332      39018,0398
14:20:50.673   4306,871      39018,1606
14:20:51.220   4307,418      39024,3786
14:20:51.808   4308,006      39041,0421
14:20:52.368   4308,566      39041,8947
14:20:52.880   4309,078      39022,7987
14:20:53.467   4309,665      39053,0663
14:20:54.000   4310,198      39022,5805
14:20:54.553   4310,751      39078,4121
14:20:55.089   4311,287      39089,8825
14:20:55.655   4311,853      39043,6181
14:20:56.217   4312,415      39059,5751
14:20:56.785   4312,983      39045,6461
14:20:57.426   4313,624      39053,5059
14:20:57.973   4314,171      39014,9278
14:20:58.523   4314,721      39067,3121
14:20:59.095   4315,293      39002,8424
14:20:59.629   4315,827      39030,3286
14:21:00.176   4316,374      38990,3144
14:21:00.730   4316,928      39028,7861
14:21:01.288   4317,486      39041,3721
14:21:01.824   4318,022      39048,7763
14:21:02.384   4318,582      39054,7928
14:21:02.948   4319,146      39141,3449
14:21:03.462   4319,660      39073,5182
14:21:04.010   4320,208      39073,1775
14:21:04.548   4320,746      39120,5960
14:21:05.107   4321,305      39131,0429
14:21:05.695   4321,893      39052,4071
14:21:06.246   4322,444      39036,3107
14:21:06.791   4322,989      39145,0687
14:21:07.442   4323,640      39087,9980
14:21:07.957   4324,155      39076,4253
14:21:08.510   4324,708      39093,4191
14:21:09.047   4325,245      39053,2885
14:21:09.636   4325,834      39097,5768
14:21:10.154   4326,352      39099,9736
14:21:10.706   4326,904      39063,3449
14:21:11.256   4327,454      39096,4578
14:21:11.824   4328,022      39076,8521
14:21:12.390   4328,588      39069,3564
14:21:12.929   4329,127      39130,2911
14:21:13.505   4329,703      39100,1382
14:21:14.047   4330,245      39171,3624
14:21:14.589   4330,787      39100,9071
14:21:15.130   4331,328      39141,6194
14:21:15.632   4331,830      39209,0795
14:21:16.185   4332,383      39112,3650
14:21:16.744   4332,942      39135,3646
14:21:17.289   4333,487      39105,6730
14:21:17.809   4334,007      39094,8461
14:21:18.383   4334,581      39122,6067
14:21:18.962   4335,160      39134,3035
14:21:19.484   4335,682      39153,7409
14:21:20.033   4336,231      39145,2752
14:21:20.588   4336,786      39161,3458
14:21:21.131   4337,329      39132,9668
14:21:21.662   4337,860      39145,4432
14:21:22.239   4338,437      39115,6833
14:21:22.829   4339,027      39142,3681
14:21:23.337   4339,535      39108,6826
14:21:23.874   4340,072      39150,9443
14:21:24.438   4340,636      39167,1644
14:21:24.986   4341,184      39148,8967
14:21:25.499   4341,697      39149,8869
14:21:26.045   4342,243      39103,8375
14:21:26.604   4342,802      39107,3291
14:21:27.125   4343,323      39123,0105
14:21:27.640   4343,838      39121,1353
14:21:28.184   4344,382      39154,2797
14:21:28.726   4344,924      39172,8113
14:21:29.278   4345,476      39108,9120
14:21:29.839   4346,037      39145,4237
14:21:30.382   4346,580      39147,0889
14:21:30.940   4347,138      39129,2143
14:21:31.532   4347,730      39097,2531
14:21:32.081   4348,279      39146,8594
14:21:32.619   4348,817      39136,9276
14:21:33.162   4349,360      39081,2058
14:21:33.730   4349,928      39140,5318
14:21:34.287   4350,485      39089,4229
14:21:34.857   4351,055      39141,8049
14:21:35.387   4351,585      39096,5902
14:21:35.958   4352,156      39037,4323
14:21:36.491   4352,689      39079,5313
14:21:37.027   4353,225      38953,4886
14:21:37.612   4353,810      38904,3972
14:21:38.195   4354,393      38805,3045
14:21:38.797   4354,995      38755,1636
14:21:39.385   4355,583      38724,3044
14:21:39.928   4356,126      38580,7876
14:21:40.459   4356,657      38462,9527
14:21:41.010   4357,208      38358,8067
14:21:41.584   4357,782      38131,7441
14:21:42.102   4358,300      38006,6803
14:21:42.658   4358,856      37849,3026
14:21:43.204   4359,402      37673,5663
14:21:43.774   4359,972      37428,9302
14:21:44.312   4360,510      37177,7419
14:21:44.874   4361,072      36987,3033
14:21:45.406   4361,604      36759,2693
14:21:45.961   4362,159      36474,2349
14:21:46.499   4362,697      36214,7469
14:21:47.076   4363,274      35930,2441
14:21:47.577   4363,775      35710,6935
14:21:48.154   4364,352      35520,5485
14:21:48.684   4364,882      35202,5923
14:21:49.220   4365,418      34943,4816
14:21:49.789   4365,987      34678,8122
14:21:50.369   4366,567      34425,0715
14:21:50.942   4367,140      34096,2102
14:21:51.459   4367,657      33748,6596
14:21:51.996   4368,194      33457,2710
14:21:52.573   4368,771      33078,7139
14:21:53.120   4369,318      32710,1047
14:21:53.638   4369,836      32365,2746
14:21:54.170   4370,368      31981,2544
14:21:54.740   4370,938      31518,8061
14:21:55.295   4371,493      31068,3583
14:21:55.834   4372,032      30602,0743
14:21:56.365   4372,563      30162,4978
14:21:56.913   4373,111      29644,5211
14:21:57.420   4373,618      29219,4045
14:21:58.002   4374,200      28647,2619
14:21:58.568   4374,766      28060,5234
14:21:59.124   4375,322      27476,0816
14:21:59.662   4375,860      26980,1830
14:22:00.212   4376,410      26363,4321
14:22:00.783   4376,981      25742,6190
14:22:01.391   4377,589      25092,6694
14:22:01.977   4378,175      24442,0226
14:22:02.554   4378,752      23830,2806
14:22:03.134   4379,332      23120,6244
14:22:03.724   4379,922      22419,5007
14:22:04.266   4380,464      21809,9532
14:22:04.842   4381,040      21185,3693
14:22:05.431   4381,629      20540,0581
14:22:05.971   4382,169      19833,9470
14:22:06.521   4382,719      19204,1866
14:22:07.144   4383,342      18520,2540
14:22:07.708   4383,906      17938,4602
14:22:08.279   4384,477      17303,9293
14:22:08.862   4385,060      16716,6835
14:22:09.425   4385,623      16126,5308
14:22:09.980   4386,178      15559,8300
14:22:10.539   4386,737      15032,4733
14:22:11.074   4387,272      14530,5621
14:22:11.652   4387,850      14001,8577
14:22:12.214   4388,412      13491,4798
14:22:12.783   4388,981      13014,7179
14:22:13.355   4389,553      12584,2533
14:22:13.925   4390,123      12168,6515
14:22:14.500   4390,698      11889,1234
14:22:15.038   4391,236      11863,8859
14:22:15.541   4391,739      11914,6613
14:22:16.114   4392,312      12111,5452
14:22:16.681   4392,879      12380,5204
14:22:17.238   4393,436      12729,3776
14:22:17.819   4394,017      13064,2183
14:22:18.357   4394,555      13453,1557
14:22:18.940   4395,138      13881,4295
14:22:19.486   4395,684      14331,1338
14:22:19.987   4396,185      14730,0899
14:22:20.557   4396,755      15217,9846
14:22:21.098   4397,296      15743,5226
14:22:21.686   4397,884      16299,7822
14:22:22.229   4398,427      16857,9970
14:22:22.785   4398,983      17395,0573
14:22:23.395   4399,593      17986,8941
14:22:23.941   4400,139      18687,8072
14:22:24.505   4400,703      19330,4216
14:22:25.081   4401,279      19970,8200
14:22:25.636   4401,834      20626,2248
14:22:26.171   4402,369      21272,0670
14:22:26.712   4402,910      21932,0651
14:22:27.214   4403,412      22457,5931
14:22:27.803   4404,001      23226,4971
14:22:28.335   4404,533      23801,2589
14:22:28.878   4405,076      24423,6290
14:22:29.382   4405,580      24973,6852
14:22:29.982   4406,180      25640,5168
14:22:30.564   4406,762      26325,2872
14:22:31.111   4407,309      26930,7563
14:22:31.678   4407,876      27516,2711
14:22:32.209   4408,407      28088,0989
14:22:32.765   4408,963      28696,9294
14:22:33.301   4409,499      29221,3221
14:22:33.877   4410,075      29754,9842
14:22:34.442   4410,640      30260,7634
14:22:35.006   4411,204      30774,7432
14:22:35.636   4411,834      31301,6329
14:22:36.207   4412,405      31772,9430
14:22:36.753   4412,951      32208,7018
14:22:37.340   4413,538      32660,7682
14:22:37.895   4414,093      33003,4096
14:22:38.442   4414,640      33353,5458
14:22:38.977   4415,175      33718,4651
14:22:39.561   4415,759      34084,6122
14:22:40.145   4416,343      34358,4145
14:22:40.710   4416,908      34751,6424
14:22:41.284   4417,482      35036,1845
14:22:41.832   4418,030      35338,9080
14:22:42.391   4418,589      35571,2715
14:22:42.980   4419,178      35813,1705
14:22:43.557   4419,755      36074,6027
14:22:44.135   4420,333      36371,3804
14:22:44.679   4420,877      36534,3459
14:22:45.223   4421,421      36700,8536
14:22:45.784   4421,982      36872,4238
14:22:46.320   4422,518      37095,8334
14:22:46.890   4423,088      37191,9623
14:22:47.457   4423,655      37394,3476
14:22:48.000   4424,198      37532,6397
14:22:48.567   4424,765      37605,4776
14:22:49.103   4425,301      37715,1719
14:22:49.687   4425,885      37895,8121
14:22:50.226   4426,424      37967,5022
14:22:50.798   4426,996      37985,0706
14:22:51.385   4427,583      38108,1328
14:22:51.939   4428,137      38140,3698
14:22:52.497   4428,695      38251,3622
14:22:53.032   4429,230      38300,9723
14:22:53.550   4429,748      38272,0710
14:22:54.125   4430,323      38422,9198
14:22:54.691   4430,889      38446,9005
14:22:55.224   4431,422      38503,6600
14:22:55.740   4431,938      38543,2371
14:22:56.301   4432,499      38568,1064
14:22:56.856   4433,054      38542,5021
14:22:57.456   4433,654      38661,4826
14:22:57.958   4434,156      38683,3511
14:22:58.458   4434,656      38674,1325
14:22:58.993   4435,191      38685,3815
14:22:59.496   4435,694      38721,2758
14:23:00.065   4436,263      38670,4957
14:23:00.636   4436,834      38744,7401
14:23:01.195   4437,393      38780,3588
14:23:01.768   4437,966      38755,4135
14:23:02.347   4438,545      38757,8163
14:23:02.895   4439,093      38821,2924
14:23:03.480   4439,678      38825,5168
14:23:03.985   4440,183      38842,3938
14:23:04.530   4440,728      38817,2279
14:23:05.076   4441,274      38815,6683
14:23:05.615   4441,813      38860,7559
14:23:06.179   4442,377      38876,6617
14:23:06.716   4442,914      38883,3117
14:23:07.271   4443,469      38852,5391
14:23:07.793   4443,991      38912,2364
14:23:08.330   4444,528      38836,8797
14:23:08.879   4445,077      38838,6189
14:23:09.388   4445,586      38905,8036
14:23:09.913   4446,111      38861,0832
14:23:10.458   4446,656      38855,2216
14:23:10.962   4447,160      38925,4232
14:23:11.473   4447,671      38892,6791
14:23:12.043   4448,241      38891,1655
14:23:12.610   4448,808      38958,2250
14:23:13.167   4449,365      38973,9295
14:23:13.681   4449,879      38993,5753
14:23:14.248   4450,446      38975,8363
14:23:14.807   4451,005      38947,5861
14:23:15.386   4451,584      38909,6809
14:23:15.940   4452,138      38923,8300
14:23:16.495   4452,693      38930,9428
14:23:17.052   4453,250      38916,5702
14:23:17.624   4453,822      38966,1817
14:23:18.195   4454,393      38937,0471
14:23:18.757   4454,955      38950,7557
14:23:19.292   4455,490      38953,7500
14:23:19.813   4456,011      38979,5326
14:23:20.375   4456,573      38984,9189
14:23:20.916   4457,114      38932,8791
14:23:21.484   4457,682      38952,6465
14:23:22.042   4458,240      38974,2489
14:23:22.596   4458,794      38996,3922
14:23:23.134   4459,332      38983,7075
14:23:23.719   4459,917      39029,4805
14:23:24.282   4460,480      38964,2050
14:23:24.837   4461,035      39002,0678
14:23:25.420   4461,618      38983,6820
14:23:25.992   4462,190      38998,4924
14:23:26.571   4462,769      39003,2262
14:23:27.101   4463,299      38999,3925
14:23:27.666   4463,864      39037,2923
14:23:28.249   4464,447      39021,1017
14:23:28.817   4465,015      39058,1837
14:23:29.427   4465,625      39043,7515
14:23:29.979   4466,177      39033,9807
14:23:30.570   4466,768      39062,2295
14:23:31.138   4467,336      39076,7549
14:23:31.653   4467,851      39067,6033
14:23:32.218   4468,416      39048,2197
14:23:32.760   4468,958      39055,3955
14:23:33.299   4469,497      39022,7106
14:23:33.813   4470,011      39042,9037
14:23:34.359   4470,557      39023,1764
14:23:34.894   4471,092      39025,0329
14:23:35.440   4471,638      38998,3851
14:23:35.992   4472,190      39058,7622
14:23:36.559   4472,757      39100,0394
14:23:37.113   4473,311      39000,5076
14:23:37.624   4473,822      39089,9910
14:23:38.195   4474,393      39039,6861
14:23:38.733   4474,931      39075,0325
14:23:39.352   4475,550      39063,3731
14:23:39.906   4476,104      39027,0944
14:23:40.452   4476,650      39097,0124
14:23:40.995   4477,193      39124,5676
14:23:41.545   4477,743      39082,3530
14:23:42.131   4478,329      39056,7039
14:23:42.697   4478,895      39082,7628
14:23:43.253   4479,451      39066,5238
14:23:43.768   4479,966      39084,1456
14:23:44.320   4480,518      39094,6661
14:23:44.877   4481,075      39075,4997
14:23:45.406   4481,604      39073,3871
14:23:45.972   4482,170      39131,3370
14:23:46.501   4482,699      39125,0314
14:23:47.048   4483,246      39148,8921
14:23:47.625   4483,823      39076,6698
14:23:48.187   4484,385      39057,0999
14:23:48.733   4484,931      39108,2129
14:23:49.277   4485,475      39080,5957
14:23:49.859   4486,057      39113,1655
14:23:50.437   4486,635      39076,6182
14:23:50.974   4487,172      39112,7256
14:23:51.543   4487,741      39117,6285
14:23:52.123   4488,321      39138,2971
14:23:52.657   4488,855      39076,2961
14:23:53.241   4489,439      39100,0495
14:23:53.790   4489,988      39086,0173
14:23:54.340   4490,538      39126,2852
14:23:54.904   4491,102      39106,2956
14:23:55.421   4491,619      39095,8055
14:23:55.955   4492,153      39070,5901
14:23:56.536   4492,734      39098,7142
14:23:57.077   4493,275      39115,0756
14:23:57.666   4493,864      39077,3991
14:23:58.207   4494,405      39097,8470
14:23:58.778   4494,976      39110,2746
14:23:59.342   4495,540      39106,1424
14:23:59.885   4496,083      39096,8121
14:24:00.481   4496,679      39133,7253
14:24:01.063   4497,261      39116,0630
14:24:01.649   4497,847      39101,7683
14:24:02.160   4498,358      39101,0659
14:24:02.746   4498,944      39071,5793
14:24:03.290   4499,488      39088,4219
14:24:03.825   4500,023      39037,3224
14:24:04.392   4500,590      39087,9208
14:24:04.975   4501,173      39069,7629
14:24:05.480   4501,678      39031,6344
14:24:05.995   4502,193      39062,5316
14:24:06.540   4502,738      39024,9342
14:24:07.101   4503,299      38989,8580
14:24:07.685   4503,883      38914,3831
14:24:08.249   4504,447      38872,5810
14:24:08.827   4505,025      38789,7404
14:24:09.422   4505,620      38741,8006
14:24:09.995   4506,193      38540,8874
14:24:10.570   4506,768      38447,6291
14:24:11.119   4507,317      38352,7305
14:24:11.637   4507,835      38220,3553
14:24:12.198   4508,396      38112,7874
14:24:12.751   4508,949      37870,4959
14:24:13.369   4509,567      37717,1879
14:24:13.925   4510,123      37494,7894
14:24:14.494   4510,692      37237,9701
14:24:15.033   4511,231      36988,3163
14:24:15.578   4511,776      36748,4360
14:24:16.137   4512,335      36510,8042
14:24:16.650   4512,848      36291,8569
14:24:17.231   4513,429      36013,6386
14:24:17.761   4513,959      35837,6418
14:24:18.331   4514,529      35551,4270
14:24:18.910   4515,108      35328,8908
14:24:19.500   4515,698      35004,1977
14:24:20.082   4516,280      34696,1888
14:24:20.616   4516,814      34436,0199
14:24:21.158   4517,356      34151,8128
14:24:21.690   4517,888      33847,5234
14:24:22.232   4518,430      33518,6514
14:24:22.786   4518,984      33193,0395
14:24:23.344   4519,542      32849,1520
14:24:23.858   4520,056      32439,4847
14:24:24.415   4520,613      32032,1261
14:24:24.949   4521,147      31625,3522
14:24:25.532   4521,730      31182,3453
14:24:26.086   4522,284      30707,2676
14:24:26.630   4522,828      30222,7792
14:24:27.152   4523,350      29806,5159
14:24:27.735   4523,933      29248,0505
14:24:28.291   4524,489      28680,6603
14:24:28.830   4525,028      28096,9616
14:24:29.409   4525,607      27610,9684
14:24:29.955   4526,153      27038,2983
14:24:30.484   4526,682      26468,7271
14:24:31.021   4527,219      25886,3637
14:24:31.540   4527,738      25292,9073
14:24:32.077   4528,275      24716,4342
14:24:32.625   4528,823      24109,1131
14:24:33.127   4529,325      23531,5404
14:24:33.646   4529,844      22939,3546
14:24:34.149   4530,347      22387,4625
14:24:34.729   4530,927      21730,6285
14:24:35.344   4531,542      21095,9732
14:24:35.912   4532,110      20370,5630
14:24:36.455   4532,653      19758,2861
14:24:36.996   4533,194      19156,5890
14:24:37.591   4533,789      18477,2558
14:24:38.173   4534,371      17812,4669
14:24:38.728   4534,926      17288,9950
14:24:39.279   4535,477      16677,5880
14:24:39.807   4536,005      16150,0574
14:24:40.365   4536,563      15572,4026
14:24:40.947   4537,145      15062,4236
14:24:41.464   4537,662      14544,0002
14:24:42.022   4538,220      14053,6693
14:24:42.575   4538,773      13555,9281
14:24:43.075   4539,273      13158,3911
14:24:43.659   4539,857      12688,8390
14:24:44.207   4540,405      12250,6507
14:24:44.765   4540,963      11931,8100
14:24:45.338   4541,536      11921,9804
14:24:45.878   4542,076      11959,1872
14:24:46.470   4542,668      12172,6779
14:24:47.021   4543,219      12423,0651
14:24:47.609   4543,807      12741,9552
14:24:48.160   4544,358      13079,1194
14:24:48.724   4544,922      13497,5996
14:24:49.264   4545,462      13929,4650
14:24:49.845   4546,043      14383,3564
14:24:50.419   4546,617      14839,9547
14:24:50.973   4547,171      15320,5688
14:24:51.480   4547,678      15775,3500
14:24:52.055   4548,253      16377,1956
14:24:52.592   4548,790      16879,4898
14:24:53.150   4549,348      17474,2044
14:24:53.735   4549,933      18148,5285
14:24:54.238   4550,436      18672,2448
14:24:54.782   4550,980      19276,0780
14:24:55.383   4551,581      19943,5478
14:24:55.951   4552,149      20605,2147
14:24:56.546   4552,744      21293,8135
14:24:57.106   4553,304      21978,5684
14:24:57.634   4553,832      22570,9979
14:24:58.202   4554,400      23210,7727
14:24:58.752   4554,950      23891,8058
14:24:59.294   4555,492      24462,2480
14:24:59.797   4555,995      25072,4496
14:25:00.332   4556,530      25694,7869
14:25:00.875   4557,073      26327,0833
14:25:01.385   4557,583      26816,5870
14:25:01.962   4558,160      27502,6916
14:25:02.511   4558,709      28045,7759
14:25:03.084   4559,282      28669,7901
14:25:03.641   4559,839      29172,5505
14:25:04.233   4560,431      29712,7544
14:25:04.786   4560,984      30278,0097
14:25:05.371   4561,569      30772,5759
14:25:05.922   4562,120      31261,3216
14:25:06.475   4562,673      31692,9606
14:25:07.076   4563,274      32183,5144
14:25:07.650   4563,848      32511,4072
14:25:08.222   4564,420      32928,9366
14:25:08.789   4564,987      33322,5531
14:25:09.368   4565,566      33697,9139
14:25:09.961   4566,159      34069,9364
14:25:10.515   4566,713      34376,5547
14:25:11.074   4567,272      34718,3882
14:25:11.574   4567,772      34953,1947
14:25:12.121   4568,319      35221,8047
14:25:12.693   4568,891      35510,0763
14:25:13.267   4569,465      35713,5132
14:25:13.845   4570,043      36008,8991
14:25:14.409   4570,607      36243,7091
14:25:14.945   4571,143      36416,8222
14:25:15.519   4571,717      36634,0784
14:25:16.048   4572,246      36780,4147
14:25:16.560   4572,758      36960,4515
14:25:17.106   4573,304      37120,1771
14:25:17.645   4573,843      37252,0765
14:25:18.217   4574,415      37418,1206
14:25:18.757   4574,955      37537,7460
14:25:19.366   4575,564      37638,0434
14:25:19.886   4576,084      37716,1883
14:25:20.439   4576,637      37943,6449
14:25:20.979   4577,177      37961,6170
14:25:21.489   4577,687      38056,8508
14:25:22.062   4578,260      38110,4259
14:25:22.619   4578,817      38161,8406
14:25:23.136   4579,334      38225,6831
14:25:23.703   4579,901      38295,0120
14:25:24.212   4580,410      38346,2391
14:25:24.756   4580,954      38367,7713
14:25:25.298   4581,496      38455,6635
14:25:25.804   4582,002      38432,6207
14:25:26.392   4582,590      38491,6345
14:25:26.934   4583,132      38516,8824
14:25:27.456   4583,654      38552,8028
14:25:28.063   4584,261      38576,3826
14:25:28.627   4584,825      38579,2006
14:25:29.221   4585,419      38671,1748
14:25:29.807   4586,005      38598,7289
14:25:30.340   4586,538      38637,9153
14:25:30.910   4587,108      38671,5904
14:25:31.432   4587,630      38682,5801
14:25:32.021   4588,219      38699,4091
14:25:32.610   4588,808      38732,3537
14:25:33.166   4589,364      38704,7102
14:25:33.784   4589,982      38737,8250
14:25:34.344   4590,542      38759,2787
14:25:34.931   4591,129      38781,0327
14:25:35.474   4591,672      38772,9069
14:25:36.017   4592,215      38747,4538
14:25:36.575   4592,773      38770,0110
14:25:37.148   4593,346      38770,8783
14:25:37.740   4593,938      38798,8984
14:25:38.277   4594,475      38770,9607
14:25:38.848   4595,046      38829,9548
14:25:39.435   4595,633      38858,6974
14:25:39.996   4596,194      38805,4628
14:25:40.526   4596,724      38799,0944
14:25:41.083   4597,281      38799,3704
14:25:41.681   4597,879      38811,9743
14:25:42.244   4598,442      38780,3983
14:25:42.774   4598,972      38880,9121
14:25:43.358   4599,556      38881,2720
14:25:43.904   4600,102      38828,6856
14:25:44.487   4600,685      38876,7333
14:25:45.064   4601,262      38851,6733
14:25:45.643   4601,841      38866,4849
14:25:46.163   4602,361      38877,1112
14:25:46.739   4602,937      38875,4605
14:25:47.355   4603,553      38888,3476
14:25:47.922   4604,120      38928,1013
14:25:48.457   4604,655      38877,2213
14:25:48.996   4605,194      38895,2094
14:25:49.499   4605,697      38926,6937
14:25:50.047   4606,245      38909,1316
14:25:50.591   4606,789      38889,3342
14:25:51.166   4607,364      38928,9739
14:25:51.719   4607,917      38948,7753
14:25:52.233   4608,431      38930,8938
14:25:52.809   4609,007      38900,2402
14:25:53.383   4609,581      38924,6432
14:25:53.912   4610,110      38947,6665
14:25:54.421   4610,619      38936,3295
14:25:54.954   4611,152      38913,2725
14:25:55.467   4611,665      38919,5607
14:25:56.016   4612,214      38970,9759
14:25:56.579   4612,777      38915,6838
14:25:57.154   4613,352      38950,0924
14:25:57.672   4613,870      38903,0818
14:25:58.212   4614,410      38965,5298
14:25:58.775   4614,973      39033,8422
14:25:59.357   4615,555      38883,7018
14:25:59.920   4616,118      38949,5474
14:26:00.463   4616,661      38994,1847
14:26:01.007   4617,205      38964,4456
14:26:01.543   4617,741      38935,9482
14:26:02.072   4618,270      38949,9392
14:26:02.612   4618,810      38950,0298
14:26:03.174   4619,372      38928,9092
14:26:03.690   4619,888      38931,2372
14:26:04.201   4620,399      38939,6508
14:26:04.750   4620,948      38965,9451
14:26:05.354   4621,552      38951,3771
14:26:05.910   4622,108      38885,2654
14:26:06.486   4622,684      38972,7192
14:26:07.048   4623,246      38928,7274
14:26:07.558   4623,756      38915,7014
14:26:08.110   4624,308      38944,5237
14:26:08.674   4624,872      38894,6346
14:26:09.233   4625,431      38974,2861
14:26:09.830   4626,028      38990,3742
14:26:10.414   4626,612      38939,8596
14:26:10.950   4627,148      38941,0466
14:26:11.517   4627,715      38977,6238
14:26:12.052   4628,250      38957,5832
14:26:12.626   4628,824      38990,6026
14:26:13.179   4629,377      38995,1658
14:26:13.775   4629,973      38973,7558
14:26:14.370   4630,568      38984,0572
14:26:14.937   4631,135      39010,2398
14:26:15.521   4631,719      39033,3725
14:26:16.074   4632,272      38994,5643
14:26:16.661   4632,859      38940,0263
14:26:17.205   4633,403      39005,2485
14:26:17.798   4633,996      39027,4555
14:26:18.303   4634,501      39016,7609
14:26:18.811   4635,009      39020,2542
14:26:19.425   4635,623      38996,4330
14:26:20.016   4636,214      38974,6193
14:26:20.565   4636,763      39008,0071
14:26:21.114   4637,312      39007,9326
14:26:21.623   4637,821      39014,7378
14:26:22.193   4638,391      39076,0159
14:26:22.731   4638,929      38991,9483
14:26:23.342   4639,540      39007,6014
14:26:23.887   4640,085      38972,4697
14:26:24.451   4640,649      39078,6268
14:26:24.952   4641,150      39020,5107
14:26:25.480   4641,678      39002,1840
14:26:26.040   4642,238      39060,2918
14:26:26.621   4642,819      39072,2916
14:26:27.152   4643,350      39094,9304
14:26:27.690   4643,888      39060,1407
14:26:28.240   4644,438      39077,0328
14:26:28.826   4645,024      39046,5164
14:26:29.411   4645,609      39092,1003
14:26:29.949   4646,147      39100,0922
14:26:30.449   4646,647      39097,0740
14:26:31.019   4647,217      39073,3274
14:26:31.630   4647,828      39062,4606
14:26:32.165   4648,363      39096,8833
14:26:32.714   4648,912      39087,7533
14:26:33.284   4649,482      39100,0523
14:26:33.786   4649,984      39012,6074
14:26:34.346   4650,544      39068,8568
14:26:34.876   4651,074      39031,0773
14:26:35.392   4651,590      39027,2891
14:26:35.947   4652,145      39036,3680
14:26:36.480   4652,678      39039,3629
14:26:37.032   4653,230      39004,5949
14:26:37.623   4653,821      38953,4324
14:26:38.189   4654,387      38959,7335
14:26:38.741   4654,939      38827,9671
14:26:39.273   4655,471      38770,4597
14:26:39.776   4655,974      38691,7868
14:26:40.285   4656,483      38604,8752
14:26:40.864   4657,062      38440,6833
14:26:41.424   4657,622      38409,9249
14:26:41.981   4658,179      38178,5096
14:26:42.532   4658,730      38046,4024
14:26:43.066   4659,264      37890,2523
14:26:43.571   4659,769      37709,1560
14:26:44.114   4660,312      37475,8660
14:26:44.662   4660,860      37267,9632
14:26:45.196   4661,394      37056,8703
14:26:45.727   4661,925      36815,9846
14:26:46.270   4662,468      36592,3844
14:26:46.856   4663,054      36294,2574
14:26:47.452   4663,650      36029,4757
14:26:48.019   4664,217      35812,4515
14:26:48.575   4664,773      35563,8773
14:26:49.123   4665,321      35325,7585
14:26:49.733   4665,931      35048,3656
14:26:50.257   4666,455      34721,8378
14:26:50.853   4667,051      34499,1933
14:26:51.427   4667,625      34190,0369
14:26:51.973   4668,171      33821,2643
14:26:52.501   4668,699      33542,2571
14:26:53.096   4669,294      33190,4499
14:26:53.678   4669,876      32821,9139
14:26:54.269   4670,467      32414,5636
14:26:54.818   4671,016      32011,2802
14:26:55.387   4671,585      31562,0978
14:26:55.924   4672,122      31176,7706
14:26:56.464   4672,662      30684,1593
14:26:57.005   4673,203      30197,5528
14:26:57.531   4673,729      29746,2851
14:26:58.120   4674,318      29209,9889
14:26:58.664   4674,862      28700,7893
14:26:59.201   4675,399      28171,1521
14:26:59.708   4675,906      27633,5730
14:27:00.256   4676,454      27105,8883
14:27:00.803   4677,001      26519,9827
14:27:01.395   4677,593      25938,2123
14:27:01.960   4678,158      25310,3249
14:27:02.492   4678,690      24713,9268
14:27:03.067   4679,265      24104,7083
14:27:03.572   4679,770      23484,5386
14:27:04.078   4680,276      22971,7691
14:27:04.646   4680,844      22289,8603
14:27:05.197   4681,395      21641,1975
14:27:05.710   4681,908      21110,1624
14:27:06.247   4682,445      20461,7415
14:27:06.807   4683,005      19811,2516
14:27:07.411   4683,609      19177,4216
14:27:07.978   4684,176      18504,1739
14:27:08.557   4684,755      17851,2979
14:27:09.091   4685,289      17330,3212
14:27:09.604   4685,802      16780,9688
14:27:10.165   4686,363      16203,9422
14:27:10.718   4686,916      15694,4048
14:27:11.274   4687,472      15136,2886
14:27:11.791   4687,989      14640,4986
14:27:12.326   4688,524      14156,1412
14:27:12.869   4689,067      13717,4583
14:27:13.444   4689,642      13244,8131
14:27:13.975   4690,173      12803,8841
14:27:14.544   4690,742      12316,9037
14:27:15.090   4691,288      11994,4613
14:27:15.622   4691,820      11969,0053
14:27:16.179   4692,377      11991,8208
14:27:16.716   4692,914      12171,9178
14:27:17.346   4693,544      12406,7413
14:27:17.879   4694,077      12733,6057
14:27:18.409   4694,607      13095,5515
14:27:18.969   4695,167      13444,5622
14:27:19.549   4695,747      13871,0767
14:27:20.107   4696,305      14317,0515
14:27:20.675   4696,873      14806,3121
14:27:21.231   4697,429      15285,6998
14:27:21.742   4697,940      15712,0242
14:27:22.281   4698,479      16309,2912
14:27:22.841   4699,039      16815,5892
14:27:23.373   4699,571      17363,7643
14:27:23.939   4700,137      17966,9910
14:27:24.488   4700,686      18561,8422
14:27:25.050   4701,248      19194,7445
14:27:25.630   4701,828      19852,1799
14:27:26.216   4702,414      20554,2156
14:27:26.757   4702,955      21165,2661
14:27:27.340   4703,538      21774,3135
14:27:27.905   4704,103      22460,0174
14:27:28.484   4704,682      23101,1998
14:27:29.058   4705,256      23732,4431
14:27:29.636   4705,834      24488,1105
14:27:30.163   4706,361      25085,2822
14:27:30.698   4706,896      25682,2513
14:27:31.238   4707,436      26294,3111
14:27:31.739   4707,937      26795,0915
14:27:32.280   4708,478      27391,4654
14:27:32.825   4709,023      27986,2931
14:27:33.340   4709,538      28472,8021
14:27:33.933   4710,131      29072,3121
14:27:34.487   4710,685      29599,5330
14:27:35.029   4711,227      30120,6894
14:27:35.531   4711,729      30566,0308
14:27:36.071   4712,269      31019,5894
14:27:36.655   4712,853      31510,3841
14:27:37.211   4713,409      31932,8192
14:27:37.791   4713,989      32339,1798
14:27:38.352   4714,550      32756,1580
14:27:38.934   4715,132      33106,7959
14:27:39.463   4715,661      33474,2879
14:27:40.009   4716,207      33840,3140
14:27:40.544   4716,742      34121,5764
14:27:41.099   4717,297      34440,4318
14:27:41.619   4717,817      34661,0436
14:27:42.156   4718,354      34951,7677
14:27:42.701   4718,899      35269,1574
14:27:43.263   4719,461      35462,1960
14:27:43.765   4719,963      35749,0112
14:27:44.308   4720,506      35968,5190
14:27:44.849   4721,047      36177,4392
14:27:45.450   4721,648      36407,0937
14:27:46.046   4722,244      36575,2701
14:27:46.647   4722,845      36814,8698
14:27:47.220   4723,418      36934,8269
14:27:47.749   4723,947      37103,3697
14:27:48.330   4724,528      37236,8684
14:27:48.876   4725,074      37397,2890
14:27:49.393   4725,591      37494,5860
14:27:49.897   4726,095      37563,8160
14:27:50.435   4726,633      37740,6818
14:27:50.983   4727,181      37826,4153
14:27:51.552   4727,750      37964,6661
14:27:52.119   4728,317      38030,8433
14:27:52.674   4728,872      38095,1017
14:27:53.190   4729,388      38156,4572
14:27:53.810   4730,008      38259,7117
14:27:54.348   4730,546      38257,0123
14:27:54.915   4731,113      38260,6111
14:27:55.419   4731,617      38403,7316
14:27:56.003   4732,201      38355,6430
14:27:56.558   4732,756      38378,7184
14:27:57.134   4733,332      38467,6722
14:27:57.639   4733,837      38452,1195
14:27:58.221   4734,419      38543,2757
14:27:58.760   4734,958      38486,1129
14:27:59.365   4735,563      38521,1817
14:27:59.937   4736,135      38512,0719
14:28:00.523   4736,721      38595,2515
14:28:01.110   4737,308      38580,0356
14:28:01.715   4737,913      38608,6420
14:28:02.218   4738,416      38590,9476
14:28:02.751   4738,949      38641,4656
14:28:03.370   4739,568      38637,5059
14:28:03.954   4740,152      38643,7197
14:28:04.470   4740,668      38707,2878
14:28:05.006   4741,204      38707,9588
14:28:05.585   4741,783      38685,8413
14:28:06.129   4742,327      38696,4782
14:28:06.674   4742,872      38745,0699
14:28:07.222   4743,420      38718,6841
14:28:07.725   4743,923      38738,2954
14:28:08.271   4744,469      38742,6616
14:28:08.807   4745,005      38779,8001
14:28:09.408   4745,606      38769,7854
14:28:09.973   4746,171      38766,8629
14:28:10.526   4746,724      38696,5588
14:28:11.061   4747,259      38740,5369
14:28:11.594   4747,792      38821,4196
14:28:12.148   4748,346      38792,5584
14:28:12.724   4748,922      38846,1320
14:28:13.275   4749,473      38836,7385
14:28:13.798   4749,996      38850,2524
14:28:14.318   4750,516      38853,1027
14:28:14.884   4751,082      38794,0938
14:28:15.463   4751,661      38830,3907
14:28:16.025   4752,223      38822,8281
14:28:16.570   4752,768      38848,6882
14:28:17.126   4753,324      38860,2982
14:28:17.649   4753,847      38875,0948
14:28:18.221   4754,419      38874,5402
14:28:18.725   4754,923      38818,5487
14:28:19.274   4755,472      38892,6157
14:28:19.843   4756,041      38872,5297
14:28:20.397   4756,595      38900,0119
14:28:20.945   4757,143      38848,9250
14:28:21.531   4757,729      38897,3845
14:28:22.118   4758,316      38857,8693
14:28:22.679   4758,877      38878,1285
14:28:23.255   4759,453      38876,7942
14:28:23.758   4759,956      38900,7084
14:28:24.306   4760,504      38873,9175
14:28:24.846   4761,044      38897,3491
14:28:25.356   4761,554      38937,1117
14:28:25.902   4762,100      38895,9932
14:28:26.465   4762,663      38901,9178
14:28:27.016   4763,214      38912,4300
14:28:27.536   4763,734      38877,1748
14:28:28.079   4764,277      38924,1750
14:28:28.652   4764,850      38914,6101
14:28:29.203   4765,401      38932,6508
14:28:29.715   4765,913      38877,4295
14:28:30.290   4766,488      38945,9619
14:28:30.846   4767,044      38864,5589
14:28:31.421   4767,619      38940,2727
14:28:31.976   4768,174      38948,7916
14:28:32.532   4768,730      38870,9462
14:28:33.096   4769,294      38999,4015
14:28:33.604   4769,802      38983,0052
14:28:34.156   4770,354      38912,9591
14:28:34.697   4770,895      38920,3963
14:28:35.261   4771,459      38943,8577
14:28:35.847   4772,045      38894,5596
14:28:36.401   4772,599      38969,7981
14:28:36.966   4773,164      38941,7011
14:28:37.533   4773,731      38938,8232
14:28:38.081   4774,279      38986,9719
14:28:38.581   4774,779      38998,4197
14:28:39.128   4775,326      38965,3560
14:28:39.683   4775,881      38940,8307
14:28:40.227   4776,425      38970,5208
14:28:40.778   4776,976      38933,7291
14:28:41.361   4777,559      38973,5506
14:28:41.932   4778,130      38992,4294
14:28:42.492   4778,690      38929,8992
14:28:43.044   4779,242      38994,8844
14:28:43.570   4779,768      38956,1567
14:28:44.134   4780,332      38961,3497
14:28:44.702   4780,900      38996,9807
14:28:45.258   4781,456      38964,4787
14:28:45.843   4782,041      38995,6506
14:28:46.418   4782,616      39006,8463
14:28:46.997   4783,195      38949,7371
14:28:47.563   4783,761      38936,4474
14:28:48.115   4784,313      38951,2999
14:28:48.680   4784,878      38957,2698
14:28:49.244   4785,442      39022,1244
14:28:49.777   4785,975      39022,8190
14:28:50.351   4786,549      38989,4864
14:28:50.969   4787,167      39005,2278
14:28:51.496   4787,694      38988,8455
14:28:52.064   4788,262      38992,8520
14:28:52.643   4788,841      39004,5461
14:28:53.226   4789,424      38994,6922
14:28:53.817   4790,015      38979,3631
14:28:54.360   4790,558      38972,2737
14:28:54.939   4791,137      38932,9787
14:28:55.535   4791,733      39017,0236
14:28:56.043   4792,241      38982,9251
14:28:56.607   4792,805      39038,7087
14:28:57.194   4793,392      39006,5407
14:28:57.759   4793,957      38998,4245
14:28:58.307   4794,505      38948,3240
14:28:58.857   4795,055      39031,7251
14:28:59.437   4795,635      39012,8685
14:28:59.987   4796,185      38979,6832
14:29:00.490   4796,688      38998,5324
14:29:01.017   4797,215      39052,4901
14:29:01.534   4797,732      38989,0685
14:29:02.108   4798,306      38977,9525
14:29:02.682   4798,880      39068,2668
14:29:03.270   4799,468      38995,7141
14:29:03.842   4800,040      39038,8040
14:29:04.406   4800,604      38974,6633
14:29:04.953   4801,151      39034,2929
14:29:05.516   4801,714      38972,7823
14:29:06.088   4802,286      38988,2128
14:29:06.632   4802,830      38985,9362
14:29:07.195   4803,393      38982,6176
14:29:07.729   4803,927      38950,7124
14:29:08.316   4804,514      38905,4937
14:29:08.853   4805,051      38817,5038
14:29:09.355   4805,553      38796,5444
14:29:09.924   4806,122      38667,7741
14:29:10.482   4806,680      38594,9821
14:29:11.025   4807,223      38452,7873
14:29:11.563   4807,761      38376,0998
14:29:12.116   4808,314      38201,2148
14:29:12.665   4808,863      38066,0552
14:29:13.231   4809,429      37909,5217
14:29:13.745   4809,943      37725,9944
14:29:14.319   4810,517      37501,9319
14:29:14.881   4811,079      37238,2218
14:29:15.452   4811,650      37066,1579
14:29:15.980   4812,178      36790,9677
14:29:16.548   4812,746      36603,2917
14:29:17.097   4813,295      36276,8475
14:29:17.622   4813,820      36085,6721
14:29:18.163   4814,361      35887,4430
14:29:18.708   4814,906      35644,1923
14:29:19.244   4815,442      35420,9718
14:29:19.751   4815,949      35199,2742
14:29:20.254   4816,452      34950,6513
14:29:20.801   4816,999      34681,4866
14:29:21.392   4817,590      34401,7561
14:29:21.933   4818,131      34085,8574
14:29:22.498   4818,696      33797,1153
14:29:23.035   4819,233      33520,4814
14:29:23.623   4819,821      33079,7863
14:29:24.188   4820,386      32735,6969
14:29:24.787   4820,985      32308,8144
14:29:25.385   4821,583      31953,3607
14:29:25.963   4822,161      31460,4349
14:29:26.487   4822,685      31007,4866
14:29:27.053   4823,251      30552,9110
14:29:27.639   4823,837      30023,2589
14:29:28.210   4824,408      29517,2787
14:29:28.766   4824,964      29051,6115
14:29:29.383   4825,581      28431,4563
14:29:29.939   4826,137      27891,2302
14:29:30.511   4826,709      27278,9371
14:29:31.049   4827,247      26718,2581
14:29:31.559   4827,757      26222,2358
14:29:32.113   4828,311      25580,4545
14:29:32.640   4828,838      25069,6456
14:29:33.204   4829,402      24393,5534
14:29:33.729   4829,927      23879,9245
14:29:34.290   4830,488      23196,9556
14:29:34.861   4831,059      22530,2706
14:29:35.431   4831,629      21903,9688
14:29:35.999   4832,197      21235,8759
14:29:36.501   4832,699      20689,0968
14:29:37.072   4833,270      20024,6610
14:29:37.638   4833,836      19385,0896
14:29:38.195   4834,393      18744,0142
14:29:38.761   4834,959      18177,1221
14:29:39.369   4835,567      17530,1124
14:29:39.949   4836,147      16896,6457
14:29:40.491   4836,689      16345,1169
14:29:41.035   4837,233      15787,8899
14:29:41.653   4837,851      15239,1613
14:29:42.183   4838,381      14706,4230
14:29:42.748   4838,946      14202,6594
14:29:43.303   4839,501      13755,7188
14:29:43.833   4840,031      13328,4772
14:29:44.413   4840,611      12780,3318
14:29:44.968   4841,166      12332,6974
14:29:45.503   4841,701      12039,9255
14:29:46.058   4842,256      11990,5706
14:29:46.622   4842,820      12076,4493
14:29:47.201   4843,399      12299,1691
14:29:47.817   4844,015      12571,8789
14:29:48.374   4844,572      12897,2158
14:29:48.914   4845,112      13255,9161
14:29:49.491   4845,689      13607,0742
14:29:50.047   4846,245      14033,8699
14:29:50.620   4846,818      14511,9749
14:29:51.166   4847,364      14954,9402
14:29:51.690   4847,888      15478,9540
14:29:52.255   4848,453      15940,0048
14:29:52.807   4849,005      16489,8522
14:29:53.376   4849,574      17033,7396
14:29:53.938   4850,136      17670,3937
14:29:54.493   4850,691      18255,3751
14:29:55.079   4851,277      18855,2358
14:29:55.603   4851,801      19492,3073
14:29:56.177   4852,375      20097,1693
14:29:56.769   4852,967      20795,3938
14:29:57.403   4853,601      21428,5975
14:29:57.941   4854,139      22159,3023
14:29:58.509   4854,707      22848,4894
14:29:59.041   4855,239      23418,9142
14:29:59.551   4855,749      24030,7134
14:30:00.105   4856,303      24649,8164
14:30:00.690   4856,888      25304,3847
14:30:01.251   4857,449      25895,4141
14:30:01.798   4857,996      26507,1334
14:30:02.328   4858,526      27139,2077
14:30:02.885   4859,083      27657,3099
14:30:03.405   4859,603      28150,1259
14:30:03.952   4860,150      28765,8151
14:30:04.545   4860,743      29345,9999
14:30:05.095   4861,293      29865,9732
14:30:05.598   4861,796      30291,3700
14:50:29.534   6085,732      37928,3480
14:50:30.107   6086,305      37940,2511
14:50:30.656   6086,854      37997,3025
14:50:31.243   6087,441      38012,2761
14:50:31.754   6087,952      38043,0610
14:50:32.309   6088,507      38062,0993
14:50:32.862   6089,060      38090,8899
14:50:33.437   6089,635      38079,3068
14:50:34.027   6090,225      38142,5542
14:50:34.595   6090,793      38130,8047
14:50:35.187   6091,385      38179,9113
14:50:35.768   6091,966      38181,5216
14:50:36.337   6092,535      38198,5887
14:50:36.879   6093,077      38209,9258
14:50:37.495   6093,693      38205,6361
14:50:38.043   6094,241      38255,4507
14:50:38.644   6094,842      38169,9625
14:50:39.210   6095,408      38193,0617
14:50:39.722   6095,920      38244,9885
14:50:40.272   6096,470      38241,2215
14:50:40.794   6096,992      38270,5231
14:50:41.350   6097,548      38268,0722
14:50:41.927   6098,125      38265,8763
14:50:42.521   6098,719      38303,6604
14:50:43.065   6099,263      38293,3475
14:50:43.603   6099,801      38312,5268
14:50:44.149   6100,347      38347,2039
14:50:44.692   6100,890      38381,0285
14:50:45.244   6101,442      38294,6833
14:50:45.748   6101,946      38323,4798
14:50:46.328   6102,526      38324,5776
14:50:46.892   6103,090      38354,0440
14:50:47.504   6103,702      38316,9636
14:50:48.066   6104,264      38343,6934
14:50:48.636   6104,834      38343,3272
14:50:49.174   6105,372      38355,2552
14:50:49.698   6105,896      38385,4067
14:50:50.258   6106,456      38368,7837
14:50:50.821   6107,019      38396,0883
14:50:51.373   6107,571      38386,4626
14:50:51.898   6108,096      38344,7326
14:50:52.463   6108,661      38371,8642
14:50:53.043   6109,241      38389,8925
14:50:53.547   6109,745      38418,1821
14:50:54.066   6110,264      38424,7586
14:50:54.627   6110,825      38420,6592
14:50:55.167   6111,365      38349,5413
14:50:55.682   6111,880      38432,7141
14:50:56.196   6112,394      38407,2883
14:50:56.759   6112,957      38406,5786
14:50:57.299   6113,497      38421,7922
14:50:57.801   6113,999      38375,1310
14:50:58.360   6114,558      38427,6202
14:50:58.918   6115,116      38405,6790
14:50:59.526   6115,724      38464,3612
14:51:00.046   6116,244      38455,4678
14:51:00.637   6116,835      38403,5410
14:51:01.202   6117,400      38439,6708
14:51:01.807   6118,005      38436,4658
14:51:02.360   6118,558      38499,8805
14:51:02.861   6119,059      38491,3002
14:51:03.481   6119,679      38453,5997
14:51:04.040   6120,238      38480,6694
14:51:04.605   6120,803      38490,1901
14:51:05.137   6121,335      38441,5894
14:51:05.657   6121,855      38462,9555
14:51:06.217   6122,415      38476,2423
14:51:06.771   6122,969      38518,3881
14:51:07.355   6123,553      38481,8075
14:51:07.902   6124,100      38443,3791
14:51:08.454   6124,652      38464,7206
14:51:09.010   6125,208      38508,2898
14:51:09.618   6125,816      38484,6734
14:51:10.150   6126,348      38483,7234
14:51:10.717   6126,915      38513,9677
14:51:11.266   6127,464      38503,9325
14:51:11.838   6128,036      38486,0142
14:51:12.376   6128,574      38537,0897
14:51:12.945   6129,143      38490,2361
14:51:13.457   6129,655      38439,3715
14:51:14.049   6130,247      38501,4890
14:51:14.613   6130,811      38512,2612
14:51:15.189   6131,387      38467,8324
14:51:15.761   6131,959      38537,2308
14:51:16.305   6132,503      38541,9642
14:51:16.839   6133,037      38449,7136
14:51:17.441   6133,639      38511,7857
14:51:18.010   6134,208      38508,1933
14:51:18.551   6134,749      38505,1870
14:51:19.120   6135,318      38556,1466
14:51:19.716   6135,914      38504,0119
14:51:20.254   6136,452      38524,9335
14:51:20.819   6137,017      38513,5391
14:51:21.388   6137,586      38550,7614
14:51:21.895   6138,093      38504,3227
14:51:22.473   6138,671      38519,7333
14:51:23.014   6139,212      38494,9959
14:51:23.529   6139,727      38574,0110
14:51:24.081   6140,279      38486,1040
14:51:24.657   6140,855      38544,8911
14:51:25.198   6141,396      38550,9979
14:51:25.698   6141,896      38496,8197
14:51:26.237   6142,435      38554,8450
14:51:26.790   6142,988      38527,9694
14:51:27.325   6143,523      38543,3572
14:51:27.827   6144,025      38563,1358
14:51:28.366   6144,564      38462,1700
14:51:28.924   6145,122      38463,7134
14:51:29.518   6145,716      38559,1246
14:51:30.086   6146,284      38529,4352
14:51:30.630   6146,828      38519,5178
14:51:31.211   6147,409      38473,8188
14:51:31.755   6147,953      38489,1704
14:51:32.297   6148,495      38511,4430
14:51:32.875   6149,073      38534,4767
14:51:33.449   6149,647      38509,1687
14:51:34.004   6150,202      38465,3807
14:51:34.590   6150,788      38556,7901
14:51:35.164   6151,362      38537,7775
14:51:35.683   6151,881      38555,5431
14:51:36.245   6152,443      38540,7302
14:51:36.804   6153,002      38492,0450
14:51:37.325   6153,523      38441,5414
14:51:37.836   6154,034      38514,6887
14:51:38.380   6154,578      38470,2787
14:51:38.928   6155,126      38441,7000
14:51:39.552   6155,750      38490,5639
14:51:40.130   6156,328      38450,6289
14:51:40.711   6156,909      38432,8711
14:51:41.253   6157,451      38381,2965
14:51:41.781   6157,979      38300,2269
14:51:42.366   6158,564      38256,3171
14:51:42.962   6159,160      38169,5203
14:51:43.475   6159,673      38078,8201
14:51:44.068   6160,266      37926,4669
14:51:44.617   6160,815      37850,2167
14:51:45.157   6161,355      37655,6980
14:51:45.664   6161,862      37558,3935
14:51:46.229   6162,427      37363,5382
14:51:46.799   6162,997      37172,3241
14:51:47.368   6163,566      36899,1770
14:51:47.878   6164,076      36729,7643
14:51:48.430   6164,628      36470,6996
14:51:48.998   6165,196      36258,3635
14:51:49.575   6165,773      36068,0565
14:51:50.124   6166,322      35828,3935
14:51:50.681   6166,879      35658,1783
14:51:51.225   6167,423      35409,3482
14:51:51.732   6167,930      35197,2938
14:51:52.235   6168,433      35002,8385
14:51:52.807   6169,005      34797,5276
14:51:53.394   6169,592      34464,9397
14:51:53.918   6170,116      34285,3119
14:51:54.440   6170,638      34029,6931
14:51:54.951   6171,149      33753,9949
14:51:55.571   6171,769      33454,2124
14:51:56.074   6172,272      33171,9111
14:51:56.647   6172,845      32827,9778
14:51:57.183   6173,381      32534,6815
14:51:57.699   6173,897      32174,3329
14:51:58.272   6174,470      31814,9116
14:51:58.825   6175,023      31420,5001
14:51:59.453   6175,651      31003,1263
14:52:00.003   6176,201      30606,2201
14:52:00.510   6176,708      30188,1366
14:52:01.056   6177,254      29681,5450
14:52:01.581   6177,779      29259,3171
14:52:02.141   6178,339      28744,0593
14:52:02.725   6178,923      28196,0418
14:52:03.272   6179,470      27668,6137
14:52:03.808   6180,006      27243,4125
14:52:04.358   6180,556      26675,4115
14:52:04.927   6181,125      26117,1285
14:52:05.503   6181,701      25579,0192
14:52:06.050   6182,248      24990,6505
14:52:06.622   6182,820      24337,3276
14:52:07.160   6183,358      23828,8404
14:52:07.683   6183,881      23212,7703
14:52:08.254   6184,452      22634,7150
14:52:08.798   6184,996      22020,6259
14:52:09.335   6185,533      21437,4767
14:52:09.859   6186,057      20815,6230
14:52:10.390   6186,588      20276,2937
14:52:10.944   6187,142      19652,4137
14:52:11.464   6187,662      19145,5439
14:52:12.063   6188,261      18461,7945
14:52:12.631   6188,829      17927,0024
14:52:13.167   6189,365      17346,1695
14:52:13.684   6189,882      16824,0568
14:52:14.258   6190,456      16287,3532
14:52:14.818   6191,016      15700,7145
14:52:15.353   6191,551      15230,6080
14:52:15.883   6192,081      14740,7986
14:52:16.486   6192,684      14231,6671
14:52:17.018   6193,216      13771,5188
14:52:17.535   6193,733      13355,0816
14:52:18.106   6194,304      12863,4627
14:52:18.661   6194,859      12456,6204
14:52:19.211   6195,409      12305,1674
14:52:19.731   6195,929      12339,4648
14:52:20.307   6196,505      12435,3521
14:52:20.855   6197,053      12665,6655
14:52:21.509   6197,707      12987,7970
14:52:22.077   6198,275      13354,6578
14:52:22.616   6198,814      13721,0506
14:52:23.179   6199,377      14127,9096
14:52:23.685   6199,883      14511,1924
14:52:24.236   6200,434      14976,2786
14:52:24.778   6200,976      15447,6888
14:52:25.315   6201,513      15909,9624
14:52:25.840   6202,038      16411,6737
14:52:26.402   6202,600      16949,4821
14:52:26.946   6203,144      17486,1727
14:52:27.533   6203,731      18054,0433
14:52:28.091   6204,289      18689,8973
14:52:28.688   6204,886      19324,3213
14:52:29.233   6205,431      19948,6762
14:52:29.743   6205,941      20445,7892
14:52:30.297   6206,495      21110,5837
14:52:30.824   6207,022      21686,0386
14:52:31.326   6207,524      22220,2220
14:52:31.835   6208,033      22805,0409
14:52:32.377   6208,575      23408,3665
14:52:32.915   6209,113      24009,3764
14:52:33.483   6209,681      24600,4124
14:52:34.054   6210,252      25257,6350
14:52:34.588   6210,786      25763,7099
14:52:35.137   6211,335      26318,8699
14:52:35.654   6211,852      26892,7295
14:52:36.183   6212,381      27368,8862
14:52:36.753   6212,951      27943,7573
14:52:37.319   6213,517      28515,1462
14:52:37.901   6214,099      29028,8400
14:52:38.444   6214,642      29477,4758
14:52:39.005   6215,203      30002,6188
14:52:39.577   6215,775      30426,9905
14:52:40.140   6216,338      30904,4036
14:52:40.736   6216,934      31274,5847
14:52:41.290   6217,488      31676,2029
14:52:41.793   6217,991      32068,8972
14:52:42.351   6218,549      32455,2637
14:52:42.912   6219,110      32827,9239
14:52:43.440   6219,638      33086,4530
14:52:44.005   6220,203      33452,1642
14:52:44.541   6220,739      33762,8956
14:52:45.122   6221,320      34047,8308
14:52:45.624   6221,822      34302,7776
14:52:46.194   6222,392      34568,6660
14:52:46.751   6222,949      34854,6516
14:52:47.303   6223,501      35025,4509
14:52:47.844   6224,042      35303,8776
14:52:48.431   6224,629      35585,8965
14:52:48.989   6225,187      35758,4677
14:52:49.583   6225,781      35988,5392
14:52:50.141   6226,339      36176,9811
14:52:50.692   6226,890      36375,0078
14:52:51.250   6227,448      36557,2858
14:52:51.764   6227,962      36659,9752
14:52:52.315   6228,513      36811,7038
14:52:52.873   6229,071      36977,9055
14:52:53.493   6229,691      37046,0401
14:52:54.000   6230,198      37150,9290
14:52:54.567   6230,765      37253,5258
14:52:55.127   6231,325      37402,7464
14:52:55.667   6231,865      37421,3888
14:52:56.235   6232,433      37507,0959
14:52:56.791   6232,989      37589,5388
14:52:57.363   6233,561      37714,6308
14:52:57.874   6234,072      37744,8206
14:52:58.448   6234,646      37787,2811
14:52:59.012   6235,210      37829,6910
14:52:59.595   6235,793      37845,4782
14:53:00.097   6236,295      37915,8416
14:53:00.648   6236,846      37973,9589
14:53:01.208   6237,406      38046,7656
14:53:01.794   6237,992      38045,4434
14:53:02.344   6238,542      38025,5811
14:53:02.888   6239,086      38066,8784
14:53:03.396   6239,594      38076,2759
14:53:03.902   6240,100      38097,4390
14:53:04.493   6240,691      38118,1544
14:53:05.031   6241,229      38121,4497
14:53:05.615   6241,813      38140,9988
14:53:06.189   6242,387      38123,8471
14:53:06.755   6242,953      38204,9877
14:53:07.327   6243,525      38142,3908
14:53:07.855   6244,053      38215,9730
14:53:08.417   6244,615      38195,7987
14:53:08.933   6245,131      38194,8503
14:53:09.510   6245,708      38232,4144
14:53:10.037   6246,235      38206,9409
14:53:10.592   6246,790      38219,3040
14:53:11.129   6247,327      38243,2656
14:53:11.640   6247,838      38245,5177
14:53:12.159   6248,357      38284,9488
14:53:12.721   6248,919      38304,2225
14:53:13.251   6249,449      38292,2775
14:53:13.776   6249,974      38234,4049
14:53:14.349   6250,547      38266,5455
14:53:14.909   6251,107      38232,1729
14:53:15.494   6251,692      38305,2403
14:53:16.044   6252,242      38324,0286
14:53:16.584   6252,782      38323,9728
14:53:17.115   6253,313      38330,2651
14:53:17.617   6253,815      38346,0031
14:53:18.120   6254,318      38298,7008
14:53:18.667   6254,865      38314,4402
14:53:19.226   6255,424      38276,7087
14:53:19.746   6255,944      38342,8982
14:53:20.298   6256,496      38330,6189
14:53:20.856   6257,054      38377,1310
14:53:21.459   6257,657      38345,8294
14:53:22.001   6258,199      38346,4823
14:53:22.564   6258,762      38307,6582
14:53:23.147   6259,345      38374,5673
14:53:23.669   6259,867      38390,7671
14:53:24.229   6260,427      38366,6539
14:53:24.771   6260,969      38352,6897
14:53:25.329   6261,527      38367,8313
14:53:25.843   6262,041      38314,4014
14:53:26.425   6262,623      38337,3616
14:53:27.011   6263,209      38358,7997
14:53:27.590   6263,788      38416,5432
14:53:28.126   6264,324      38372,3057
14:53:28.713   6264,911      38394,4707
14:53:29.282   6265,480      38353,4339
14:53:29.876   6266,074      38390,4065
14:53:30.419   6266,617      38387,0414
14:53:30.931   6267,129      38338,1908
14:53:31.514   6267,712      38373,0425
14:53:32.065   6268,263      38355,5067
14:53:32.643   6268,841      38392,8060
14:53:33.188   6269,386      38405,7656
14:53:33.713   6269,911      38418,1779
14:53:34.278   6270,476      38375,9381
14:53:34.862   6271,060      38395,9304
14:53:35.375   6271,573      38367,0660
14:53:35.891   6272,089      38432,7423
14:53:36.446   6272,644      38392,6882
14:53:37.013   6273,211      38463,8929
14:53:37.517   6273,715      38452,4975
14:53:38.026   6274,224      38485,6373
14:53:38.553   6274,751      38523,2547
14:53:39.120   6275,318      38470,6171
14:53:39.635   6275,833      38412,2639
14:53:40.199   6276,397      38473,8727
14:53:40.772   6276,970      38470,2510
14:53:41.323   6277,521      38426,2085
14:53:41.918   6278,116      38423,5912
14:53:42.474   6278,672      38467,3674
14:53:43.030   6279,228      38446,3156
14:53:43.550   6279,748      38431,9715
14:53:44.081   6280,279      38484,8054
14:53:44.629   6280,827      38473,0958
14:53:45.169   6281,367      38477,1032
14:53:45.712   6281,910      38485,7505
14:53:46.290   6282,488      38491,3469
14:53:46.840   6283,038      38509,6325
14:53:47.383   6283,581      38501,3766
14:53:47.911   6284,109      38496,5349
14:53:48.456   6284,654      38481,8419
14:53:48.984   6285,182      38495,2789
14:53:49.486   6285,684      38430,2544
14:53:50.039   6286,237      38499,8896
14:53:50.574   6286,772      38495,2304
14:53:51.129   6287,327      38469,5245
14:53:51.647   6287,845      38443,0731
14:53:52.185   6288,383      38557,4232
14:53:52.735   6288,933      38499,2170
14:53:53.316   6289,514      38512,8151
14:53:53.858   6290,056      38527,5221
14:53:54.363   6290,561      38516,9662
14:53:54.914   6291,112      38526,2519
14:53:55.487   6291,685      38510,0457
14:53:56.066   6292,264      38509,6165
14:53:56.625   6292,823      38467,6006
14:53:57.193   6293,391      38501,7895
14:53:57.727   6293,925      38500,7104
14:53:58.278   6294,476      38493,6701
14:53:58.828   6295,026      38508,3358
14:53:59.362   6295,560      38525,1471
14:53:59.878   6296,076      38528,9805
14:54:00.438   6296,636      38518,0599
14:54:00.992   6297,190      38498,6450
14:54:01.564   6297,762      38496,5172
14:54:02.107   6298,305      38475,8975
14:54:02.618   6298,816      38497,6604
14:54:03.162   6299,360      38523,8646
14:54:03.742   6299,940      38473,6563
14:54:04.332   6300,530      38494,2142
14:54:04.894   6301,092      38504,6196
14:54:05.455   6301,653      38518,4029
14:54:06.009   6302,207      38539,9546
14:54:06.545   6302,743      38484,7374
14:54:07.109   6303,307      38537,7139
14:54:07.693   6303,891      38458,1090
14:54:08.238   6304,436      38468,2084
14:54:08.787   6304,985      38463,3770
14:54:09.334   6305,532      38448,7161
14:54:09.937   6306,135      38424,3316
14:54:10.474   6306,672      38477,1701
14:54:11.020   6307,218      38441,2354
14:54:11.534   6307,732      38404,8870
14:54:12.101   6308,299      38333,2809
14:54:12.648   6308,846      38257,2159
14:54:13.224   6309,422      38148,6198
14:54:13.797   6309,995      38106,2259
14:54:14.345   6310,543      37964,8057
14:54:14.893   6311,091      37867,4441
14:54:15.451   6311,649      37718,4685
14:54:16.013   6312,211      37520,2222
14:54:16.632   6312,830      37327,2998
14:54:17.185   6313,383      37126,9888
14:54:17.696   6313,894      36861,4491
14:54:18.240   6314,438      36690,8463
14:54:18.781   6314,979      36448,1230
14:54:19.352   6315,550      36200,3111
14:54:19.944   6316,142      36031,0087
14:54:20.533   6316,731      35810,2119
14:54:21.087   6317,285      35537,6800
14:54:21.670   6317,868      35365,3704
14:54:22.225   6318,423      35156,8546
14:54:22.762   6318,960      34902,1935
14:54:23.332   6319,530      34681,3936
14:54:23.861   6320,059      34454,3694
14:54:24.427   6320,625      34182,3008
14:54:24.990   6321,188      33921,1412
14:54:25.525   6321,723      33713,0858
14:54:26.079   6322,277      33317,6506
14:54:26.633   6322,831      33098,3410
14:54:27.201   6323,399      32719,5838
14:54:27.704   6323,902      32378,1847
14:54:28.258   6324,456      32086,8895
14:54:28.817   6325,015      31660,4379
14:54:29.398   6325,596      31283,4926
14:54:29.914   6326,112      30941,1619
14:54:30.458   6326,656      30479,1902
14:54:30.998   6327,196      30044,5462
14:54:31.499   6327,697      29631,8446
14:54:32.073   6328,271      29140,7538
14:54:32.646   6328,844      28665,6904
14:54:33.202   6329,400      28113,4397
14:54:33.765   6329,963      27589,5616
14:54:34.368   6330,566      27065,5262
14:54:34.927   6331,125      26476,4631
14:54:35.514   6331,712      25957,1438
14:54:36.093   6332,291      25316,5069
14:54:36.634   6332,832      24770,4095
14:54:37.176   6333,374      24198,3659
14:54:37.720   6333,918      23636,2858
14:54:38.283   6334,481      23061,2228
14:54:38.821   6335,019      22486,4113
14:54:39.373   6335,571      21859,5739
14:54:39.937   6336,135      21261,0801
14:54:40.542   6336,740      20554,0657
14:54:41.083   6337,281      19971,9270
14:54:41.606   6337,804      19429,5846
14:54:42.177   6338,375      18817,0453
14:54:42.729   6338,927      18225,2064
14:54:43.316   6339,514      17634,6863
14:54:43.824   6340,022      17127,6726
14:54:44.405   6340,603      16541,6854
14:54:44.941   6341,139      16005,2442
14:54:45.524   6341,722      15494,4134
14:54:46.108   6342,306      14951,2835
14:54:46.637   6342,835      14466,5857
14:54:47.190   6343,388      13962,7880
14:54:47.761   6343,959      13515,5076
14:54:48.317   6344,515      13061,6767
14:54:48.866   6345,064      12584,8335
14:54:49.402   6345,600      12350,1089
14:54:49.970   6346,168      12310,5380
14:54:50.529   6346,727      12458,3645
14:54:51.095   6347,293      12648,6098
14:54:51.598   6347,796      12924,2444
14:54:52.173   6348,371      13221,1167
14:54:52.714   6348,912      13569,7600
14:54:53.272   6349,470      13942,3938
14:54:53.787   6349,985      14356,1828
14:54:54.332   6350,530      14764,2487
14:54:54.883   6351,081      15250,9197
14:54:55.503   6351,701      15741,5437
14:54:56.074   6352,272      16332,4568
14:54:56.613   6352,811      16835,4385
14:54:57.161   6353,359      17360,7041
14:54:57.714   6353,912      17957,8020
14:54:58.266   6354,464      18532,0158
14:54:58.810   6355,008      19094,9061
14:54:59.365   6355,563      19729,3788
14:54:59.885   6356,083      20344,3943
14:55:00.463   6356,661      20956,2073
14:55:00.995   6357,193      21528,4777
14:55:01.578   6357,776      22113,7245
14:55:02.138   6358,336      22836,1208
14:55:02.676   6358,874      23397,8685
14:55:03.254   6359,452      24001,3676
14:55:03.773   6359,971      24595,6628
14:55:04.332   6360,530      25201,4674
14:55:04.890   6361,088      25763,8511
14:55:05.490   6361,688      26376,5385
14:55:06.094   6362,292      26971,9559
14:55:06.626   6362,824      27526,9088
14:55:07.207   6363,405      28099,5760
14:55:07.785   6363,983      28702,4868
14:55:08.338   6364,536      29160,4627
14:55:08.913   6365,111      29677,2918
14:55:09.517   6365,715      30146,1143
14:55:10.080   6366,278      30631,0967
14:55:10.618   6366,816      31079,0307
14:55:11.200   6367,398      31445,5174
14:55:11.700   6367,898      31793,1780
14:55:12.206   6368,404      32117,6719
14:55:12.778   6368,976      32537,5102
14:55:13.356   6369,554      32876,0866
14:55:13.874   6370,072      33195,8835
14:55:14.417   6370,615      33521,9465
14:55:14.972   6371,170      33800,4384
14:55:15.522   6371,720      34063,5483
14:55:16.105   6372,303      34349,5042
14:55:16.653   6372,851      34599,8753
14:55:17.199   6373,397      34882,8988
14:55:17.724   6373,922      35139,3148
14:55:18.280   6374,478      35328,4142
14:55:18.830   6375,028      35498,8684
14:55:19.391   6375,589      35766,9543
14:55:19.896   6376,094      35901,5443
14:55:20.408   6376,606      36094,6547
14:55:20.954   6377,152      36291,8010
14:55:21.462   6377,660      36408,2650
14:55:22.040   6378,238      36515,5712
14:55:22.620   6378,818      36746,1714
14:55:23.188   6379,386      36871,6057
14:55:23.770   6379,968      37013,7722
14:55:24.361   6380,559      37145,5603
14:55:24.946   6381,144      37228,4306
14:55:25.479   6381,677      37369,8215
14:55:26.046   6382,244      37467,9777
14:55:26.608   6382,806      37510,0707
14:55:27.161   6383,359      37671,5722
14:55:27.746   6383,944      37686,3789
14:55:28.284   6384,482      37787,3905
14:55:28.816   6385,014      37748,1230
14:55:29.450   6385,648      37859,7536
14:55:30.034   6386,232      37852,9652
14:55:30.652   6386,850      37905,5937
14:55:31.238   6387,436      37963,0175
14:55:31.741   6387,939      38001,7210
14:55:32.280   6388,478      37956,7018
14:55:32.864   6389,062      38043,5690
14:55:33.461   6389,659      38084,1055
14:55:34.080   6390,278      38046,6876
14:55:34.651   6390,849      38124,9114
14:55:35.193   6391,391      38109,7448
14:55:35.756   6391,954      38187,9713
14:55:36.311   6392,509      38126,1681
14:55:36.846   6393,044      38193,5597
14:55:37.449   6393,647      38208,6438
14:55:37.970   6394,168      38168,6505
14:55:38.547   6394,745      38217,3469
14:55:39.127   6395,325      38216,7235
14:55:39.637   6395,835      38215,6392
14:55:40.240   6396,438      38218,3496
14:55:40.809   6397,007      38265,7117
14:55:41.339   6397,537      38275,1905
14:55:41.878   6398,076      38243,9805
14:55:42.456   6398,654      38289,6821
14:55:43.010   6399,208      38235,2517
14:55:43.527   6399,725      38265,5210
14:55:44.089   6400,287      38285,0945
14:55:44.672   6400,870      38347,5272
14:55:45.252   6401,450      38253,4373
14:55:45.850   6402,048      38306,8596
14:55:46.407   6402,605      38317,8018
14:55:46.986   6403,184      38321,4076
14:55:47.503   6403,701      38331,4574
14:55:48.064   6404,262      38279,6363
14:55:48.663   6404,861      38356,2389
14:55:49.237   6405,435      38270,4834
14:55:49.752   6405,950      38339,7831
14:55:50.288   6406,486      38304,8544
14:55:50.846   6407,044      38311,2398
14:55:51.438   6407,636      38396,6496
14:55:52.025   6408,223      38349,4354
14:55:52.563   6408,761      38335,9138
14:55:53.157   6409,355      38309,6828
14:55:53.691   6409,889      38338,2275
14:55:54.224   6410,422      38372,3816
14:55:54.738   6410,936      38325,0278
14:55:55.311   6411,509      38300,6440
14:55:55.815   6412,013      38386,1722
14:55:56.366   6412,564      38390,6259
14:55:56.940   6413,138      38410,0689
14:55:57.510   6413,708      38378,3005
14:55:58.059   6414,257      38363,4954
14:55:58.593   6414,791      38329,7642
14:55:59.160   6415,358      38326,3589
14:55:59.737   6415,935      38378,9638
14:56:00.328   6416,526      38398,2590
14:56:00.898   6417,096      38393,7159
14:56:01.487   6417,685      38426,8635
14:56:02.046   6418,244      38325,0847
14:56:02.622   6418,820      38406,3562
14:56:03.177   6419,375      38379,7742
14:56:03.726   6419,924      38375,9341
14:56:04.275   6420,473      38391,5643
14:56:04.839   6421,037      38339,5870
14:56:05.392   6421,590      38376,0705
14:56:05.976   6422,174      38369,3560
14:56:06.516   6422,714      38358,9644
14:56:07.049   6423,247      38432,4499
14:56:07.560   6423,758      38403,1944
14:56:08.088   6424,286      38307,8053
14:56:08.628   6424,826      38386,3010
14:56:09.208   6425,406      38358,8494
14:56:09.719   6425,917      38333,0527
14:56:10.273   6426,471      38416,7589
14:56:10.797   6426,995      38359,3687
14:56:11.357   6427,555      38420,7781
14:56:11.910   6428,108      38378,0863
14:56:12.450   6428,648      38380,2032
14:56:13.017   6429,215      38390,2277
14:56:13.595   6429,793      38371,5017
14:56:14.099   6430,297      38331,5818
14:56:14.675   6430,873      38371,9076
14:56:15.212   6431,410      38333,8147
14:56:15.753   6431,951      38356,4183
14:56:16.325   6432,523      38386,0556
14:56:16.926   6433,124      38336,0317
14:56:17.481   6433,679      38405,8964
14:56:18.032   6434,230      38416,7419
14:56:18.598   6434,796      38339,9008
14:56:19.148   6435,346      38390,0031
14:56:19.684   6435,882      38361,2461
14:56:20.241   6436,439      38350,4097
14:56:20.820   6437,018      38374,1054
14:56:21.363   6437,561      38409,1605
14:56:21.873   6438,071      38421,9168
14:56:22.422   6438,620      38370,4432
14:56:22.954   6439,152      38334,3544
14:56:23.577   6439,775      38328,1901
14:56:24.139   6440,337      38380,8407
14:56:24.686   6440,884      38375,9596
14:56:25.232   6441,430      38404,0951
14:56:25.813   6442,011      38350,1035
14:56:26.385   6442,583      38368,1216
14:56:26.920   6443,118      38336,2066
14:56:27.528   6443,726      38399,1923
14:56:28.083   6444,281      38431,3191
14:56:28.630   6444,828      38421,1056
14:56:29.168   6445,366      38383,1607
14:56:29.696   6445,894      38393,6794
14:56:30.253   6446,451      38369,7080
14:56:30.781   6446,979      38409,4304
14:56:31.327   6447,525      38377,4074
14:56:31.863   6448,061      38300,3183
14:56:32.407   6448,605      38428,1468
14:56:33.004   6449,202      38443,2048
14:56:33.512   6449,710      38339,4231
14:56:34.083   6450,281      38440,4171
14:56:34.631   6450,829      38408,8837
14:56:35.168   6451,366      38376,0993
14:56:35.701   6451,899      38409,2062
14:56:36.294   6452,492      38421,2126
14:56:36.851   6453,049      38357,4146
14:56:37.458   6453,656      38378,4843
14:56:37.981   6454,179      38378,0943
14:56:38.552   6454,750      38387,9061
14:56:39.091   6455,289      38423,3825
14:56:39.654   6455,852      38357,4224
14:56:40.218   6456,416      38364,9472
14:56:40.758   6456,956      38345,5631
14:56:41.319   6457,517      38275,3668
14:56:41.887   6458,085      38269,6429
14:56:42.456   6458,654      38234,9935
14:56:43.009   6459,207      38106,6860
14:56:43.535   6459,733      38039,4285
14:56:44.077   6460,275      37949,3009
14:56:44.614   6460,812      37852,0614
14:56:45.159   6461,357      37733,6009
14:56:45.676   6461,874      37601,5650
14:56:46.178   6462,376      37523,5391
14:56:46.747   6462,945      37262,6359
14:56:47.308   6463,506      37084,1633
14:56:47.835   6464,033      36889,8935
14:56:48.404   6464,602      36649,4997
14:56:48.953   6465,151      36416,7796
14:56:49.490   6465,688      36226,3413
14:56:50.070   6466,268      35999,4526
14:56:50.674   6466,872      35837,6143
14:56:51.215   6467,413      35596,4933
14:56:51.785   6467,983      35379,7278
14:56:52.333   6468,531      35191,1723
14:56:52.897   6469,095      34922,3729
14:56:53.504   6469,702      34733,1600
14:56:54.086   6470,284      34424,0297
14:56:54.640   6470,838      34194,2930
14:56:55.207   6471,405      33943,5260
14:56:55.724   6471,922      33628,6362
14:56:56.287   6472,485      33374,0532
14:56:56.823   6473,021      33090,5271
14:56:57.396   6473,594      32761,2392
14:56:57.924   6474,122      32438,9871
14:56:58.496   6474,694      32093,0597
14:56:59.090   6475,288      31727,2582
14:56:59.610   6475,808      31374,7357
14:57:00.167   6476,365      30945,7543
14:57:00.719   6476,917      30579,8864
14:57:01.265   6477,463      30103,2670
14:57:01.792   6477,990      29595,4990
14:57:02.380   6478,578      29190,7320
14:57:02.943   6479,141      28683,3820
14:57:03.532   6479,730      28169,8033
14:57:04.108   6480,306      27654,1260
14:57:04.692   6480,890      27095,7269
14:57:05.252   6481,450      26552,9748
14:57:05.838   6482,036      25940,1584
14:57:06.418   6482,616      25421,4592
14:57:06.971   6483,169      24817,5358
14:57:07.487   6483,685      24387,6088
14:57:08.027   6484,225      23717,1974
14:57:08.589   6484,787      23093,8963
14:57:09.172   6485,370      22540,9063
14:57:09.702   6485,900      21876,8951
14:57:10.273   6486,471      21294,2551
14:57:10.808   6487,006      20724,1357
14:57:11.370   6487,568      20092,6978
14:57:11.959   6488,157      19433,4347
14:57:12.537   6488,735      18874,2121
14:57:13.083   6489,281      18258,2875
14:57:13.594   6489,792      17727,1881
14:57:14.161   6490,359      17177,3449
14:57:14.737   6490,935      16557,8363
14:57:15.306   6491,504      16035,6778
14:57:15.814   6492,012      15556,1630
14:57:16.382   6492,580      15053,1768
14:57:16.956   6493,154      14529,9863
14:57:17.556   6493,754      13999,8105
14:57:18.056   6494,254      13624,3543
14:57:18.608   6494,806      13153,0770
14:57:19.142   6495,340      12704,2891
14:57:19.655   6495,853      12425,3072
14:57:20.200   6496,398      12358,6760
14:57:20.735   6496,933      12446,7252
14:57:21.273   6497,471      12615,5790
14:57:21.814   6498,012      12854,2461
14:57:22.381   6498,579      13158,2314
14:57:22.925   6499,123      13486,5380
14:57:23.452   6499,650      13846,0061
14:57:24.000   6500,198      14228,1881
14:57:24.548   6500,746      14712,0509
14:57:25.102   6501,300      15113,3946
14:57:25.615   6501,813      15593,1117
14:57:26.166   6502,364      16066,1339
14:57:26.713   6502,911      16615,0946
14:57:27.246   6503,444      17161,6671
14:57:27.753   6503,951      17640,1417
14:57:28.304   6504,502      18237,4461
14:57:28.868   6505,066      18784,1330
14:57:29.478   6505,676      19397,2501
14:57:30.063   6506,261      20100,2110
14:57:30.604   6506,802      20671,2764
14:57:31.145   6507,343      21253,3702
14:57:31.697   6507,895      21877,9969
14:57:32.263   6508,461      22482,2507
14:57:32.817   6509,015      23127,5505
14:57:33.331   6509,529      23667,4856
14:57:33.842   6510,040      24217,6615
14:57:34.397   6510,595      24823,8764
14:57:34.950   6511,148      25372,5134
14:57:35.455   6511,653      25885,8759
14:57:36.025   6512,223      26486,8111
14:57:36.587   6512,785      27048,7563
14:57:37.140   6513,338      27630,4276
14:57:37.653   6513,851      28102,9055
14:57:38.217   6514,415      28623,5471
14:57:38.794   6514,992      29158,2782
14:57:39.357   6515,555      29598,9556
14:57:39.923   6516,121      30144,7075
14:57:40.482   6516,680      30564,6934
14:57:41.023   6517,221      30970,3739
14:57:41.607   6517,805      31384,4571
14:57:42.176   6518,374      31797,7868
14:57:42.716   6518,914      32141,7782
14:57:43.280   6519,478      32465,4886
14:57:43.890   6520,088      32854,8542
14:57:44.436   6520,634      33174,7145
14:57:44.969   6521,167      33429,8579
14:57:45.472   6521,670      33731,7867
14:57:46.031   6522,229      34024,9391
14:57:46.600   6522,798      34294,0773
14:57:47.170   6523,368      34612,9814
14:57:47.679   6523,877      34794,1169
14:57:48.216   6524,414      35040,4142
14:57:48.791   6524,989      35327,2535
14:57:49.359   6525,557      35545,3953
14:57:49.866   6526,064      35721,2647
14:57:50.369   6526,567      35840,2849
14:57:50.916   6527,114      36093,2801
14:57:51.513   6527,711      36258,3012
14:57:52.060   6528,258      36421,6571
14:57:52.607   6528,805      36533,8224
14:57:53.139   6529,337      36682,8947
14:57:53.646   6529,844      36760,5537
14:57:54.188   6530,386      36970,4228
14:57:54.723   6530,921      37085,2017
14:57:55.256   6531,454      37181,8838
14:57:55.831   6532,029      37241,3835
14:57:56.406   6532,604      37365,8639
14:57:56.952   6533,150      37446,7570
14:57:57.548   6533,746      37573,8697
14:57:58.081   6534,279      37634,3527
14:57:58.636   6534,834      37661,3468
14:57:59.209   6535,407      37724,5210
14:57:59.728   6535,926      37714,1324
14:58:00.273   6536,471      37785,0645
14:58:00.846   6537,044      37837,3901
14:58:01.385   6537,583      37880,6025
14:58:01.885   6538,083      37900,2055
14:58:02.464   6538,662      37950,0892
14:58:03.034   6539,232      37942,9086
14:58:03.541   6539,739      37952,1662
14:58:04.099   6540,297      37958,6048
14:58:04.646   6540,844      37985,7529
14:58:05.204   6541,402      38023,0675
14:58:05.790   6541,988      38065,2361
14:58:06.352   6542,550      38040,5793
14:58:06.916   6543,114      38044,9092
14:58:07.503   6543,701      38073,9049
14:58:08.080   6544,278      38064,5667
14:58:08.648   6544,846      38099,3855
14:58:09.184   6545,382      38132,6664
14:58:09.782   6545,980      38137,4496
14:58:10.347   6546,545      38156,8354
14:58:10.928   6547,126      38167,9013
14:58:11.540   6547,738      38114,1468
14:58:12.114   6548,312      38133,3027
14:58:12.629   6548,827      38117,5781
14:58:13.162   6549,360      38229,6203
14:58:13.705   6549,903      38192,4687
14:58:14.261   6550,459      38167,9842
14:58:14.809   6551,007      38163,8661
14:58:15.353   6551,551      38217,1794
14:58:15.863   6552,061      38166,4988
14:58:16.398   6552,596      38169,5490
14:58:16.977   6553,175      38189,8489
14:58:17.480   6553,678      38229,5671
14:58:18.047   6554,245      38268,0245
14:58:18.564   6554,762      38217,8162
14:58:19.095   6555,293      38201,6058
14:58:19.631   6555,829      38220,6993
14:58:20.190   6556,388      38217,5863
14:58:20.743   6556,941      38238,3106
14:58:21.318   6557,516      38232,9671
14:58:21.848   6558,046      38251,3670
14:58:22.405   6558,603      38220,0303
14:58:22.973   6559,171      38297,9228
14:58:23.487   6559,685      38237,3727
14:58:24.029   6560,227      38279,8022
14:58:24.580   6560,778      38254,2288
14:58:25.138   6561,336      38219,7875
14:58:25.734   6561,932      38270,5355
14:58:26.299   6562,497      38202,5463
14:58:26.850   6563,048      38287,5085
14:58:27.360   6563,558      38224,2643
14:58:27.889   6564,087      38261,0149
14:58:28.472   6564,670      38288,6441
14:58:29.036   6565,234      38251,2923
14:58:29.624   6565,822      38283,1906
14:58:30.179   6566,377      38208,3592
14:58:30.689   6566,887      38287,9331
14:58:31.220   6567,418      38257,8089
14:58:31.734   6567,932      38343,9212
14:58:32.280   6568,478      38298,1806
14:58:32.826   6569,024      38270,2860
14:58:33.386   6569,584      38281,8319
14:58:33.906   6570,104      38325,9540
14:58:34.468   6570,666      38294,4240
14:58:35.014   6571,212      38292,2044
14:58:35.571   6571,769      38328,6079
14:58:36.117   6572,315      38282,9136
14:58:36.664   6572,862      38285,6633
14:58:37.207   6573,405      38299,1332
14:58:37.750   6573,948      38324,9493
14:58:38.310   6574,508      38248,5779
14:58:38.880   6575,078      38334,1347
14:58:39.456   6575,654      38290,1524
14:58:40.033   6576,231      38223,4469
14:58:40.591   6576,789      38295,9459
14:58:41.157   6577,355      38315,4196
14:58:41.666   6577,864      38281,1512
14:58:42.224   6578,422      38304,1997
14:58:42.802   6579,000      38298,7076
14:58:43.355   6579,553      38321,7536
14:58:43.940   6580,138      38339,0494
14:58:44.500   6580,698      38314,2478
14:58:45.049   6581,247      38325,1649
14:58:45.669   6581,867      38281,5610
14:58:46.231   6582,429      38352,2526
14:58:46.809   6583,007      38363,2913
14:58:47.351   6583,549      38327,2323
14:58:47.858   6584,056      38289,2126
14:58:48.402   6584,600      38331,9699
14:58:48.940   6585,138      38314,2305
14:58:49.450   6585,648      38301,5653
14:58:50.018   6586,216      38336,9419
14:58:50.567   6586,765      38325,5833
14:58:51.148   6587,346      38315,9375
14:58:51.684   6587,882      38339,5569
14:58:52.240   6588,438      38313,0409
14:58:52.766   6588,964      38385,7794
14:58:53.347   6589,545      38394,7456
14:58:53.860   6590,058      38373,0570
14:58:54.402   6590,600      38379,8082
14:58:54.969   6591,167      38330,8513
14:58:55.474   6591,672      38311,5931
14:58:56.032   6592,230      38337,3182
14:58:56.588   6592,786      38356,6367
14:58:57.122   6593,320      38339,7167
14:58:57.673   6593,871      38343,9463
14:58:58.226   6594,424      38324,2331
14:58:58.771   6594,969      38363,4424
14:58:59.309   6595,507      38327,8084
14:58:59.813   6596,011      38387,0398
14:59:00.346   6596,544      38376,3459
14:59:00.881   6597,079      38318,6579
14:59:01.455   6597,653      38360,5341
14:59:02.027   6598,225      38335,8879
14:59:02.590   6598,788      38386,9489
14:59:03.162   6599,360      38377,0718
14:59:03.691   6599,889      38365,2954
14:59:04.253   6600,451      38314,9107
14:59:04.786   6600,984      38404,8281
14:59:05.341   6601,539      38371,0780
14:59:05.919   6602,117      38392,5086
14:59:06.491   6602,689      38373,9549
14:59:07.063   6603,261      38380,7572
14:59:07.567   6603,765      38362,2242
14:59:08.154   6604,352      38380,6065
14:59:08.704   6604,902      38347,2708
14:59:09.280   6605,478      38337,0544
14:59:09.863   6606,061      38418,2892
14:59:10.431   6606,629      38362,9985
14:59:10.987   6607,185      38307,6463
14:59:11.587   6607,785      38262,2136
14:59:12.150   6608,348      38249,6827
14:59:12.724   6608,922      38275,5637
14:59:13.266   6609,464      38147,9650
14:59:13.772   6609,970      38072,3197
14:59:14.275   6610,473      38059,1583
14:59:14.829   6611,027      37871,3516
14:59:15.372   6611,570      37802,8052
14:59:15.893   6612,091      37662,4585
14:59:16.502   6612,700      37453,2726
14:59:17.045   6613,243      37304,0931
14:59:17.563   6613,761      37130,8172
14:59:18.102   6614,300      36928,8713
14:59:18.640   6614,838      36722,9193
14:59:19.181   6615,379      36459,1591
14:59:19.694   6615,892      36268,4754
14:59:20.257   6616,455      36079,5032
14:59:20.802   6617,000      35841,2117
14:59:21.352   6617,550      35648,8628
14:59:21.883   6618,081      35472,5501
14:59:22.422   6618,620      35260,5743
14:59:23.001   6619,199      34990,1868
14:59:23.514   6619,712      34823,6842
14:59:24.056   6620,254      34595,7512
14:59:24.590   6620,788      34383,2102
14:59:25.111   6621,309      34136,0537
14:59:25.631   6621,829      33824,3394
14:59:26.196   6622,394      33600,7549
14:59:26.728   6622,926      33317,8873
14:59:27.281   6623,479      32997,0279
14:59:27.783   6623,981      32742,0737
14:59:28.319   6624,517      32407,4434
14:59:28.884   6625,082      32074,5407
14:59:29.489   6625,687      31750,2999
14:59:30.043   6626,241      31317,3271
14:59:30.615   6626,813      30854,8884
14:59:31.167   6627,365      30449,2312
14:59:31.703   6627,901      30078,8134
14:59:32.245   6628,443      29590,2504
14:59:32.788   6628,986      29175,2515
14:59:33.336   6629,534      28680,5636
14:59:33.919   6630,117      28225,9090
14:59:34.450   6630,648      27664,0770
14:59:35.012   6631,210      27159,0638
14:59:35.533   6631,731      26690,9886
14:59:36.103   6632,301      26115,3008
14:59:36.671   6632,869      25436,4737
14:59:37.226   6633,424      24956,1567
14:59:37.807   6634,005      24362,2351
14:59:38.345   6634,543      23770,3993
14:59:38.883   6635,081      23192,9998
14:59:39.500   6635,698      22571,5361
14:59:40.058   6636,256      21942,9672
14:59:40.560   6636,758      21381,2961
14:59:41.128   6637,326      20853,8413
14:59:41.685   6637,883      20156,0161
14:59:42.246   6638,444      19566,9914
14:59:42.789   6638,987      18974,1696
14:59:43.332   6639,530      18370,8497
14:59:43.849   6640,047      17894,8396
14:59:44.370   6640,568      17373,5923
14:59:44.930   6641,128      16811,7530
14:59:45.517   6641,715      16281,6707
14:59:46.071   6642,269      15721,8656
14:59:46.619   6642,817      15207,4505
14:59:47.164   6643,362      14732,8133
14:59:47.703   6643,901      14249,8266
14:59:48.234   6644,432      13801,8926
14:59:48.783   6644,981      13350,4703
14:59:49.330   6645,528      12939,0918
14:59:49.870   6646,068      12549,2547
14:59:50.416   6646,614      12431,4044
14:59:50.970   6647,168      12441,3913
14:59:51.552   6647,750      12575,9422
14:59:52.107   6648,305      12840,3236
14:59:52.635   6648,833      13156,8837
14:59:53.159   6649,357      13461,0566
14:59:53.671   6649,869      13805,1836
14:59:54.249   6650,447      14215,8201
14:59:54.806   6651,004      14632,8134
14:59:55.349   6651,547      15082,8894
14:59:55.867   6652,065      15547,1613
14:59:56.433   6652,631      16021,5369
14:59:56.971   6653,169      16516,1869
14:59:57.580   6653,778      17137,3148
14:59:58.131   6654,329      17675,8791
14:59:58.714   6654,912      18313,7484
14:59:59.285   6655,483      18900,3358
14:59:59.876   6656,074      19527,0043
15:00:00.427   6656,625      20129,2833
15:00:00.998   6657,196      20756,0672
15:00:01.580   6657,778      21351,3976
15:00:02.139   6658,337      22041,5707
15:00:02.697   6658,895      22669,7771
15:00:03.251   6659,449      23278,5897
15:00:03.755   6659,953      23788,8330
15:00:04.302   6660,500      24412,1020
15:00:04.859   6661,057      24980,3654
15:00:05.452   6661,650      25571,2026
15:00:06.002   6662,200      26189,2875
15:00:06.560   6662,758      26750,6338
15:00:07.097   6663,295      27306,9637
15:00:07.618   6663,816      27796,3562
15:00:08.179   6664,377      28287,2785
15:00:08.758   6664,956      28791,3896
15:00:09.308   6665,506      29306,6331
15:00:09.826   6666,024      29784,5499
15:00:10.381   6666,579      30247,6886
15:00:10.925   6667,123      30662,1539
15:00:11.530   6667,728      31105,3906
15:00:12.094   6668,292      31530,9605
15:00:12.622   6668,820      31906,9800
15:00:13.169   6669,367      32235,8980
15:00:13.756   6669,954      32651,4758
15:00:14.291   6670,489      32933,4907
15:00:14.831   6671,029      33263,4173
15:00:15.369   6671,567      33502,1349
15:00:15.950   6672,148      33872,0474
15:00:16.509   6672,707      34119,2613
15:00:17.042   6673,240      34395,2017
15:00:17.550   6673,748      34572,8325
15:00:18.075   6674,273      34860,0306
15:00:18.613   6674,811      35109,9401
15:00:19.154   6675,352      35351,6286
15:00:19.674   6675,872      35478,6613
15:00:20.244   6676,442      35709,3157
15:00:20.823   6677,021      35921,3057
15:00:21.454   6677,652      36096,7912
15:00:22.010   6678,208      36260,6213
15:00:22.586   6678,784      36459,0049
15:00:23.131   6679,329      36643,4370
15:00:23.730   6679,928      36770,0752
15:00:24.256   6680,454      36855,0759
15:00:24.796   6680,994      37011,0313
15:00:25.324   6681,522      37093,9016
15:00:25.838   6682,036      37197,5070
15:00:26.376   6682,574      37306,3518
15:00:26.911   6683,109      37372,4646
15:00:27.513   6683,711      37470,5684
15:00:28.072   6684,270      37600,4781
15:00:28.624   6684,822      37643,8860
15:00:29.153   6685,351      37673,7818
15:00:29.686   6685,884      37731,0586
15:00:30.244   6686,442      37775,0815
15:00:30.780   6686,978      37816,0191
15:00:31.347   6687,545      37868,2362
15:00:31.860   6688,058      37840,7312
15:00:32.418   6688,616      37884,5750
15:00:32.955   6689,153      37920,0232
15:00:33.468   6689,666      37909,0759
15:00:34.052   6690,250      37930,1567
15:00:34.584   6690,782      37994,0025
15:00:35.173   6691,371      38055,2321
15:00:35.751   6691,949      37987,4762
15:00:36.295   6692,493      37999,6888
15:00:36.811   6693,009      38042,2705
15:00:37.345   6693,543      38061,2012
15:00:37.859   6694,057      38109,9825
15:00:38.429   6694,627      38122,8997
15:00:38.988   6695,186      38084,3907
15:00:39.496   6695,694      38118,3148
15:00:40.079   6696,277      38080,3645
15:00:40.626   6696,824      38203,3154
15:00:41.163   6697,361      38107,5624
15:00:41.680   6697,878      38113,9944
15:00:42.225   6698,423      38119,8934
15:00:42.779   6698,977      38117,7793
15:00:43.358   6699,556      38152,1099
15:00:43.865   6700,063      38159,9016
15:00:44.451   6700,649      38139,8946
15:00:44.984   6701,182      38177,1177
15:00:45.495   6701,693      38191,3946
15:00:46.036   6702,234      38168,3352
15:00:46.622   6702,820      38157,3088
15:00:47.180   6703,378      38182,5025
15:00:47.764   6703,962      38248,8641
15:00:48.312   6704,510      38203,1434
15:00:48.860   6705,058      38234,0353
15:00:49.508   6705,706      38258,9238
15:00:50.045   6706,243      38235,4251
15:00:50.589   6706,787      38225,7435
15:00:51.094   6707,292      38238,2324
15:00:51.679   6707,877      38232,7322
15:00:52.210   6708,408      38237,8618
15:00:52.755   6708,953      38324,3188
15:00:53.310   6709,508      38323,1397
15:00:53.897   6710,095      38302,0404
15:00:54.439   6710,637      38271,3436
15:00:54.981   6711,179      38289,0669
15:00:55.580   6711,778      38335,8994
15:00:56.118   6712,316      38377,1535
15:00:56.651   6712,849      38310,7872
15:00:57.187   6713,385      38269,6073
15:00:57.702   6713,900      38261,9069
15:00:58.211   6714,409      38282,6015
15:00:58.780   6714,978      38291,1434
15:00:59.325   6715,523      38283,6443
15:00:59.846   6716,044      38302,8418
15:01:00.421   6716,619      38306,0039
15:01:00.985   6717,183      38296,6554
15:01:01.574   6717,772      38325,9622
15:01:02.139   6718,337      38293,1078
15:01:02.698   6718,896      38368,2264
15:01:03.239   6719,437      38264,4314
15:01:03.764   6719,962      38325,1759
15:01:04.299   6720,497      38312,4798
15:01:04.862   6721,060      38318,4214
15:01:05.467   6721,665      38333,0738
15:01:06.008   6722,206      38351,1238
15:01:06.586   6722,784      38335,6513
15:01:07.125   6723,323      38326,5187
15:01:07.638   6723,836      38351,3919
15:01:08.179   6724,377      38370,7563
15:01:08.724   6724,922      38318,5754
15:01:09.331   6725,529      38329,0931
15:01:09.853   6726,051      38331,0642
15:01:10.426   6726,624      38299,6914
15:01:10.982   6727,180      38355,1527
15:01:11.569   6727,767      38298,9889
15:01:12.178   6728,376      38285,4260
15:01:12.763   6728,961      38287,2773
15:01:13.309   6729,507      38328,7589
15:01:13.893   6730,091      38349,7208
15:01:14.446   6730,644      38383,9043
15:01:14.947   6731,145      38356,2556
15:01:15.481   6731,679      38396,1920
15:01:16.025   6732,223      38343,0172
15:01:16.591   6732,789      38336,9273
15:01:17.169   6733,367      38384,7973
15:01:17.684   6733,882      38337,6499
15:01:18.238   6734,436      38386,3939
15:01:18.780   6734,978      38380,1901
15:01:19.317   6735,515      38327,1561
15:01:19.874   6736,072      38349,8386
15:01:20.412   6736,610      38407,7683
15:01:20.979   6737,177      38362,3543
15:01:21.524   6737,722      38404,0103
15:01:22.104   6738,302      38427,8640
15:01:22.627   6738,825      38406,8475
15:01:23.127   6739,325      38383,5270
15:01:23.633   6739,831      38376,7224
15:01:24.201   6740,399      38383,8082
15:01:24.763   6740,961      38415,0017
15:01:25.319   6741,517      38402,1837
15:01:25.882   6742,080      38388,1770
15:01:26.432   6742,630      38376,8108
15:01:26.981   6743,179      38340,7904
15:01:27.507   6743,705      38332,3279
15:01:28.051   6744,249      38314,2534
15:01:28.580   6744,778      38368,6534
15:01:29.142   6745,340      38363,5088
15:01:29.681   6745,879      38355,0540
15:01:30.231   6746,429      38351,6973
15:01:30.788   6746,986      38361,9585
15:01:31.357   6747,555      38428,9773
15:01:31.861   6748,059      38394,5579
15:01:32.426   6748,624      38358,3646
15:01:32.976   6749,174      38340,9926
15:01:33.517   6749,715      38423,1106
15:01:34.100   6750,298      38416,6790
15:01:34.646   6750,844      38370,0897
15:01:35.195   6751,393      38365,6157
15:01:35.777   6751,975      38373,2501
15:01:36.334   6752,532      38413,5721
15:01:36.902   6753,100      38380,2096
15:01:37.537   6753,735      38385,9886
15:01:38.070   6754,268      38373,6087
15:01:38.620   6754,818      38369,0885
15:01:39.159   6755,357      38389,7442
15:01:39.714   6755,912      38395,1830
15:01:40.269   6756,467      38370,0817
15:01:40.811   6757,009      38370,2253
15:01:41.362   6757,560      38309,0169
15:01:41.877   6758,075      38328,0541
15:01:42.429   6758,627      38309,4681
15:01:42.999   6759,197      38279,8565
15:01:43.533   6759,731      38203,7965
15:01:44.097   6760,295      38185,1061
15:01:44.668   6760,866      37998,8165
15:01:45.225   6761,423      37923,0893
15:01:45.755   6761,953      37800,7353
15:01:46.326   6762,524      37684,9614
15:01:46.862   6763,060      37492,8896
15:01:47.491   6763,689      37325,8565
15:01:48.014   6764,212      37138,3533
15:01:48.571   6764,769      36962,2964
15:01:49.118   6765,316      36699,6530
15:01:49.623   6765,821      36468,3937
15:01:50.176   6766,374      36210,9940
15:01:50.727   6766,925      36086,5088
15:01:51.281   6767,479      35863,8205
15:01:51.824   6768,022      35633,8370
15:01:52.358   6768,556      35496,0956
15:01:52.918   6769,116      35205,3004
15:01:53.508   6769,706      35056,6283
15:01:54.051   6770,249      34784,5439
15:01:54.600   6770,798      34519,0235
15:01:55.204   6771,402      34327,0496
15:01:55.866   6772,064      34033,9305
15:01:56.393   6772,591      33714,4843
15:01:56.940   6773,138      33398,1826
15:01:57.488   6773,686      33188,5060
15:01:58.047   6774,245      32850,7125
15:01:58.587   6774,785      32533,4661
15:01:59.174   6775,372      32130,2421
15:01:59.675   6775,873      31827,5258
15:02:00.245   6776,443      31467,1775
15:02:00.747   6776,945      31072,0299
15:02:01.295   6777,493      30705,0778
15:02:01.814   6778,012      30341,3999
15:02:02.372   6778,570      29848,4564
15:02:02.940   6779,138      29404,0544
15:02:03.518   6779,716      28914,5867
15:02:04.087   6780,285      28375,4917
15:02:04.641   6780,839      27884,8060
15:02:05.191   6781,389      27383,1981
15:02:05.700   6781,898      26930,1211
15:02:06.304   6782,502      26352,7381
15:02:06.865   6783,063      25769,4913
15:02:07.398   6783,596      25244,8048
15:02:07.994   6784,192      24639,2996
15:02:08.540   6784,738      24051,4211
15:02:09.083   6785,281      23472,1516
15:02:09.613   6785,811      22922,7434
15:02:10.150   6786,348      22337,1596
15:02:10.701   6786,899      21758,7034
15:02:11.269   6787,467      21110,6577
15:02:11.785   6787,983      20579,5721
15:02:12.357   6788,555      19946,4409
15:02:12.931   6789,129      19325,8817
15:02:13.514   6789,712      18740,9141
15:02:14.015   6790,213      18217,2024
15:02:14.550   6790,748      17627,2882
15:02:15.099   6791,297      17128,5924
15:02:15.635   6791,833      16575,2777
15:02:16.186   6792,384      16054,0569
15:02:16.739   6792,937      15484,6534
15:02:17.283   6793,481      15030,6023
15:02:17.835   6794,033      14506,6580
15:02:18.405   6794,603      14063,9024
15:02:18.947   6795,145      13587,8396
15:02:19.477   6795,675      13226,7882
15:02:20.011   6796,209      12768,3667
15:02:20.548   6796,746      12509,8959
15:02:21.090   6797,288      12470,8485
15:02:21.616   6797,814      12585,3990
15:02:22.170   6798,368      12763,3003
15:02:22.676   6798,874      13023,0548
15:02:23.216   6799,414      13299,6246
15:02:23.756   6799,954      13622,4108
15:02:24.324   6800,522      14028,2033
15:02:24.865   6801,063      14448,8818
15:02:25.469   6801,667      14864,5013
15:02:26.042   6802,240      15430,8407
15:02:26.601   6802,799      15911,8412
15:02:27.152   6803,350      16405,6661
15:02:27.652   6803,850      16892,9741
15:02:28.182   6804,380      17401,9513
15:02:28.739   6804,937      18003,8165
15:02:29.315   6805,513      18569,6559
15:02:29.834   6806,032      19138,5263
15:02:30.386   6806,584      19688,7445
15:02:30.926   6807,124      20296,5429
15:02:31.562   6807,760      20908,1249
15:02:32.128   6808,326      21592,7759
15:02:32.682   6808,880      22224,7054
15:02:33.251   6809,449      22897,8779
15:02:33.758   6809,956      23434,1317
15:02:34.318   6810,516      24005,2887
15:02:34.849   6811,047      24568,5794
15:02:35.400   6811,598      25168,1973
15:02:35.908   6812,106      25704,3711
15:02:36.449   6812,647      26259,4045
15:02:36.998   6813,196      26774,7671
15:02:37.525   6813,723      27271,3078
15:02:38.079   6814,277      27888,9424
15:02:38.614   6814,812      28364,1907
15:02:39.191   6815,389      28917,6959
15:02:39.794   6815,992      29409,3494
15:02:40.328   6816,526      29885,5832
15:02:40.871   6817,069      30311,2716
15:02:41.372   6817,570      30713,5801
15:02:41.933   6818,131      31073,6577
15:02:42.511   6818,709      31526,8837
15:02:43.046   6819,244      31916,6332
15:02:43.571   6819,769      32229,0960
15:02:44.112   6820,310      32539,1915
15:02:44.675   6820,873      32886,8770
15:02:45.210   6821,408      33215,3009
15:02:45.725   6821,923      33473,4029
15:02:46.281   6822,479      33755,7314
15:02:46.842   6823,040      34062,7112
15:02:47.387   6823,585      34320,5318
15:02:47.907   6824,105      34557,4721
15:02:48.455   6824,653      34813,6991
15:02:48.998   6825,196      35054,3729
15:02:49.588   6825,786      35249,4393
15:02:50.141   6826,339      35495,3574
15:02:50.703   6826,901      35680,7172
15:02:51.246   6827,444      35892,0456
15:02:51.792   6827,990      36082,3870
15:02:52.349   6828,547      36197,9160
15:02:52.904   6829,102      36391,5135
15:02:53.496   6829,694      36538,5007
15:02:54.061   6830,259      36689,5159
15:02:54.591   6830,789      36848,3725
15:02:55.144   6831,342      36953,8155
15:02:55.673   6831,871      37041,1841
15:02:56.240   6832,438      37167,5589
15:02:56.798   6832,996      37291,8266
15:02:57.332   6833,530      37398,0269
15:02:57.875   6834,073      37443,1330
15:02:58.464   6834,662      37536,1321
15:02:59.043   6835,241      37600,1011
15:02:59.553   6835,751      37618,1386
15:03:00.092   6836,290      37730,0743
15:03:00.640   6836,838      37727,1640
15:03:01.198   6837,396      37794,1137
15:03:01.711   6837,909      37859,6470
15:03:02.286   6838,484      37882,3467
15:03:02.825   6839,023      37913,6006
15:03:03.457   6839,655      37896,1966
15:03:04.002   6840,200      37907,7123
15:03:04.550   6840,748      37996,9835
15:03:05.099   6841,297      38055,7937
15:03:05.611   6841,809      38017,3179
15:03:06.116   6842,314      38032,8466
15:03:06.670   6842,868      38036,7111
15:03:07.228   6843,426      38054,7077
15:03:07.744   6843,942      38077,9923
15:03:08.308   6844,506      38101,5842
15:03:08.860   6845,058      38064,5659
15:03:09.467   6845,665      38110,3707
15:03:10.019   6846,217      38080,8381
15:03:10.588   6846,786      38117,1467
15:03:11.161   6847,359      38155,3123
15:03:11.710   6847,908      38121,7044
15:03:12.242   6848,440      38132,5406
15:03:12.788   6848,986      38157,6551
15:03:13.365   6849,563      38187,9897
15:03:13.881   6850,079      38192,1709
15:03:14.420   6850,618      38188,1835
15:03:14.984   6851,182      38242,7741
15:03:15.489   6851,687      38178,6075
15:03:16.025   6852,223      38193,4645
15:03:16.564   6852,762      38212,0084
15:03:17.149   6853,347      38216,5844
15:03:17.695   6853,893      38199,1642
15:03:18.245   6854,443      38216,5312
15:03:18.811   6855,009      38261,4963
15:03:19.381   6855,579      38226,1259
15:03:19.891   6856,089      38261,9298
15:03:20.433   6856,631      38245,3591
15:03:20.968   6857,166      38268,8434
15:03:21.473   6857,671      38306,5535
15:03:22.008   6858,206      38246,9818
15:03:22.581   6858,779      38246,8706
15:03:23.138   6859,336      38252,0034
15:03:23.713   6859,911      38262,9453
15:03:24.281   6860,479      38250,9045
15:03:24.818   6861,016      38259,7947
15:03:25.374   6861,572      38302,6057
15:03:25.892   6862,090      38260,2211
15:03:26.446   6862,644      38311,5702
15:03:27.024   6863,222      38284,1606
15:03:27.580   6863,778      38274,6436
15:03:28.128   6864,326      38286,8246
15:03:28.706   6864,904      38294,6543
15:03:29.234   6865,432      38278,4926
15:03:29.789   6865,987      38325,8419
15:03:30.356   6866,554      38348,3982
15:03:30.901   6867,099      38276,3093
15:03:31.554   6867,752      38324,4417
15:03:32.084   6868,282      38299,2306
15:03:32.646   6868,844      38309,8228
15:03:33.265   6869,463      38307,7893
15:03:33.774   6869,972      38290,8203
15:03:34.302   6870,500      38344,9620
15:03:34.869   6871,067      38322,3882
15:03:35.508   6871,706      38333,3091
15:03:36.067   6872,265      38310,7839
15:03:36.608   6872,806      38275,5147
15:03:37.189   6873,387      38341,2087
15:03:37.779   6873,977      38324,7910
15:03:38.298   6874,496      38264,8837
15:03:38.861   6875,059      38346,8503
15:03:39.466   6875,664      38384,9820
15:03:40.011   6876,209      38312,0955
15:03:40.548   6876,746      38321,1717
15:03:41.108   6877,306      38286,7945
15:03:41.631   6877,829      38326,7204
15:03:42.191   6878,389      38342,7815
15:03:42.748   6878,946      38343,5818
15:03:43.289   6879,487      38309,5187
15:03:43.798   6879,996      38295,7388
15:03:44.344   6880,542      38320,6487
15:03:44.881   6881,079      38334,4604
15:03:45.456   6881,654      38366,9349
15:03:46.025   6882,223      38253,0972
15:03:46.591   6882,789      38310,4444
15:03:47.125   6883,323      38312,5854
15:03:47.665   6883,863      38346,9870
15:03:48.213   6884,411      38284,1208
15:03:48.743   6884,941      38368,3923
15:03:49.289   6885,487      38349,7501
15:03:49.820   6886,018      38302,7550
15:03:50.368   6886,566      38268,8222
15:03:50.918   6887,116      38310,3859
15:03:51.516   6887,714      38366,2949
15:03:52.078   6888,276      38339,3538
15:03:52.621   6888,819      38311,3406
15:03:53.163   6889,361      38338,1305
15:03:53.691   6889,889      38351,2119
15:03:54.226   6890,424      38399,5212
15:03:54.802   6891,000      38307,9087
15:03:55.325   6891,523      38283,0678
15:03:55.911   6892,109      38357,3747
15:03:56.439   6892,637      38393,0461
15:03:56.940   6893,138      38358,0826
15:03:57.462   6893,660      38371,8407
15:03:58.016   6894,214      38335,7138
15:03:58.561   6894,759      38369,8158
15:03:59.139   6895,337      38339,2004
15:03:59.674   6895,872      38360,7188
15:04:00.242   6896,440      38365,9632
15:04:00.803   6897,001      38309,5686
15:04:01.379   6897,577      38312,5156
15:04:01.889   6898,087      38292,5098
15:04:02.454   6898,652      38321,1229
15:04:03.027   6899,225      38344,5997
15:04:03.599   6899,797      38355,7483
15:04:04.170   6900,368      38352,0376
15:04:04.714   6900,912      38343,1597
15:04:05.284   6901,482      38313,8617
15:04:05.796   6901,994      38277,2681
15:04:06.335   6902,533      38326,2460
15:04:06.885   6903,083      38320,9066
15:04:07.484   6903,682      38327,9115
15:04:08.044   6904,242      38268,8540
15:04:08.614   6904,812      38341,4576
15:04:09.177   6905,375      38315,8321
15:04:09.682   6905,880      38342,5597
15:04:10.224   6906,422      38311,2810
15:04:10.775   6906,973      38299,1830
15:04:11.312   6907,510      38232,9163
15:04:11.832   6908,030      38300,4569
15:04:12.378   6908,576      38216,2417
15:04:12.893   6909,091      38217,3102
15:04:13.491   6909,689      38175,3041
15:04:14.040   6910,238      38109,1847
15:04:14.584   6910,782      38002,3832
15:04:15.147   6911,345      37921,5083
15:04:15.724   6911,922      37864,9667
15:04:16.268   6912,466      37666,0869
15:04:16.804   6913,002      37541,9590
15:04:17.343   6913,541      37408,4747
15:04:17.860   6914,058      37212,1019
15:04:18.396   6914,594      37025,7242
15:04:18.934   6915,132      36816,8719
15:04:19.456   6915,654      36674,0501
15:04:20.035   6916,233      36407,3025
15:04:20.586   6916,784      36112,9732
15:04:21.156   6917,354      35950,7097
15:04:21.737   6917,935      35739,9311
15:04:22.279   6918,477      35515,2820
15:04:22.829   6919,027      35318,0142
15:04:23.360   6919,558      35133,5227
15:04:23.913   6920,111      34948,0210
15:04:24.498   6920,696      34680,8293
15:04:25.055   6921,253      34451,6261
15:04:25.640   6921,838      34172,9782
15:04:26.146   6922,344      33963,7611
15:04:26.728   6922,926      33706,0491
15:04:27.279   6923,477      33418,2843
15:04:27.779   6923,977      33079,4643
15:04:28.348   6924,546      32858,7891
15:04:28.915   6925,113      32529,1090
15:04:29.510   6925,708      32196,4856
15:04:30.057   6926,255      31789,8520
15:04:30.637   6926,835      31431,3167
15:04:31.175   6927,373      31035,8544
15:04:31.727   6927,925      30635,2874
15:04:32.283   6928,481      30174,0239
15:04:32.834   6929,032      29727,6018
15:04:33.390   6929,588      29289,6582
15:04:33.911   6930,109      28803,3856
15:04:34.449   6930,647      28365,2095
15:04:35.016   6931,214      27848,6021
15:04:35.523   6931,721      27410,9478
15:04:36.089   6932,287      26824,9809
15:04:36.594   6932,792      26396,3167
15:04:37.165   6933,363      25770,0722
15:04:37.671   6933,869      25308,1044
15:04:38.212   6934,410      24779,1358
15:04:38.746   6934,944      24093,7521
15:04:39.277   6935,475      23578,7675
15:04:39.862   6936,060      22996,1214
15:04:40.470   6936,668      22350,8518
15:04:41.031   6937,229      21701,8239
15:04:41.534   6937,732      21239,5828
15:04:42.091   6938,289      20551,3177
15:04:42.666   6938,864      19945,3020
15:04:43.233   6939,431      19335,7121
15:04:43.735   6939,933      18786,7219
15:04:44.277   6940,475      18201,5376
15:04:44.815   6941,013      17682,9617
15:04:45.364   6941,562      17092,7073
15:04:45.877   6942,075      16655,3124
15:04:46.435   6942,633      16090,3588
15:04:46.985   6943,183      15605,0533
15:04:47.519   6943,717      15161,1623
15:04:48.083   6944,281      14624,9181
15:04:48.659   6944,857      14116,2197
15:04:49.218   6945,416      13642,1731
15:04:49.722   6945,920      13239,2169
15:04:50.237   6946,435      12850,0269
15:04:50.771   6946,969      12513,5862
15:04:51.330   6947,528      12417,3174
15:04:51.849   6948,047      12486,4898
15:04:52.390   6948,588      12655,6479
15:04:52.943   6949,141      12917,0449
15:04:53.535   6949,733      13214,5142
15:04:54.106   6950,304      13627,0691
15:04:54.658   6950,856      13969,4741
15:04:55.203   6951,401      14383,8434
15:04:55.731   6951,929      14814,9569
15:04:56.265   6952,463      15205,3017
15:04:56.844   6953,042      15703,6419
15:04:57.385   6953,583      16228,0894
15:04:57.893   6954,091      16684,2688
15:04:58.463   6954,661      17215,0125
15:04:59.007   6955,205      17795,4058
15:04:59.559   6955,757      18359,8903
15:05:00.112   6956,310      18969,1726
15:05:00.670   6956,868      19547,2205
15:05:01.205   6957,403      20109,2716
15:05:01.827   6958,025      20760,0283
15:05:02.370   6958,568      21386,3996
15:05:02.935   6959,133      21995,8582
15:05:03.459   6959,657      22536,5470
15:05:04.008   6960,206      23165,2615
15:05:04.539   6960,737      23715,8864
15:05:05.079   6961,277      24320,8375
15:05:05.604   6961,802      24861,9741
15:05:06.149   6962,347      25469,3549
15:05:06.694   6962,892      25999,5039
15:05:07.232   6963,430      26541,2640
15:05:07.758   6963,956      27075,0035
15:05:08.316   6964,514      27564,0563
15:05:08.885   6965,083      28123,4865
15:05:09.467   6965,665      28630,3819
15:05:10.000   6966,198      29124,2525
15:05:10.533   6966,731      29541,2390
15:05:11.117   6967,315      30006,5205
15:05:11.701   6967,899      30439,6516
15:05:12.231   6968,429      30877,0613
15:05:12.775   6968,973      31272,7686
15:05:13.327   6969,525      31614,9994
15:05:13.828   6970,026      31934,4775
15:05:14.378   6970,576      32327,6803
15:05:14.944   6971,142      32620,6772
15:05:15.538   6971,736      32875,9721
15:05:16.081   6972,279      33276,2292
15:05:16.635   6972,833      33531,8501
15:05:17.179   6973,377      33781,9749
15:05:17.695   6973,893      34030,3211
15:05:18.269   6974,467      34327,5607
15:05:18.811   6975,009      34581,0242
15:05:19.383   6975,581      34795,8407
15:05:19.952   6976,150      35013,2436
15:05:20.491   6976,689      35301,5816
15:05:21.031   6977,229      35415,0470
15:05:21.561   6977,759      35621,5033
15:05:22.105   6978,303      35764,2691
15:05:22.636   6978,834      35984,4268
15:05:23.171   6979,369      36127,8768
15:05:23.709   6979,907      36269,5446
15:05:24.269   6980,467      36437,0743
15:05:24.803   6981,001      36582,1828
15:05:25.353   6981,551      36737,2484
15:05:25.921   6982,119      36838,2686
15:05:26.456   6982,654      36915,4078
15:05:27.022   6983,220      37041,7523
15:05:27.559   6983,757      37126,3854
15:05:28.105   6984,303      37214,8928
15:05:28.637   6984,835      37279,1651
15:05:29.195   6985,393      37282,1278
15:05:29.735   6985,933      37414,6122
15:05:30.304   6986,502      37500,4082
15:05:30.849   6987,047      37576,1035
15:05:31.467   6987,665      37547,6923
15:05:32.007   6988,205      37613,5530
15:05:32.551   6988,749      37678,2838
15:05:33.121   6989,319      37684,1684
15:05:33.647   6989,845      37669,7336
15:05:34.179   6990,377      37686,5549
15:05:34.734   6990,932      37785,4571
15:05:35.306   6991,504      37786,5264
15:05:35.887   6992,085      37760,6810
15:05:36.436   6992,634      37747,8556
15:05:36.984   6993,182      37793,6619
15:05:37.493   6993,691      37794,2495
15:05:38.048   6994,246      37866,5440
15:05:38.604   6994,802      37875,5033
15:05:39.171   6995,369      37905,7879
15:05:39.674   6995,872      37887,0382
15:05:40.235   6996,433      37925,1963
15:05:40.784   6996,982      37940,3529
15:05:41.332   6997,530      37892,1432
15:05:41.914   6998,112      37927,8822
15:05:42.475   6998,673      37908,0638
15:05:43.018   6999,216      37953,0100
15:05:43.564   6999,762      37971,9751
15:05:44.125   7000,323      37952,2095
15:05:44.676   7000,874      37978,5814
15:05:45.211   7001,409      37976,7284
15:05:45.715   7001,913      38004,3747
15:05:46.272   7002,470      38025,0270
15:05:46.835   7003,033      37983,2185
15:05:47.375   7003,573      37945,6848
15:05:47.880   7004,078      38023,2808
15:05:48.437   7004,635      38061,1832
15:05:49.014   7005,212      38024,6947
15:05:49.528   7005,726      38044,1908
15:05:50.094   7006,292      38026,7303
15:05:50.628   7006,826      38028,9707
15:05:51.193   7007,391      37972,8197
15:05:51.772   7007,970      38031,3243
15:05:52.332   7008,530      38079,3800
15:05:52.873   7009,071      38013,4929
15:05:53.457   7009,655      38050,9645
15:05:54.014   7010,212      38053,0461
15:05:54.568   7010,766      38053,5694
15:05:55.118   7011,316      38009,6350
15:05:55.656   7011,854      38052,1896
15:05:56.222   7012,420      38101,2076
15:05:56.803   7013,001      38089,9709
15:05:57.351   7013,549      38033,4416
15:05:57.927   7014,125      38099,5193
15:05:58.469   7014,667      38058,4003
15:05:59.068   7015,266      38085,2781
15:05:59.573   7015,771      38086,7125
15:06:00.123   7016,321      38082,9589
15:06:00.685   7016,883      38100,4312
15:06:01.265   7017,463      38069,6053
15:06:01.798   7017,996      38092,8708
15:06:02.373   7018,571      38129,1514
15:06:02.943   7019,141      38125,2650
15:06:03.536   7019,734      38115,7258
15:06:04.111   7020,309      38135,4969
15:06:04.659   7020,857      38128,9896
15:06:05.201   7021,399      38084,5178
15:06:05.749   7021,947      38079,1981
15:06:06.301   7022,499      38033,1530
15:06:06.866   7023,064      38147,8654
15:06:07.453   7023,651      38136,4556
15:06:08.013   7024,211      38106,3243
15:06:08.580   7024,778      38128,5564
15:06:09.139   7025,337      38125,5761
15:06:09.697   7025,895      38141,0462
15:06:10.233   7026,431      38082,4085
15:06:10.773   7026,971      38081,9295
15:06:11.336   7027,534      38134,8264
15:06:11.859   7028,057      38108,5076
15:06:12.423   7028,621      38218,1312
15:06:12.949   7029,147      38169,2504
15:06:13.480   7029,678      38168,9339
15:06:14.039   7030,237      38224,5102
15:06:14.611   7030,809      38167,9370
15:06:15.153   7031,351      38207,6801
15:06:15.689   7031,887      38159,2307
15:06:16.232   7032,430      38176,5484
15:06:16.738   7032,936      38206,1623
15:06:17.306   7033,504      38204,3879
15:06:17.817   7034,015      38161,2318
15:06:18.356   7034,554      38225,1008
15:06:18.899   7035,097      38222,6152
15:06:19.498   7035,696      38248,2390
15:06:20.065   7036,263      38222,7350
15:06:20.636   7036,834      38219,0322
15:06:21.242   7037,440      38229,0334
15:06:21.759   7037,957      38236,4472
15:06:22.264   7038,462      38237,9106
15:06:22.850   7039,048      38285,6864
15:06:23.449   7039,647      38299,5733
15:06:23.987   7040,185      38256,5176
15:06:24.565   7040,763      38205,7915
15:06:25.114   7041,312      38215,2087
15:06:25.653   7041,851      38251,3720
15:06:26.188   7042,386      38271,2497
15:06:26.756   7042,954      38235,2525
15:06:27.305   7043,503      38254,5294
15:06:27.832   7044,030      38269,5868
15:06:28.393   7044,591      38225,4972
15:06:28.939   7045,137      38216,8839
15:06:29.516   7045,714      38265,1618
15:06:30.062   7046,260      38232,7919
15:06:30.613   7046,811      38229,0256
15:06:31.172   7047,370      38192,4441
15:06:31.683   7047,881      38254,1739
15:06:32.221   7048,419      38230,9429
15:06:32.773   7048,971      38245,4300
15:06:33.315   7049,513      38232,2827
15:06:33.846   7050,044      38234,1358
15:06:34.384   7050,582      38208,3252
15:06:34.919   7051,117      38236,7031
15:06:35.544   7051,742      38199,0288
15:06:36.119   7052,317      38256,5327
15:06:36.688   7052,886      38204,5226
15:06:37.265   7053,463      38185,5780
15:06:37.767   7053,965      38225,0353
15:06:38.315   7054,513      38266,1496
15:06:38.911   7055,109      38207,7788
15:06:39.529   7055,727      38276,9127
15:06:40.087   7056,285      38180,8381
15:06:40.626   7056,824      38172,6359
15:06:41.193   7057,391      38270,4754
15:06:41.741   7057,939      38161,1733
15:06:42.303   7058,501      38154,5686
15:06:42.843   7059,041      38160,8232
15:06:43.483   7059,681      38077,2764
15:06:44.047   7060,245      38028,5707
15:06:44.588   7060,786      37978,5595
15:06:45.133   7061,331      37836,0454
15:06:45.733   7061,931      37723,3059
15:06:46.275   7062,473      37627,7925
15:06:46.812   7063,010      37516,1511
15:06:47.373   7063,571      37334,3392
15:06:47.878   7064,076      37157,3806
15:06:48.446   7064,644      36997,2849
15:06:49.023   7065,221      36714,3597
15:06:49.626   7065,824      36492,2474
15:06:50.176   7066,374      36308,4999
15:06:50.732   7066,930      36088,0015
15:06:51.275   7067,473      35839,1029
15:06:51.780   7067,978      35720,1499
15:06:52.351   7068,549      35476,0954
15:06:52.923   7069,121      35271,5102
15:06:53.507   7069,705      35071,0888
15:06:54.070   7070,268      34814,7937
15:06:54.652   7070,850      34586,0973
15:06:55.202   7071,400      34371,0319
15:06:55.723   7071,921      34159,4299
15:06:56.275   7072,473      33891,8499
15:06:56.818   7073,016      33617,6044
15:06:57.361   7073,559      33382,4987
15:06:57.902   7074,100      33166,3653
15:06:58.476   7074,674      32758,8894
15:06:59.013   7075,211      32535,2324
15:06:59.595   7075,793      32109,2923
15:07:00.161   7076,359      31798,3958
15:07:00.706   7076,904      31450,1882
15:07:01.257   7077,455      31174,4093
15:07:01.883   7078,081      30676,8503
15:07:02.430   7078,628      30199,6285
15:07:02.958   7079,156      29819,0362
15:07:03.476   7079,674      29460,4606
15:07:04.020   7080,218      28961,1252
15:07:04.579   7080,777      28440,7057
15:07:05.140   7081,338      27955,5770
15:07:05.677   7081,875      27480,4143
15:07:06.217   7082,415      26971,5301
15:07:06.753   7082,951      26439,4663
15:07:07.327   7083,525      25916,3167
15:07:07.829   7084,027      25401,4270
15:07:08.374   7084,572      24944,4679
15:07:08.923   7085,121      24323,3065
15:07:09.526   7085,724      23761,1877
15:07:10.082   7086,280      23116,8205
15:07:10.651   7086,849      22521,7554
15:07:11.228   7087,426      21930,8216
15:07:11.762   7087,960      21304,0749
15:07:12.326   7088,524      20708,9349
15:07:12.882   7089,080      20123,9940
15:07:13.463   7089,661      19599,6580
15:07:14.006   7090,204      18926,4407
15:07:14.561   7090,759      18336,4141
15:07:15.093   7091,291      17796,3807
15:07:15.675   7091,873      17234,7908
15:07:16.221   7092,419      16714,6981
15:07:16.767   7092,965      16174,2706
15:07:17.305   7093,503      15705,8495
15:07:17.833   7094,031      15215,2918
15:07:18.372   7094,570      14726,0661
15:07:18.908   7095,106      14276,8623
15:07:19.498   7095,696      13807,5341
15:07:20.033   7096,231      13340,8498
15:07:20.615   7096,813      12888,3900
15:07:21.182   7097,380      12536,8530
15:07:21.744   7097,942      12416,5491
15:07:22.291   7098,489      12537,3634
15:07:22.828   7099,026      12722,1977
15:07:23.393   7099,591      12980,8822
15:07:23.909   7100,107      13258,6699
15:07:24.442   7100,640      13609,5569
15:07:24.974   7101,172      13987,7172
15:07:25.507   7101,705      14300,8725
15:07:26.060   7102,258      14768,2336
15:07:26.618   7102,816      15246,4294
15:07:27.161   7103,359      15672,9468
15:07:27.694   7103,892      16157,6764
15:07:28.262   7104,460      16757,2780
15:07:28.827   7105,025      17250,4948
15:07:29.367   7105,565      17807,3321
15:07:29.877   7106,075      18310,1196
15:07:30.419   7106,617      18881,8798
15:07:30.962   7107,160      19443,2044
15:07:31.550   7107,748      20105,3645
15:07:32.124   7108,322      20680,1646
15:07:32.665   7108,863      21288,9707
15:07:33.236   7109,434      21948,1240
15:07:33.784   7109,982      22592,2206
15:07:34.329   7110,527      23097,2996
15:07:34.883   7111,081      23705,5861
15:07:35.456   7111,654      24312,6482
15:07:35.998   7112,196      24919,5281
15:07:36.531   7112,729      25380,7343
15:07:37.077   7113,275      25926,1644
15:07:37.596   7113,794      26475,8065
15:07:38.142   7114,340      26973,1189
15:07:38.695   7114,893      27532,3349
15:07:39.239   7115,437      28077,0564
15:07:39.752   7115,950      28539,3083
15:07:40.321   7116,519      29051,1048
15:07:40.891   7117,089      29533,5356
15:07:41.475   7117,673      29969,6150
15:07:42.026   7118,224      30448,0270
15:07:42.584   7118,782      30794,3865
15:07:43.131   7119,329      31202,2443
15:07:43.657   7119,855      31584,8449
15:07:44.197   7120,395      31895,6757
15:07:44.764   7120,962      32262,3502
15:07:45.303   7121,501      32555,2000
15:07:45.827   7122,025      32875,8377
15:07:46.358   7122,556      33154,7909
15:07:46.915   7123,113      33415,5664
15:07:47.506   7123,704      33707,0319
15:07:48.100   7124,298      34075,6618
15:07:48.666   7124,864      34352,7187
15:07:49.236   7125,434      34540,5964
15:07:49.776   7125,974      34776,3732
15:07:50.331   7126,529      35013,0687
15:07:50.901   7127,099      35246,4425
15:07:51.503   7127,701      35464,9408
15:07:52.076   7128,274      35631,9147
15:07:52.606   7128,804      35855,4008
15:07:53.188   7129,386      36012,5516
15:07:53.715   7129,913      36124,2195
15:07:54.246   7130,444      36300,8607
15:07:54.779   7130,977      36443,9061
15:07:55.320   7131,518      36588,9075
15:07:55.908   7132,106      36706,6210
15:07:56.456   7132,654      36805,0443
15:07:56.986   7133,184      36917,9858
15:07:57.504   7133,702      37000,7801
15:07:58.037   7134,235      37065,8698
15:07:58.619   7134,817      37186,8198
15:07:59.168   7135,366      37185,8227
15:07:59.675   7135,873      37358,1815
15:08:00.179   7136,377      37328,3635
15:08:00.723   7136,921      37421,7328
15:08:01.311   7137,509      37430,2010
15:08:01.821   7138,019      37437,9562
15:08:02.380   7138,578      37489,2020
15:08:02.938   7139,136      37606,8936
15:08:03.532   7139,730      37643,0366
15:08:04.112   7140,310      37656,9014
15:08:04.649   7140,847      37659,2814
15:08:05.213   7141,411      37701,8699
15:08:05.787   7141,985      37688,9023
15:08:06.326   7142,524      37740,0164
15:08:06.874   7143,072      37744,4332
15:08:07.469   7143,667      37795,1115
15:08:08.016   7144,214      37803,4259
15:08:08.553   7144,751      37843,8695
15:08:09.109   7145,307      37781,1657
15:08:09.628   7145,826      37808,1930
15:08:10.205   7146,403      37816,5620
15:08:10.786   7146,984      37870,1436
15:08:11.341   7147,539      37832,0541
15:08:11.849   7148,047      37867,8409
15:08:12.401   7148,599      37888,6509
15:08:12.943   7149,141      37857,7740
15:08:13.531   7149,729      37830,5575
15:08:14.078   7150,276      37905,8158
15:08:14.633   7150,831      37914,7748
15:08:15.180   7151,378      37896,8598
15:08:15.709   7151,907      37911,6957
15:08:16.251   7152,449      37902,0568
15:08:16.852   7153,050      37918,5998
15:08:17.457   7153,655      37869,1261
15:08:18.011   7154,209      37869,1622
15:08:18.564   7154,762      37923,8770
15:08:19.106   7155,304      37940,0114
15:08:19.628   7155,826      37948,9011
15:08:20.165   7156,363      37953,7570
15:08:20.729   7156,927      37940,4567
15:08:21.293   7157,491      37951,0779
15:08:21.796   7157,994      37914,8379
15:08:22.355   7158,553      37901,9047
15:08:22.895   7159,093      37981,2469
15:08:23.514   7159,712      37945,3987
15:08:24.064   7160,262      38000,3497
15:08:24.609   7160,807      37973,3078
15:08:25.148   7161,346      37985,3233
15:08:25.730   7161,928      38028,3852
15:08:26.274   7162,472      38013,0165
15:08:26.789   7162,987      37996,3849
15:08:27.368   7163,566      38034,8373
15:08:27.878   7164,076      38039,6876
15:08:28.447   7164,645      38001,9591
15:08:29.007   7165,205      38035,6355
15:08:29.507   7165,705      38067,6341
15:08:30.063   7166,261      38003,3142
15:08:30.608   7166,806      38056,1902
15:08:31.137   7167,335      38034,2513
15:08:31.658   7167,856      37995,7264
15:08:32.203   7168,401      38051,1560
15:08:32.761   7168,959      37995,2033
15:08:33.303   7169,501      37991,1365
15:08:33.820   7170,018      38077,8124
15:08:34.388   7170,586      38012,0465
15:08:34.935   7171,133      37984,8605
15:08:35.523   7171,721      38015,4533
15:08:36.023   7172,221      38005,2502
15:08:36.594   7172,792      38007,0985
15:08:37.125   7173,323      38037,2392
15:08:37.645   7173,843      38053,3155
15:08:38.199   7174,397      38051,3722
15:08:38.743   7174,941      38070,7630
15:08:39.328   7175,526      38032,1931
15:08:39.842   7176,040      38024,5514
15:08:40.377   7176,575      38082,9039
15:08:40.924   7177,122      38063,9502
15:08:41.484   7177,682      38095,0258
15:08:42.093   7178,291      38036,2276
15:08:42.628   7178,826      38084,6648
15:08:43.173   7179,371      38005,6250
15:08:43.784   7179,982      38037,0380
15:08:44.323   7180,521      38028,5000
15:08:44.888   7181,086      38020,0006
15:08:45.493   7181,691      38049,7495
15:08:46.022   7182,220      38074,4442
15:08:46.579   7182,777      38012,2312
15:08:47.169   7183,367      38045,6668
15:08:47.754   7183,952      38032,7580
15:08:48.300   7184,498      38036,0809
15:08:48.908   7185,106      38034,8932
15:08:49.529   7185,727      38041,6608
15:08:50.091   7186,289      38038,7463
15:08:50.644   7186,842      38009,6587
15:08:51.177   7187,375      38034,5188
15:08:51.692   7187,890      37995,6691
15:08:52.228   7188,426      38043,4721
15:08:52.734   7188,932      38044,6520
15:08:53.286   7189,484      37976,3814
15:08:53.796   7189,994      38027,5629
15:08:54.382   7190,580      38062,1813
15:08:54.953   7191,151      38065,4172
15:08:55.460   7191,658      38068,4550
15:08:56.020   7192,218      38049,9569
15:08:56.554   7192,752      38058,2707
15:08:57.080   7193,278      38027,0851
15:08:57.618   7193,816      37995,6097
15:08:58.200   7194,398      38056,3476
15:08:58.773   7194,971      38036,5312
15:08:59.338   7195,536      38103,0617
15:08:59.855   7196,053      38010,5415
15:09:00.399   7196,597      38118,8319
15:09:00.962   7197,160      38046,9491
15:09:01.483   7197,681      38010,5372
15:09:02.034   7198,232      38056,9656
15:09:02.564   7198,762      38054,2676
15:09:03.111   7199,309      38011,7326
15:09:03.702   7199,900      38018,7664
15:09:04.262   7200,460      38011,3256
15:09:04.805   7201,003      38011,6598
15:09:05.394   7201,592      38066,6725
15:09:05.913   7202,111      38002,1818
15:09:06.454   7202,652      38081,4151
15:09:07.025   7203,223      38052,1074
15:09:07.626   7203,824      38060,3761
15:09:08.182   7204,380      38022,1502
15:09:08.739   7204,937      38002,0070
15:09:09.303   7205,501      38027,7923
15:09:09.881   7206,079      38044,5015
15:09:10.426   7206,624      38054,2469
15:09:10.960   7207,158      38056,4769
15:09:11.509   7207,707      38075,3571
15:09:12.060   7208,258      38028,9978
15:09:12.636   7208,834      38002,0177
15:09:13.165   7209,363      37960,8901
15:09:13.746   7209,944      37906,2157
15:09:14.287   7210,485      37847,3417
15:09:14.879   7211,077      37746,6607
15:09:15.464   7211,662      37682,1826
15:09:16.017   7212,215      37626,4782
15:09:16.560   7212,758      37509,3811
15:09:17.125   7213,323      37380,6194
15:09:17.691   7213,889      37180,9422
15:09:18.225   7214,423      37081,6506
15:09:18.761   7214,959      36841,7409
15:09:19.315   7215,513      36633,2154
15:09:19.822   7216,020      36427,9445
15:09:20.369   7216,567      36189,7756
15:09:20.913   7217,111      35952,1082
15:09:21.489   7217,687      35799,6972
15:09:22.054   7218,252      35598,1720
15:09:22.596   7218,794      35417,4950
15:09:23.176   7219,374      35195,7086
15:09:23.722   7219,920      34998,3422
15:09:24.258   7220,456      34763,8437
15:09:24.810   7221,008      34573,9623
15:09:25.348   7221,546      34332,7521
15:09:25.935   7222,133      34077,0610
15:09:26.490   7222,688      33841,0503
15:09:27.028   7223,226      33617,2424
15:09:27.538   7223,736      33454,8903
15:09:28.097   7224,295      33110,5314
15:09:28.620   7224,818      32857,7841
15:09:29.180   7225,378      32481,1765
15:09:29.681   7225,879      32248,4217
15:09:30.246   7226,444      31882,9903
15:09:30.822   7227,020      31524,4966
15:09:31.357   7227,555      31172,2663
15:09:31.887   7228,085      30845,8189
15:09:32.434   7228,632      30419,1464
15:09:33.034   7229,232      29981,1893
15:09:33.583   7229,781      29627,8791
15:09:34.150   7230,348      29129,1127
15:09:34.699   7230,897      28590,7327
15:09:35.261   7231,459      28203,2911
15:09:35.771   7231,969      27733,5148
15:09:36.324   7232,522      27201,8165
15:09:36.872   7233,070      26728,2423
15:09:37.468   7233,666      26208,0400
15:09:38.016   7234,214      25654,3660
15:09:38.579   7234,777      25004,8403
15:09:39.142   7235,340      24501,4978
15:09:39.717   7235,915      23902,2303
15:09:40.255   7236,453      23361,4668
15:09:40.799   7236,997      22819,2211
15:09:41.370   7237,568      22202,9316
15:09:41.908   7238,106      21637,0198
15:09:42.445   7238,643      21050,5107
15:09:43.002   7239,200      20427,3465
15:09:43.600   7239,798      19806,5537
15:09:44.160   7240,358      19215,8042
15:09:44.728   7240,926      18622,6973
15:09:45.236   7241,434      18137,8608
15:09:45.743   7241,941      17612,1570
15:09:46.292   7242,490      17067,5826
15:09:46.855   7243,053      16487,3981
15:09:47.393   7243,591      16017,6912
15:09:47.939   7244,137      15529,4363
15:09:48.487   7244,685      15006,3307
15:09:49.022   7245,220      14556,5807
15:09:49.627   7245,825      14020,0835
15:09:50.248   7246,446      13498,8917
15:09:50.788   7246,986      13089,2286
15:09:51.356   7247,554      12652,6356
15:09:51.896   7248,094      12523,2870
15:09:52.437   7248,635      12547,3728
15:09:52.981   7249,179      12687,7668
15:09:53.541   7249,739      12892,1630
15:09:54.113   7250,311      13241,4717
15:09:54.640   7250,838      13525,7870
15:09:55.232   7251,430      13885,7713
15:09:55.739   7251,937      14314,5503
15:09:56.291   7252,489      14695,2568
15:09:56.823   7253,021      15151,3564
15:09:57.374   7253,572      15592,8491
15:09:57.899   7254,097      16030,1225
15:09:58.465   7254,663      16543,3846
15:09:59.046   7255,244      17110,0452
15:09:59.556   7255,754      17677,0325
15:10:00.096   7256,294      18217,3372
15:10:00.654   7256,852      18763,1792
15:10:01.233   7257,431      19357,0282
15:10:01.734   7257,932      19915,3797
15:10:02.275   7258,473      20469,6767
15:10:02.816   7259,014      21121,4385
15:10:03.390   7259,588      21724,9757
15:10:03.927   7260,125      22276,1536
15:10:04.474   7260,672      22856,8498
15:10:05.012   7261,210      23452,0818
15:10:05.519   7261,717      23889,2827
15:10:06.100   7262,298      24601,1361
15:10:06.668   7262,866      25176,3927
15:10:07.217   7263,415      25765,2740
15:10:07.731   7263,929      26234,4518
15:10:08.308   7264,506      26788,8592
15:10:08.875   7265,073      27364,8236
15:10:09.522   7265,720      27937,8341
15:10:10.079   7266,277      28452,0278
15:10:10.648   7266,846      28912,6421
15:10:11.185   7267,383      29359,3583
15:10:11.734   7267,932      29897,4797
15:10:12.301   7268,499      30265,5743
15:10:12.845   7269,043      30704,8536
15:10:13.385   7269,583      31068,2030
15:10:13.936   7270,134      31461,6390
15:10:14.469   7270,667      31786,6435
15:10:15.058   7271,256      32143,6498
15:10:15.620   7271,818      32435,6545
15:10:16.165   7272,363      32810,4862
15:10:16.696   7272,894      33077,2684
15:10:17.230   7273,428      33323,8200
15:10:17.737   7273,935      33610,7763
15:10:18.270   7274,468      33839,0202
15:10:18.799   7274,997      34089,1832
15:10:19.363   7275,561      34371,9202
15:10:19.896   7276,094      34615,4146
15:10:20.432   7276,630      34827,0042
15:10:20.993   7277,191      35016,4094
15:10:21.538   7277,736      35278,2688
15:10:22.066   7278,264      35389,7620
15:10:22.624   7278,822      35620,8053
15:10:23.169   7279,367      35768,0492
15:10:23.701   7279,899      35923,6959
15:10:24.241   7280,439      36093,2501
15:10:24.840   7281,038      36229,4482
15:10:25.465   7281,663      36430,4360
15:10:26.034   7282,232      36589,2094
15:10:26.584   7282,782      36731,6103
15:10:27.174   7283,372      36793,3628
15:10:27.762   7283,960      36921,0558
15:10:28.315   7284,513      37011,5981
15:10:28.884   7285,082      37107,8564
15:10:29.500   7285,698      37213,5192
15:10:30.087   7286,285      37269,2062
15:10:30.656   7286,854      37250,1966
15:10:31.234   7287,432      37350,4920
15:10:31.736   7287,934      37413,2962
15:10:32.305   7288,503      37493,3990
15:10:32.855   7289,053      37489,6828
15:10:33.394   7289,592      37526,8177
15:10:33.908   7290,106      37503,6361
15:10:34.447   7290,645      37544,2287
15:10:34.988   7291,186      37598,9483
15:10:35.530   7291,728      37596,8031
15:10:36.099   7292,297      37605,6331
15:10:36.633   7292,831      37710,6947
15:10:37.212   7293,410      37673,0806
15:10:37.714   7293,912      37706,1269
15:10:38.292   7294,490      37704,5466
15:10:38.833   7295,031      37668,0153
15:10:39.376   7295,574      37677,9408
15:10:39.892   7296,090      37712,6646
15:10:40.431   7296,629      37720,3881
15:10:40.988   7297,186      37746,1280
15:10:41.510   7297,708      37757,4028
15:10:42.085   7298,283      37793,1228
15:10:42.667   7298,865      37717,9162
15:10:43.202   7299,400      37772,4945
15:10:43.728   7299,926      37771,4501
15:10:44.267   7300,465      37758,5392
15:10:44.832   7301,030      37768,4629
15:10:45.347   7301,545      37774,6414
15:10:45.852   7302,050      37778,2169
15:10:46.413   7302,611      37802,7160
15:10:46.953   7303,151      37805,3598
15:10:47.506   7303,704      37787,6030
15:10:48.049   7304,247      37808,5941
15:10:48.562   7304,760      37856,4437
15:10:49.140   7305,338      37829,1531
15:10:49.736   7305,934      37833,2587
15:10:50.280   7306,478      37806,0278
15:10:50.846   7307,044      37812,8145
15:10:51.392   7307,590      37840,6935
15:10:51.940   7308,138      37823,7018
15:10:52.474   7308,672      37817,3099
15:10:53.035   7309,233      37778,6427
15:10:53.587   7309,785      37841,0228
15:10:54.156   7310,354      37831,3751
15:10:54.705   7310,903      37844,2084
15:10:55.264   7311,462      37826,4018
15:10:55.765   7311,963      37829,2359
15:10:56.313   7312,511      37844,6532
15:10:56.844   7313,042      37841,9288
15:10:57.393   7313,591      37827,5294
15:10:57.899   7314,097      37859,4825
15:10:58.458   7314,656      37890,8159
15:10:59.012   7315,210      37869,4832
15:10:59.617   7315,815      37875,0676
15:11:00.124   7316,322      37886,5592
15:11:00.666   7316,864      37855,1018
15:11:01.203   7317,401      37892,0611
15:11:01.710   7317,908      37863,7697
15:11:02.246   7318,444      37887,4143
15:11:02.824   7319,022      37870,5311
15:11:03.359   7319,557      37911,8690
15:11:03.875   7320,073      37930,1993
15:11:04.447   7320,645      37858,4724
15:11:05.024   7321,222      37894,8158
15:11:05.548   7321,746      37897,5261
15:11:06.087   7322,285      37882,5125
15:11:06.616   7322,814      37886,2453
15:11:07.174   7323,372      37920,9994
15:11:07.688   7323,886      37900,6433
15:11:08.231   7324,429      37954,0903
15:11:08.772   7324,970      37912,8661
15:11:09.329   7325,527      37939,7307
15:11:09.869   7326,067      37976,1234
15:11:10.442   7326,640      37936,7022
15:11:10.945   7327,143      37959,6818
15:11:11.479   7327,677      37923,7225
15:11:12.041   7328,239      37908,0630
15:11:12.589   7328,787      37942,2071
15:11:13.155   7329,353      37953,2616
15:11:13.666   7329,864      37989,3477
15:11:14.216   7330,414      37963,0458
15:11:14.773   7330,971      37928,0036
15:11:15.310   7331,508      37998,9005
15:11:15.816   7332,014      37919,2904
15:11:16.319   7332,517      37945,6469
15:11:16.858   7333,056      37938,0263
15:11:17.482   7333,680      37950,5967
15:11:18.023   7334,221      37952,5435
15:11:18.562   7334,760      37950,4095
15:11:19.092   7335,290      37964,7927
15:11:19.633   7335,831      37948,1559
15:11:20.192   7336,390      38014,0122
15:11:20.759   7336,957      37999,3022
15:11:21.304   7337,502      37951,0799
15:11:21.842   7338,040      37972,5612
15:11:22.389   7338,587      37981,9385
15:11:22.949   7339,147      37934,4260
15:11:23.537   7339,735      38041,7883
15:11:24.099   7340,297      38020,4499
15:11:24.658   7340,856      38057,6148
15:11:25.195   7341,393      37989,4650
15:11:25.709   7341,907      38004,2131
15:11:26.281   7342,479      38032,5801
15:11:26.828   7343,026      37960,8516
15:11:27.365   7343,563      38011,3318
15:11:27.901   7344,099      38016,4611
15:11:28.437   7344,635      38015,5814
15:11:28.985   7345,183      37992,8476
15:11:29.585   7345,783      38024,9756
15:11:30.156   7346,354      38004,9032
15:11:30.711   7346,909      37988,4183
15:11:31.257   7347,455      38025,3536
15:11:31.789   7347,987      38002,6037
15:11:32.335   7348,533      37987,3615
15:11:32.903   7349,101      37975,3431
15:11:33.510   7349,708      38028,4164
15:11:34.056   7350,254      38008,5338
15:11:34.618   7350,816      38025,4204
15:11:35.162   7351,360      38051,4997
15:11:35.698   7351,896      37995,8183
15:11:36.274   7352,472      38007,1833
15:11:36.821   7353,019      37990,0032
15:11:37.375   7353,573      38021,6592
15:11:37.904   7354,102      38022,2944
15:11:38.470   7354,668      38027,9676
15:11:39.011   7355,209      38015,1363
15:11:39.557   7355,755      38010,1327
15:11:40.088   7356,286      38015,9297
15:11:40.643   7356,841      37995,8525
15:11:41.225   7357,423      37984,6661
15:11:41.726   7357,924      37981,1478
15:11:42.296   7358,494      38003,3469
15:11:42.862   7359,060      37933,2930
15:11:43.474   7359,672      37980,3898
15:11:44.026   7360,224      37915,8622
15:11:44.588   7360,786      37824,1884
15:11:45.126   7361,324      37807,8531
15:11:45.664   7361,862      37730,2777
15:11:46.204   7362,402      37635,2306
15:11:46.770   7362,968      37510,5732
15:11:47.322   7363,520      37348,0249
15:11:47.824   7364,022      37220,0255
15:11:48.397   7364,595      37070,0018
15:11:48.957   7365,155      36897,6836
15:11:49.461   7365,659      36665,4595
15:11:50.038   7366,236      36483,6646
15:11:50.586   7366,784      36257,5862
15:11:51.139   7367,337      36008,2075
15:11:51.671   7367,869      35840,2367
15:11:52.243   7368,441      35653,1252
15:11:52.805   7369,003      35486,2432
15:11:53.360   7369,558      35265,2714
15:11:53.864   7370,062      35137,3919
15:11:54.433   7370,631      34902,1313
15:11:54.994   7371,192      34617,1101
15:11:55.596   7371,794      34355,9065
15:11:56.145   7372,343      34193,6851
15:11:56.683   7372,881      33961,7227
15:11:57.232   7373,430      33707,6577
15:11:57.808   7374,006      33440,6420
15:11:58.377   7374,575      33182,9200
15:11:58.932   7375,130      32879,7862
15:11:59.471   7375,669      32606,9100
15:12:00.009   7376,207      32278,3034
15:12:00.544   7376,742      31973,0361
15:12:01.113   7377,311      31619,1840
15:12:01.656   7377,854      31297,8085
15:12:02.201   7378,399      30884,0649
15:12:02.762   7378,960      30479,4303
15:12:03.310   7379,508      30073,1793
15:12:03.857   7380,055      29680,0561
15:12:04.445   7380,643      29228,1122
15:12:04.988   7381,186      28729,1972
15:12:05.516   7381,714      28375,2040
15:12:06.082   7382,280      27806,5605
15:12:06.669   7382,867      27236,0244
15:12:07.232   7383,430      26743,2601
15:12:07.753   7383,951      26270,7701
15:12:08.302   7384,500      25731,0977
15:12:08.851   7385,049      25193,2535
15:12:09.482   7385,680      24647,4057
15:12:10.072   7386,270      23935,9201
15:12:10.610   7386,808      23370,9555
15:12:11.165   7387,363      22856,7343
15:12:11.678   7387,876      22279,4542
15:12:12.240   7388,438      21698,8750
15:12:12.813   7389,011      21093,6565
15:12:13.350   7389,548      20470,7673
15:12:13.876   7390,074      19906,7952
15:12:14.427   7390,625      19377,7885
15:12:14.974   7391,172      18802,4966
15:12:15.501   7391,699      18264,8015
15:12:16.058   7392,256      17650,3721
15:12:16.632   7392,830      17106,3029
15:12:17.201   7393,399      16577,2486
15:12:17.735   7393,933      16073,7005
15:12:18.281   7394,479      15537,3363
15:12:18.823   7395,021      15082,5599
15:12:19.378   7395,576      14572,5445
15:12:19.922   7396,120      14095,8730
15:12:20.488   7396,686      13669,3430
15:12:21.065   7397,263      13156,1933
15:12:21.660   7397,858      12771,6381
15:12:22.188   7398,386      12562,2072
15:12:22.717   7398,915      12578,7790
15:12:23.269   7399,467      12660,0845
15:12:23.823   7400,021      12896,5031
15:12:24.378   7400,576      13178,6452
15:12:24.966   7401,164      13542,3643
15:12:25.519   7401,717      13859,5308
15:12:26.067   7402,265      14267,7764
15:12:26.608   7402,806      14706,4185
15:12:27.162   7403,360      15175,0865
15:12:27.682   7403,880      15584,0604
15:12:28.259   7404,457      16137,5489
15:12:28.828   7405,026      16644,1005
15:12:29.398   7405,596      17169,6463
15:12:29.980   7406,178      17745,6565
15:12:30.516   7406,714      18278,9179
15:12:31.057   7407,255      18869,1891
15:12:31.574   7407,772      19377,4457
15:12:32.087   7408,285      19957,0836
15:12:32.632   7408,830      20537,6111
15:12:33.190   7409,388      21125,4181
15:12:33.778   7409,976      21748,7992
15:12:34.317   7410,515      22347,9522
15:12:34.830   7411,028      22850,2015
15:12:35.373   7411,571      23511,6682
15:12:35.888   7412,086      24049,9045
15:12:36.451   7412,649      24625,2685
15:12:36.990   7413,188      25180,6338
15:12:37.556   7413,754      25679,4973
15:12:38.106   7414,304      26294,9421
15:12:38.646   7414,844      26832,5230
15:12:39.187   7415,385      27351,3182
15:12:39.693   7415,891      27805,8883
15:12:40.243   7416,441      28314,4738
15:12:40.820   7417,018      28785,1187
15:12:41.354   7417,552      29289,3569
15:12:41.892   7418,090      29684,6202
15:12:42.440   7418,638      30150,1802
15:12:43.022   7419,220      30613,9646
15:12:43.560   7419,758      30895,1210
15:12:44.115   7420,313      31400,6537
15:12:44.703   7420,901      31742,2121
15:12:45.274   7421,472      32071,8575
15:12:45.801   7421,999      32461,3873
15:12:46.348   7422,546      32707,5492
15:12:46.898   7423,096      33035,0183
15:12:47.514   7423,712      33349,2838
15:12:48.030   7424,228      33647,9287
15:12:48.583   7424,781      33904,7917
15:12:49.140   7425,338      34128,6668
15:12:49.738   7425,936      34380,8153
15:12:50.297   7426,495      34649,6773
15:12:50.867   7427,065      34887,2736
15:12:51.474   7427,672      35117,8722
15:12:52.013   7428,211      35294,8432
15:12:52.583   7428,781      35513,4246
15:12:53.162   7429,360      35753,1349
15:12:53.705   7429,903      35840,5782
15:12:54.253   7430,451      36022,4238
15:12:54.805   7431,003      36226,5115
15:12:55.376   7431,574      36337,2102
15:12:55.919   7432,117      36475,1788
15:12:56.496   7432,694      36558,7440
15:12:57.075   7433,273      36680,7690
15:12:57.614   7433,812      36826,0770
15:12:58.168   7434,366      36862,2220
15:12:58.748   7434,946      37027,0866
15:12:59.286   7435,484      37114,8468
15:12:59.815   7436,013      37198,3187
15:13:00.389   7436,587      37241,5750
15:13:00.924   7437,122      37323,6807
15:13:01.528   7437,726      37369,4902
15:13:02.074   7438,272      37415,6777
15:13:02.647   7438,845      37470,0977
15:13:03.187   7439,385      37532,6124
15:13:03.734   7439,932      37566,1693
15:13:04.284   7440,482      37591,7218
15:13:04.841   7441,039      37629,0790
15:13:05.393   7441,591      37622,1043
15:13:05.946   7442,144      37647,4373
15:13:06.483   7442,681      37643,4100
15:13:07.058   7443,256      37709,0728
15:13:07.561   7443,759      37703,3354
15:13:08.120   7444,318      37685,1799
15:13:08.681   7444,879      37724,2805
15:13:09.240   7445,438      37777,3014
15:13:09.748   7445,946      37769,7204
15:13:10.319   7446,517      37753,6103
15:13:10.856   7447,054      37835,9025
15:13:11.491   7447,689      37747,4771
15:13:12.041   7448,239      37833,9376
15:13:12.572   7448,770      37798,7505
15:13:13.118   7449,316      37806,8197
15:13:13.668   7449,866      37861,4397
15:13:14.250   7450,448      37816,5674
15:13:14.784   7450,982      37787,6512
15:13:15.334   7451,532      37807,8309
15:13:15.882   7452,080      37851,5121
15:13:16.426   7452,624      37868,5779
15:13:16.967   7453,165      37939,2068
15:13:17.553   7453,751      37839,7048
15:13:18.105   7454,303      37926,6116
15:13:18.692   7454,890      37885,6029
15:13:19.226   7455,424      37963,0998
15:13:19.752   7455,950      37932,9329
15:13:20.290   7456,488      37926,3097
15:13:20.849   7457,047      37926,1688
15:13:21.398   7457,596      37989,0107
15:13:21.936   7458,134      37905,9758
15:13:22.500   7458,698      37905,4185
15:13:23.062   7459,260      37945,0442
15:13:23.569   7459,767      37894,4485
15:13:24.131   7460,329      37946,7379
15:13:24.696   7460,894      37974,0679
15:13:25.267   7461,465      37956,8831
15:13:25.781   7461,979      37921,6023
15:13:26.331   7462,529      37983,2509
15:13:26.914   7463,112      37963,4752
15:13:27.535   7463,733      37985,2440
15:13:28.137   7464,335      37960,4926
15:13:28.672   7464,870      37954,8914
15:13:29.228   7465,426      37965,6207
15:13:29.741   7465,939      38010,5514
15:13:30.288   7466,486      38078,6979
15:13:30.830   7467,028      37999,1312
15:13:31.361   7467,559      37975,0277
15:13:31.953   7468,151      38042,2237
15:13:32.482   7468,680      37944,0472
15:13:33.029   7469,227      37963,8706
15:13:33.539   7469,737      38008,2762
15:13:34.093   7470,291      38014,6222
15:13:34.662   7470,860      37976,8806
15:13:35.217   7471,415      37963,2961
15:13:35.723   7471,921      37943,7862
15:13:36.280   7472,478      37975,7689
15:13:36.829   7473,027      37969,0855
15:13:37.396   7473,594      37983,2151
15:13:37.905   7474,103      37959,2744
15:13:38.486   7474,684      37991,4054
15:13:39.045   7475,243      38010,9011
15:13:39.561   7475,759      38068,0017
15:13:40.105   7476,303      38015,9817
15:13:40.669   7476,867      38034,2476
15:13:41.242   7477,440      38047,7620
15:13:41.744   7477,942      37987,4442
15:13:42.331   7478,529      38012,7680
15:13:42.879   7479,077      38031,1623
15:13:43.462   7479,660      37980,0120
15:13:44.009   7480,207      38001,7932
15:13:44.599   7480,797      38001,6376
15:13:45.135   7481,333      37984,9458
15:13:45.661   7481,859      38050,6185
15:13:46.196   7482,394      37998,3456
15:13:46.738   7482,936      38010,1120
15:13:47.288   7483,486      38008,8277
15:13:47.803   7484,001      37986,9925
15:13:48.394   7484,592      38028,2211
15:13:48.933   7485,131      38035,9800
15:13:49.557   7485,755      38077,4895
15:13:50.102   7486,300      38058,0698
15:13:50.669   7486,867      38021,9194
15:13:51.203   7487,401      38005,1037
15:13:51.728   7487,926      38032,8211
15:13:52.259   7488,457      38054,1554
15:13:52.837   7489,035      37985,9368
15:13:53.370   7489,568      38018,9862
15:13:53.889   7490,087      38010,8310
15:13:54.443   7490,641      38053,4098
15:13:54.993   7491,191      38056,2924
15:13:55.501   7491,699      38073,6007
15:13:56.044   7492,242      38030,0671
15:13:56.603   7492,801      38023,1178
15:13:57.137   7493,335      38065,5857
15:13:57.692   7493,890      38072,3485
15:13:58.233   7494,431      38083,3987
15:13:58.805   7495,003      38061,4668
15:13:59.380   7495,578      38072,5339
15:13:59.902   7496,100      38072,1658
15:14:00.456   7496,654      38087,5248
15:14:00.996   7497,194      38104,9603
15:14:01.511   7497,709      38108,4882
15:14:02.110   7498,308      38091,5507
15:14:02.700   7498,898      38079,3772
15:14:03.222   7499,420      38061,6177
15:14:03.762   7499,960      38079,7081
15:14:04.296   7500,494      38038,9567
15:14:04.859   7501,057      38065,6690
15:14:05.482   7501,680      38124,9116
15:14:06.027   7502,225      38111,9901
15:14:06.595   7502,793      38123,1135
15:14:07.129   7503,327      38092,8267
15:14:07.672   7503,870      38122,2059
15:14:08.214   7504,412      38096,4991
15:14:08.827   7505,025      38090,4713
15:14:09.365   7505,563      38063,6793
15:14:09.881   7506,079      38068,3795
15:14:10.446   7506,644      38037,7826
15:14:11.012   7507,210      38085,2937
15:14:11.532   7507,730      38069,3911
15:14:12.083   7508,281      38029,9817
15:14:12.594   7508,792      37995,0524
15:14:13.134   7509,332      37966,0652
15:14:13.676   7509,874      37976,3999
15:14:14.235   7510,433      37971,2154
15:14:14.782   7510,980      37926,0926
15:14:15.323   7511,521      37860,0205
15:14:15.845   7512,043      37824,8103
15:14:16.415   7512,613      37750,5755
15:14:16.985   7513,183      37564,6603
15:14:17.516   7513,714      37494,4877
15:14:18.079   7514,277      37316,0496
15:14:18.638   7514,836      37150,3926
15:14:19.218   7515,416      37002,1254
15:14:19.749   7515,947      36776,7509
15:14:20.279   7516,477      36560,8282
15:14:20.822   7517,020      36341,4081
15:14:21.372   7517,570      36075,0505
15:14:21.903   7518,101      35975,3239
15:14:22.518   7518,716      35745,0317
15:14:23.020   7519,218      35504,7130
15:14:23.520   7519,718      35394,4063
15:14:24.054   7520,252      35141,4056
15:14:24.626   7520,824      34933,2871
15:14:25.194   7521,392      34697,8710
15:14:25.725   7521,923      34574,8694
15:14:26.309   7522,507      34325,9720
15:14:26.849   7523,047      34067,9311
15:14:27.480   7523,678      33802,4295
15:14:28.053   7524,251      33514,3739
15:14:28.595   7524,793      33282,7812
15:14:29.129   7525,327      33007,1890
15:14:29.641   7525,839      32774,0419
15:14:30.192   7526,390      32408,6005
15:14:30.739   7526,937      32107,8485
15:14:31.282   7527,480      31765,9740
15:14:31.806   7528,004      31500,6190
15:14:32.332   7528,530      31110,2356
15:14:32.881   7529,079      30728,9483
15:14:33.497   7529,695      30332,5396
15:14:34.057   7530,255      29892,3430
15:14:34.624   7530,822      29428,1224
15:14:35.188   7531,386      28973,2378
15:14:35.714   7531,912      28522,2650
15:14:36.275   7532,473      27986,3838
15:14:36.830   7533,028      27542,7696
15:14:37.371   7533,569      26996,5868
15:14:37.922   7534,120      26569,1214
15:14:38.461   7534,659      26057,7907
15:14:39.026   7535,224      25417,7186
15:14:39.536   7535,734      25010,3176
15:14:40.074   7536,272      24412,7758
15:14:40.616   7536,814      23902,8363
15:14:41.150   7537,348      23313,5855
15:14:41.684   7537,882      22741,4800
15:14:42.224   7538,422      22182,2125
15:14:42.781   7538,979      21574,4296
15:14:43.316   7539,514      21014,1321
15:14:43.862   7540,060      20419,6202
15:14:44.413   7540,611      19846,2620
15:14:44.951   7541,149      19282,1191
15:14:45.537   7541,735      18717,6268
15:14:46.077   7542,275      18143,2498
15:14:46.620   7542,818      17588,5121
15:14:47.190   7543,388      17021,1484
15:14:47.715   7543,913      16515,1528
15:14:48.260   7544,458      16006,2766
15:14:48.817   7545,015      15504,2959
15:14:49.475   7545,673      14972,0217
15:14:50.027   7546,225      14436,2804
15:14:50.585   7546,783      13956,3003
15:14:51.172   7547,370      13518,0055
15:14:51.681   7547,879      13099,3799
15:14:52.266   7548,464      12678,4488
15:14:52.814   7549,012      12612,7076
15:14:53.377   7549,575      12679,7279
15:14:53.897   7550,095      12858,6847
15:14:54.448   7550,646      13099,5401
15:14:54.996   7551,194      13411,2678
15:14:55.504   7551,702      13651,8122
15:14:56.069   7552,267      14083,4384
15:14:56.640   7552,838      14494,9289
15:14:57.234   7553,432      14954,2100
15:14:57.775   7553,973      15422,4275
15:14:58.323   7554,521      15885,9891
15:14:58.869   7555,067      16349,5791
15:14:59.532   7555,730      16866,4440
15:15:00.055   7556,253      17503,0730
15:15:00.555   7556,753      18015,2034
15:15:01.091   7557,289      18531,2181
15:15:01.661   7557,859      19186,0404
15:15:02.190   7558,388      19733,0796
15:15:02.771   7558,969      20301,6289
15:15:03.320   7559,518      20919,6744
15:15:03.839   7560,037      21418,8604
15:15:04.386   7560,584      22101,6098
15:15:04.950   7561,148      22657,9926
15:15:05.472   7561,670      23186,9688
15:15:06.048   7562,246      23807,1604
15:15:06.611   7562,809      24409,7223
15:15:07.172   7563,370      25019,6601
15:15:07.694   7563,892      25512,3423
15:15:08.221   7564,419      26020,2930
15:15:08.792   7564,990      26587,4744
15:15:09.294   7565,492      27085,5025
15:15:09.797   7565,995      27521,5829
15:15:10.355   7566,553      28093,0408
15:15:10.914   7567,112      28556,3824
15:15:11.538   7567,736      29073,7628
15:15:12.111   7568,309      29581,1598
15:15:12.665   7568,863      30078,4500
15:15:13.216   7569,414      30460,4980
15:15:13.748   7569,946      30824,4368
15:15:14.280   7570,478      31246,8091
15:15:14.814   7571,012      31565,8475
15:15:15.352   7571,550      31918,1464
15:15:15.905   7572,103      32235,3542
15:15:16.412   7572,610      32521,1718
15:15:16.956   7573,154      32827,3629
15:15:17.479   7573,677      33131,0664
15:15:18.036   7574,234      33445,6650
15:15:18.602   7574,800      33753,2530
15:15:19.160   7575,358      34001,1602
15:15:19.742   7575,940      34279,7803
15:15:20.280   7576,478      34437,8460
15:15:20.814   7577,012      34765,1910
15:15:21.368   7577,566      34981,6260
15:15:21.885   7578,083      35135,7353
15:15:22.416   7578,614      35373,3278
15:15:22.975   7579,173      35519,8248
15:15:23.509   7579,707      35716,9318
15:15:24.048   7580,246      35912,1727
15:15:24.605   7580,803      36028,5023
15:15:25.138   7581,336      36225,0203
15:15:25.660   7581,858      36373,7104
15:15:26.212   7582,410      36444,7665
15:15:26.768   7582,966      36590,2440
15:15:27.326   7583,524      36704,8140
15:15:27.840   7584,038      36795,8949
15:15:28.418   7584,616      36898,7655
15:15:28.950   7585,148      37007,8352
15:15:29.459   7585,657      37104,9650
15:15:30.004   7586,202      37212,6204
15:15:30.550   7586,748      37263,4809
15:15:31.112   7587,310      37335,5465
15:15:31.622   7587,820      37394,1158
15:15:32.170   7588,368      37383,5090
15:15:32.709   7588,907      37457,8955
15:15:33.247   7589,445      37516,3881
15:15:33.760   7589,958      37529,6443
15:15:34.305   7590,503      37616,1414
15:15:34.861   7591,059      37577,3282
15:15:35.468   7591,666      37657,5097
15:15:36.008   7592,206      37682,4704
15:15:36.578   7592,776      37727,9687
15:15:37.114   7593,312      37724,3412
15:15:37.617   7593,815      37746,3124
15:15:38.166   7594,364      37748,7290
15:15:38.711   7594,909      37749,2575
15:15:39.261   7595,459      37740,0941
15:15:39.797   7595,995      37769,8793
15:15:40.354   7596,552      37772,0771
15:15:40.920   7597,118      37793,0126
15:15:41.538   7597,736      37793,7664
15:15:42.074   7598,272      37771,5053
15:15:42.630   7598,828      37781,0500
15:15:43.203   7599,401      37801,8662
15:15:43.719   7599,917      37821,1751
15:15:44.252   7600,450      37846,9535
15:15:44.800   7600,998      37836,8569
15:15:45.364   7601,562      37808,6029
15:15:45.879   7602,077      37835,9006
15:15:46.417   7602,615      37854,9844
15:15:46.957   7603,155      37835,2345
15:15:47.472   7603,670      37856,3799
15:15:48.035   7604,233      37828,3242
15:15:48.539   7604,737      37845,1241
15:15:49.105   7605,303      37801,3426
15:15:49.656   7605,854      37880,6888
15:15:50.207   7606,405      37867,8476
15:15:50.746   7606,944      37858,8799
15:15:51.301   7607,499      37816,3540
15:15:51.843   7608,041      37872,4385
15:15:52.417   7608,615      37862,9087
15:15:52.951   7609,149      37872,7880
15:15:53.549   7609,747      37860,2994
15:15:54.075   7610,273      37891,4857
15:15:54.662   7610,860      37870,6422
15:15:55.252   7611,450      37836,3496
15:15:55.756   7611,954      37886,8459
15:15:56.300   7612,498      37859,8983
15:15:56.856   7613,054      37899,1315
15:15:57.385   7613,583      37825,2871
15:15:57.901   7614,099      37872,3091
15:15:58.452   7614,650      37929,1122
15:15:59.029   7615,227      37893,7511
15:15:59.616   7615,814      37888,5129
15:16:00.185   7616,383      37887,0354
15:16:00.726   7616,924      37924,2869
15:16:01.302   7617,500      37924,3169
15:16:01.836   7618,034      37877,8449
15:16:02.374   7618,572      37852,7747
15:16:02.944   7619,142      37920,3021
15:16:03.516   7619,714      37935,8571
15:16:04.063   7620,261      37912,8391
15:16:04.598   7620,796      37948,6765
15:16:05.147   7621,345      37920,2202
15:16:05.660   7621,858      37899,6448
15:16:06.195   7622,393      37888,8850
15:16:06.750   7622,948      37926,3095
15:16:07.292   7623,490      37955,3685
15:16:07.802   7624,000      37957,8102
15:16:08.366   7624,564      37975,4667
15:16:08.936   7625,134      37984,5124
15:16:09.522   7625,720      37993,2716
15:16:10.093   7626,291      37948,0105
15:16:10.687   7626,885      37953,5650
15:16:11.213   7627,411      37963,4558
15:16:11.720   7627,918      37970,1872
15:16:12.256   7628,454      37935,4960
15:16:12.797   7628,995      37960,0502
15:16:13.354   7629,552      37991,3344
15:16:13.891   7630,089      37943,9497
15:16:14.458   7630,656      38009,2305
15:16:15.028   7631,226      38053,1920
15:16:15.560   7631,758      37941,4745
15:16:16.126   7632,324      38028,9041
15:16:16.687   7632,885      38003,5978
15:16:17.244   7633,442      38012,1040
15:16:17.777   7633,975      38009,6365
15:16:18.317   7634,515      38037,5794
15:16:18.867   7635,065      37994,0707
15:16:19.479   7635,677      38017,4142
15:16:20.057   7636,255      38017,4342
15:16:20.606   7636,804      38011,8440
15:16:21.164   7637,362      38001,7997
15:16:21.744   7637,942      38039,9515
15:16:22.306   7638,504      38045,9216
15:16:22.866   7639,064      38045,0389
15:16:23.460   7639,658      37991,4935
15:16:24.001   7640,199      37995,7189
15:16:24.537   7640,735      38027,4645
15:16:25.087   7641,285      38059,8535
15:16:25.655   7641,853      38014,8295
15:16:26.207   7642,405      38049,3835
15:16:26.768   7642,966      38070,9002
15:16:27.321   7643,519      38058,1053
15:16:27.826   7644,024      38088,2299
15:16:28.407   7644,605      38039,5507
15:16:29.001   7645,199      38056,6329
15:16:29.522   7645,720      38082,0621
15:16:30.092   7646,290      38044,3159
15:16:30.687   7646,885      38026,8727
15:16:31.243   7647,441      38115,1084
15:16:31.783   7647,981      38019,0982
15:16:32.328   7648,526      38085,1925
15:16:32.872   7649,070      38036,8204
15:16:33.478   7649,676      38075,1077
15:16:34.031   7650,229      38075,8739
15:16:34.577   7650,775      38088,8171
15:16:35.119   7651,317      38089,4217
15:16:35.631   7651,829      38044,0011
15:16:36.168   7652,366      38130,9063
15:16:36.798   7652,996      38050,0598
15:16:37.372   7653,570      38099,4610
15:16:37.899   7654,097      38087,2887
15:16:38.465   7654,663      38100,3844
15:16:39.004   7655,202      38035,1569
15:16:39.517   7655,715      38071,3306
15:16:40.072   7656,270      38047,9162
15:16:40.629   7656,827      38013,3683
15:16:41.183   7657,381      38035,4658
15:16:41.739   7657,937      38009,0891
15:16:42.297   7658,495      38082,6903
15:16:42.844   7659,042      38029,2875
15:16:43.394   7659,592      38041,7622
15:16:43.917   7660,115      38000,8547
15:16:44.462   7660,660      37946,5769
15:16:45.021   7661,219      37941,6113
15:16:45.545   7661,743      37909,4648
15:16:46.051   7662,249      37804,3852
15:16:46.620   7662,818      37724,5413
15:16:47.179   7663,377      37604,6399
15:16:47.695   7663,893      37420,3628
15:16:48.260   7664,458      37322,0814
15:16:48.847   7665,045      37138,7293
15:16:49.465   7665,663      37011,0475
15:16:50.039   7666,237      36745,4785
15:16:50.617   7666,815      36491,5603
15:16:51.150   7667,348      36289,6144
15:16:51.657   7667,855      36141,3942
15:16:52.202   7668,400      35926,0797
15:16:52.767   7668,965      35761,9345
15:16:53.276   7669,474      35621,1141
15:16:53.843   7670,041      35324,7838
15:16:54.390   7670,588      35167,5038
15:16:54.963   7671,161      34943,7241
15:16:55.496   7671,694      34793,1255
15:16:56.053   7672,251      34463,7735
15:16:56.584   7672,782      34282,8280
15:16:57.132   7673,330      34099,2613
15:16:57.646   7673,844      33836,5958
15:16:58.237   7674,435      33593,5384
15:16:58.784   7674,982      33371,3511
15:16:59.346   7675,544      33038,2695
15:16:59.890   7676,088      32790,9255
15:17:00.454   7676,652      32458,9444
15:17:00.992   7677,190      32162,7452
15:17:01.566   7677,764      31782,2323
15:17:02.099   7678,297      31462,2601
15:17:02.658   7678,856      31061,7957
15:17:03.212   7679,410      30707,5767
15:17:03.752   7679,950      30341,5573
15:17:04.284   7680,482      29888,8240
15:17:04.864   7681,062      29452,0287
15:17:05.371   7681,569      29060,6619
15:17:05.885   7682,083      28581,7159
15:17:06.441   7682,639      28177,9055
15:17:06.992   7683,190      27688,4114
15:17:07.524   7683,722      27278,6474
15:17:08.077   7684,275      26674,1657
15:17:08.641   7684,839      26165,0203
15:17:09.207   7685,405      25627,4017
15:17:09.741   7685,939      25099,4016
15:17:10.314   7686,512      24577,2434
15:17:10.851   7687,049      23949,1737
15:17:11.465   7687,663      23398,1193
15:17:12.018   7688,216      22762,4267
15:17:12.546   7688,744      22207,6568
15:17:13.122   7689,320      21624,1026
15:17:13.634   7689,832      21052,2320
15:17:14.180   7690,378      20474,2494
15:17:14.711   7690,909      19900,8660
15:17:15.254   7691,452      19363,1820
15:17:15.788   7691,986      18775,1093
15:17:16.411   7692,609      18159,7365
15:17:16.962   7693,160      17579,2571
15:17:17.483   7693,681      17154,4776
15:17:18.044   7694,242      16562,8804
15:17:18.586   7694,784      16048,1747
15:17:19.123   7695,321      15561,9591
15:17:19.644   7695,842      15161,5354
15:17:20.219   7696,417      14545,4980
15:17:20.765   7696,963      14115,5297
15:17:21.319   7697,517      13669,1688
15:17:21.835   7698,033      13277,5982
15:17:22.373   7698,571      12857,4913
15:17:22.923   7699,121      12599,6585
15:17:23.541   7699,739      12623,9687
15:17:24.117   7700,315      12741,2427
15:17:24.648   7700,846      12999,7847
15:17:25.232   7701,430      13334,5217
15:17:25.760   7701,958      13573,3362
15:17:26.281   7702,479      13968,4106
15:17:26.862   7703,060      14385,0695
15:17:27.400   7703,598      14782,2753
15:17:27.933   7704,131      15183,7258
15:17:28.465   7704,663      15646,3784
15:17:29.017   7705,215      16168,5793
15:17:29.620   7705,818      16722,3109
15:17:30.130   7706,328      17191,8278
15:17:30.663   7706,861      17706,1422
15:17:31.226   7707,424      18296,6501
15:17:31.730   7707,928      18801,4765
15:17:32.260   7708,458      19369,1571
15:17:32.867   7709,065      19973,8887
15:17:33.482   7709,680      20571,7106
15:17:34.051   7710,249      21255,9773
15:17:34.624   7710,822      21881,2376
15:17:35.163   7711,361      22434,1290
15:17:35.709   7711,907      23058,9403
15:17:36.257   7712,455      23557,3611
15:17:36.807   7713,005      24229,5533
15:17:37.374   7713,572      24804,5993
15:17:37.880   7714,078      25332,1444
15:17:38.417   7714,615      25834,9383
15:17:38.960   7715,158      26338,9190
15:17:39.494   7715,692      26845,2890
15:17:40.030   7716,228      27388,3162
15:17:40.602   7716,800      27914,6180
15:17:41.144   7717,342      28375,3813
15:17:41.684   7717,882      28794,2786
15:17:42.211   7718,409      29281,1170
15:17:42.807   7719,005      29761,4549
15:17:43.357   7719,555      30191,1095
15:17:43.883   7720,081      30583,8796
15:17:44.444   7720,642      30966,1799
15:17:45.028   7721,226      31333,3342
15:17:45.532   7721,730      31726,6240
15:17:46.101   7722,299      32063,4566
15:17:46.608   7722,806      32350,7723
15:17:47.172   7723,370      32648,1570
15:17:47.680   7723,878      32858,7143
15:17:48.181   7724,379      33164,2020
15:17:48.718   7724,916      33446,7818
15:17:49.272   7725,470      33655,8083
15:17:49.793   7725,991      33959,1516
15:17:50.343   7726,541      34235,0582
15:17:50.843   7727,041      34413,5796
15:17:51.390   7727,588      34586,4484
15:17:51.910   7728,108      34815,4992
15:17:52.460   7728,658      35048,8283
15:17:53.007   7729,205      35299,4441
15:17:53.592   7729,790      35490,1792
15:17:54.159   7730,357      35614,9234
15:17:54.689   7730,887      35815,3246
15:17:55.244   7731,442      35935,8528
15:17:55.766   7731,964      36132,6153
15:17:56.309   7732,507      36206,5249
15:17:56.842   7733,040      36431,2127
15:17:57.397   7733,595      36527,1538
15:17:57.918   7734,116      36614,8806
15:17:58.490   7734,688      36688,3702
15:17:59.017   7735,215      36839,3759
15:17:59.618   7735,816      36892,9738
15:18:00.160   7736,358      37017,6334
15:18:00.726   7736,924      37127,4830
15:18:01.290   7737,488      37165,3288
15:18:01.808   7738,006      37257,6423
15:18:02.373   7738,571      37298,6098
15:18:02.933   7739,131      37355,8878
15:18:03.522   7739,720      37385,8862
15:18:04.059   7740,257      37458,6236
15:18:04.600   7740,798      37453,3162
15:18:05.145   7741,343      37509,1561
15:18:05.662   7741,860      37497,5360
15:18:06.168   7742,366      37528,2638
15:18:06.725   7742,923      37529,4668
15:18:07.291   7743,489      37559,7078
15:18:07.844   7744,042      37585,8896
15:18:08.459   7744,657      37600,4221
15:18:09.007   7745,205      37634,7438
15:18:09.508   7745,706      37580,5923
15:18:10.048   7746,246      37671,2624
15:18:10.595   7746,793      37637,4331
15:18:11.139   7747,337      37653,5899
15:18:11.640   7747,838      37625,2559
15:18:12.191   7748,389      37712,5183
15:18:12.740   7748,938      37688,0364
15:18:13.299   7749,497      37682,5499
15:18:13.816   7750,014      37672,0383
15:18:14.363   7750,561      37650,7812
15:18:14.931   7751,129      37700,3192
15:18:15.528   7751,726      37677,8916
15:18:16.089   7752,287      37695,2114
15:18:16.686   7752,884      37704,3208
15:18:17.220   7753,418      37658,7758
15:18:17.758   7753,956      37693,0013
15:18:18.264   7754,462      37687,9206
15:18:18.819   7755,017      37755,8151
15:18:19.358   7755,556      37718,2053
15:18:19.926   7756,124      37741,8352
15:18:20.499   7756,697      37724,4590
15:18:21.051   7757,249      37758,5784
15:18:21.608   7757,806      37762,3042
15:18:22.149   7758,347      37757,3511
15:18:22.689   7758,887      37713,8081
15:18:23.228   7759,426      37764,6189
15:18:23.786   7759,984      37718,2428
15:18:24.362   7760,560      37742,2884
15:18:24.931   7761,129      37748,7306
15:18:25.467   7761,665      37754,0873
15:18:26.019   7762,217      37714,7096
15:18:26.593   7762,791      37796,2602
15:18:27.137   7763,335      37756,3307
15:18:27.640   7763,838      37769,3074
15:18:28.174   7764,372      37833,0638
15:18:28.735   7764,933      37823,3789
15:18:29.264   7765,462      37727,0957
15:18:29.776   7765,974      37807,5628
15:18:30.352   7766,550      37800,2782
15:18:30.911   7767,109      37825,8816
15:18:31.540   7767,738      37772,2140
15:18:32.095   7768,293      37821,6052
15:18:32.644   7768,842      37784,9910
15:18:33.239   7769,437      37808,5478
15:18:33.762   7769,960      37810,7562
15:18:34.332   7770,530      37794,0664
15:18:34.880   7771,078      37827,7003
15:18:35.498   7771,696      37770,0867
15:18:36.057   7772,255      37830,8982
15:18:36.628   7772,826      37778,3792
15:18:37.173   7773,371      37856,2161
15:18:37.695   7773,893      37823,2025
15:18:38.228   7774,426      37823,7411
15:18:38.790   7774,988      37824,2229
15:18:39.323   7775,521      37817,2228
15:18:39.855   7776,053      37771,2582
15:18:40.389   7776,587      37864,9655
15:18:40.927   7777,125      37797,2774
15:18:41.518   7777,716      37819,3425
15:18:42.063   7778,261      37767,6036
15:18:42.635   7778,833      37833,0165
15:18:43.201   7779,399      37801,6614
15:18:43.720   7779,918      37786,2766
15:18:44.254   7780,452      37802,1837
15:18:44.812   7781,010      37789,8010
15:18:45.369   7781,567      37800,8553
15:18:45.956   7782,154      37781,9538
15:18:46.491   7782,689      37828,1360
15:18:47.061   7783,259      37786,5249
15:18:47.587   7783,785      37850,1692
15:18:48.125   7784,323      37876,3778
15:18:48.639   7784,837      37836,5008
15:18:49.180   7785,378      37887,9206
15:18:49.682   7785,880      37947,6303
15:18:50.256   7786,454      37843,6892
15:18:50.825   7787,023      37886,7877
15:18:51.370   7787,568      37871,3776
15:18:51.907   7788,105      37798,2022
15:18:52.438   7788,636      37912,4184
15:18:53.016   7789,214      37863,6547
15:18:53.547   7789,745      37849,2460
15:18:54.101   7790,299      37851,9749
15:18:54.648   7790,846      37871,0225
15:18:55.207   7791,405      37876,6266
15:18:55.725   7791,923      37894,7386
15:18:56.256   7792,454      37896,9131
15:18:56.796   7792,994      37872,0850
15:18:57.353   7793,551      37868,6311
15:18:57.870   7794,068      37859,6466
15:18:58.413   7794,611      37844,7443
15:18:58.950   7795,148      37915,1118
15:18:59.481   7795,679      37920,2391
15:19:00.033   7796,231      37976,0884
15:19:00.610   7796,808      37879,0667
15:19:01.172   7797,370      37925,8042
15:19:01.726   7797,924      37918,2164
15:19:02.279   7798,477      37900,0248
15:19:02.816   7799,014      37910,0677
15:19:03.365   7799,563      37920,0051
15:19:03.896   7800,094      37962,7625
15:19:04.450   7800,648      37973,1884
15:19:05.004   7801,202      37962,6560
15:19:05.582   7801,780      37992,0766
15:19:06.121   7802,319      37926,4972
15:19:06.709   7802,907      37945,3842
15:19:07.242   7803,440      37997,9825
15:19:07.765   7803,963      37945,5330
15:19:08.295   7804,493      37922,2410
15:19:08.864   7805,062      37941,7112
15:19:09.477   7805,675      37902,4124
15:19:10.023   7806,221      37958,1932
15:19:10.588   7806,786      37949,0785
15:19:11.118   7807,316      37916,5668
15:19:11.653   7807,851      37915,7697
15:19:12.209   7808,407      37929,2594
15:19:12.774   7808,972      37923,2863
15:19:13.319   7809,517      37927,2662
15:19:13.859   7810,057      37885,0163
15:19:14.405   7810,603      37806,4140
15:19:14.937   7811,135      37812,9222
15:19:15.474   7811,672      37812,5014
15:19:16.010   7812,208      37718,5272
15:19:16.565   7812,763      37651,9842
15:19:17.098   7813,296      37571,2664
15:19:17.648   7813,846      37421,7159
15:19:18.220   7814,418      37304,9299
15:19:18.808   7815,006      37180,6437
15:19:19.473   7815,671      36962,4249
15:19:20.019   7816,217      36725,9201
15:19:20.580   7816,778      36533,3760
15:19:21.120   7817,318      36322,7834
15:19:21.635   7817,833      36108,5576
15:19:22.166   7818,364      35954,9887
15:19:22.710   7818,908      35723,1137
15:19:23.255   7819,453      35558,9181
15:19:23.799   7819,997      35357,3974
15:19:24.350   7820,548      35178,4680
15:19:24.887   7821,085      34970,8342
15:19:25.521   7821,719      34780,5662
15:19:26.073   7822,271      34550,2930
15:19:26.616   7822,814      34332,1965
15:19:27.189   7823,387      34099,5021
15:19:27.707   7823,905      33836,7225
15:19:28.254   7824,452      33665,8991
15:19:28.787   7824,985      33384,8129
15:19:29.343   7825,541      33126,1125
15:19:29.859   7826,057      32855,8652
15:19:30.415   7826,613      32674,1919
15:19:30.973   7827,171      32261,4290
15:19:31.476   7827,674      32017,4815
15:19:32.025   7828,223      31594,9027
15:19:32.553   7828,751      31305,3142
15:19:33.116   7829,314      30926,7837
15:19:33.644   7829,842      30573,9861
15:19:34.198   7830,396      30222,1214
15:19:34.781   7830,979      29778,7243
15:19:35.341   7831,539      29288,9042
15:19:35.903   7832,101      28876,6134
15:19:36.457   7832,655      28382,9481
15:19:36.997   7833,195      27921,2384
15:19:37.534   7833,732      27482,5178
15:19:38.099   7834,297      26932,0892
15:19:38.644   7834,842      26467,4679
15:19:39.183   7835,381      25946,9884
15:19:39.710   7835,908      25404,4212
15:19:40.244   7836,442      24914,2660
15:19:40.782   7836,980      24394,8349
15:19:41.318   7837,516      23842,5295
15:19:41.818   7838,016      23311,2023
15:19:42.389   7838,587      22709,6323
15:19:42.968   7839,166      22154,7384
15:19:43.482   7839,680      21659,2622
15:19:44.041   7840,239      21028,8729
15:19:44.579   7840,777      20460,4594
15:19:45.176   7841,374      19828,2936
15:19:45.681   7841,879      19261,5441
15:19:46.231   7842,429      18683,9298
15:19:46.745   7842,943      18195,9265
15:19:47.283   7843,481      17677,3436
15:19:47.815   7844,013      17125,8526
15:19:48.376   7844,574      16606,2105
15:19:48.926   7845,124      16083,9965
15:19:49.541   7845,739      15570,3587
15:19:50.102   7846,300      15077,4808
15:19:50.647   7846,845      14567,8826
15:19:51.195   7847,393      14085,4043
15:19:51.725   7847,923      13689,4329
15:19:52.266   7848,464      13222,8620
15:19:52.796   7848,994      12816,6358
15:19:53.341   7849,539      12447,4398
15:19:53.880   7850,078      12051,7762
15:19:54.435   7850,633      11676,8476
15:19:54.968   7851,166      11328,9640
15:19:55.485   7851,683      11078,4168
15:19:56.016   7852,214      10679,4192
15:19:56.585   7852,783      10382,5788
15:19:57.126   7853,324      10130,4352
15:19:57.673   7853,871       9852,1077
15:19:58.209   7854,407       9668,1311
15:19:58.754   7854,952       9640,9544
15:19:59.304   7855,502       9653,7789
15:19:59.860   7856,058       9725,3991
15:20:00.423   7856,621       9847,4693
15:20:00.949   7857,147       9989,4036
15:20:01.545   7857,743      10189,4275
15:20:02.127   7858,325      10447,3948
15:20:02.669   7858,867      10657,6003
15:20:03.237   7859,435      10948,0332
15:20:03.772   7859,970      11251,8827
15:20:04.331   7860,529      11553,8714
15:20:04.894   7861,092      11898,9175
15:20:05.505   7861,703      12255,3183
15:20:06.046   7862,244      12666,0357
15:20:06.598   7862,796      13077,8112
15:20:07.147   7863,345      13527,5981
15:20:07.667   7863,865      13962,4538
15:20:08.246   7864,444      14452,9580
15:20:08.850   7865,048      14955,5966
15:20:09.469   7865,667      15526,9966
15:20:10.033   7866,231      16076,8102
15:20:10.574   7866,772      16659,9362
15:20:11.110   7867,308      17233,1268
15:20:11.622   7867,820      17772,7166
15:20:12.163   7868,361      18330,4860
15:20:12.730   7868,928      18965,1573
15:20:13.275   7869,473      19577,6266
15:20:13.824   7870,022      20157,9962
15:20:14.383   7870,581      20821,3142
15:20:14.915   7871,113      21334,4345
15:20:15.516   7871,714      21951,5071
15:20:16.081   7872,279      22610,8219
15:20:16.628   7872,826      23215,6265
15:20:17.170   7873,368      23752,7170
15:20:17.673   7873,871      24271,2547
15:20:18.216   7874,414      24824,0831
15:20:18.812   7875,010      25384,8563
15:20:19.349   7875,547      25949,6547
15:20:19.859   7876,057      26418,0062
15:20:20.404   7876,602      26976,8674
15:20:20.974   7877,172      27437,9828
15:20:21.482   7877,680      27862,7240
15:20:22.033   7878,231      28370,5466
15:20:22.535   7878,733      28768,4567
15:20:23.067   7879,265      29174,4663
15:20:23.589   7879,787      29548,1933
15:20:24.130   7880,328      29939,3483
15:20:24.668   7880,866      30372,5178
15:20:25.233   7881,431      30755,0663
15:20:25.807   7882,005      31059,5661
15:20:26.353   7882,551      31462,5089
15:20:26.889   7883,087      31770,6128
15:20:27.499   7883,697      32137,0765
15:20:28.020   7884,218      32420,0267
15:20:28.574   7884,772      32745,0586
15:20:29.130   7885,328      33043,7615
15:20:29.651   7885,849      33314,7553
15:20:30.194   7886,392      33576,0306
15:20:30.770   7886,968      33856,7838
15:20:31.349   7887,547      34172,2869
15:20:31.868   7888,066      34394,8739
15:20:32.369   7888,567      34570,1709
15:20:32.894   7889,092      34768,0115
15:20:33.521   7889,719      34995,7980
15:20:34.086   7890,284      35249,1115
15:20:34.638   7890,836      35446,5686
15:20:35.198   7891,396      35587,4688
15:20:35.763   7891,961      35804,3263
15:20:36.299   7892,497      35954,3576
15:20:36.850   7893,048      36023,6602
15:20:37.467   7893,665      36172,5822
15:20:38.020   7894,218      36315,1064
15:20:38.580   7894,778      36509,6595
15:20:39.131   7895,329      36571,9324
15:20:39.651   7895,849      36728,6992
15:20:40.182   7896,380      36754,7681
15:20:40.745   7896,943      36846,1036
15:20:41.308   7897,506      36951,0045
15:20:41.853   7898,051      36987,4884
15:20:42.430   7898,628      37049,7243
15:20:42.967   7899,165      37092,8966
15:20:43.472   7899,670      37206,5844
15:20:44.027   7900,225      37136,9774
15:20:44.558   7900,756      37197,5230
15:20:45.126   7901,324      37307,1658
15:20:45.641   7901,839      37261,3987
15:20:46.205   7902,403      37328,7988
15:20:46.750   7902,948      37337,8235
15:20:47.367   7903,565      37398,4129
15:20:47.895   7904,093      37337,6783
15:20:48.428   7904,626      37378,8511
15:20:48.974   7905,172      37456,9195
15:20:49.483   7905,681      37444,1914
15:20:50.019   7906,217      37406,5399
15:20:50.573   7906,771      37433,3347
15:20:51.150   7907,348      37469,3908
15:20:51.679   7907,877      37468,8091
15:20:52.240   7908,438      37514,2004
15:20:52.771   7908,969      37517,5724
15:20:53.347   7909,545      37492,1314
15:20:53.866   7910,064      37483,4203
15:20:54.417   7910,615      37504,5254
15:20:54.958   7911,156      37522,6039
15:20:55.504   7911,702      37549,5141
15:20:56.065   7912,263      37535,4339
15:20:56.617   7912,815      37542,4446
15:20:57.155   7913,353      37560,2932
15:20:57.695   7913,893      37577,8519
15:20:58.291   7914,489      37575,5661
15:20:58.869   7915,067      37618,3332
15:20:59.487   7915,685      37635,4936
15:21:00.022   7916,220      37643,6437
15:21:00.574   7916,772      37626,4583
15:21:01.138   7917,336      37650,0594
15:21:01.700   7917,898      37641,6405
15:21:02.232   7918,430      37656,8539
15:21:02.790   7918,988      37704,4199
15:21:03.341   7919,539      37692,1798
15:21:03.940   7920,138      37690,3246
15:21:04.476   7920,674      37674,6835
15:21:05.013   7921,211      37692,1831
15:21:05.541   7921,739      37655,7366
15:21:06.122   7922,320      37731,3376
15:21:06.694   7922,892      37733,0780
15:21:07.248   7923,446      37669,4502
15:21:07.767   7923,965      37740,2896
15:21:08.332   7924,530      37680,7038
15:21:08.880   7925,078      37704,0606
15:21:09.520   7925,718      37708,5597
15:21:10.090   7926,288      37728,2962
15:21:10.638   7926,836      37721,5280
15:21:11.195   7927,393      37675,5984
15:21:11.733   7927,931      37775,0291
15:21:12.243   7928,441      37760,5826
15:21:12.780   7928,978      37750,5083
15:21:13.323   7929,521      37789,5262
15:21:13.831   7930,029      37789,9642
15:21:14.412   7930,610      37740,9418
15:21:14.962   7931,160      37789,4550
15:21:15.468   7931,666      37775,3102
15:21:16.021   7932,219      37796,6776
15:21:16.576   7932,774      37787,4703
15:21:17.076   7933,274      37816,3977
15:21:17.593   7933,791      37803,3993
15:21:18.131   7934,329      37824,4556
15:21:18.671   7934,869      37837,6524
15:21:19.231   7935,429      37844,7098
15:21:19.751   7935,949      37781,4756
15:21:20.302   7936,500      37878,0133
15:21:20.856   7937,054      37817,1242
15:21:21.492   7937,690      37834,0101
15:21:22.037   7938,235      37865,3281
15:21:22.555   7938,753      37855,5719
15:21:23.130   7939,328      37881,2559
15:21:23.685   7939,883      37846,6504
15:21:24.222   7940,420      37871,6652
15:21:24.758   7940,956      37865,3855
15:21:25.328   7941,526      37803,3682
15:21:25.849   7942,047      37796,1070
15:21:26.376   7942,574      37844,9290
15:21:26.947   7943,145      37800,3563
15:21:27.534   7943,732      37872,3500
15:21:28.072   7944,270      37873,9043
15:21:28.617   7944,815      37831,7331
15:21:29.183   7945,381      37808,6850
15:21:29.686   7945,884      37871,9166
15:21:30.269   7946,467      37856,4256
15:21:30.812   7947,010      37847,6697
15:21:31.379   7947,577      37846,4253
15:21:31.955   7948,153      37826,1737
15:21:32.485   7948,683      37802,7098
15:21:33.056   7949,254      37866,8401
15:21:33.575   7949,773      37834,5958
15:21:34.116   7950,314      37879,1073
15:21:34.655   7950,853      37837,3558
15:21:35.206   7951,404      37828,3440
15:21:35.740   7951,938      37825,6406
15:21:36.300   7952,498      37813,2774
15:21:36.897   7953,095      37840,1349
15:21:37.509   7953,707      37825,8381
15:21:38.084   7954,282      37797,8412
15:21:38.628   7954,826      37816,0727
15:21:39.181   7955,379      37833,6305
15:21:39.696   7955,894      37841,3810
15:21:40.196   7956,394      37818,0652
15:21:40.744   7956,942      37810,2264
15:21:41.291   7957,489      37783,1504
15:21:41.876   7958,074      37833,6691
15:21:42.441   7958,639      37806,7164
15:21:43.022   7959,220      37827,3053
15:21:43.527   7959,725      37835,2146
15:21:44.091   7960,289      37837,8497
15:21:44.592   7960,790      37850,0398
15:21:45.152   7961,350      37811,9437
15:21:45.701   7961,899      37829,1299
15:21:46.250   7962,448      37885,0455
15:21:46.808   7963,006      37900,4259
15:21:47.342   7963,540      37939,1479
15:21:47.909   7964,107      37872,3006
15:21:48.484   7964,682      37895,8393
15:21:49.023   7965,221      37911,3700
15:21:49.556   7965,754      37900,7462
15:21:50.113   7966,311      37888,4298
15:21:50.662   7966,860      37867,4391
15:21:51.221   7967,419      37886,6415
15:21:51.775   7967,973      37794,6452
15:21:52.351   7968,549      37817,6727
15:21:52.908   7969,106      37859,1050
15:21:53.522   7969,720      37837,4346
15:21:54.093   7970,291      37808,6599
15:21:54.623   7970,821      37795,8804
15:21:55.154   7971,352      37722,6649
15:21:55.687   7971,885      37734,1169
15:21:56.222   7972,420      37671,9430
15:21:56.789   7972,987      37604,4215
15:21:57.358   7973,556      37509,9129
15:21:57.886   7974,084      37399,9911
15:21:58.445   7974,643      37271,6672
15:21:58.994   7975,192      37086,6825
15:21:59.540   7975,738      36977,2265
15:22:00.091   7976,289      36834,4475
15:22:00.666   7976,864      36579,2226
15:22:01.229   7977,427      36290,2872
15:22:01.817   7978,015      36066,6199
15:22:02.369   7978,567      35913,7292
15:22:02.898   7979,096      35710,4804
15:22:03.491   7979,689      35540,5376
15:22:04.087   7980,285      35306,7414
15:22:04.651   7980,849      35098,8649
15:22:05.188   7981,386      34923,1284
15:22:05.705   7981,903      34752,5772
15:22:06.283   7982,481      34556,2721
15:22:06.862   7983,060      34295,8731
15:22:07.534   7983,732      34091,3893
15:22:08.085   7984,283      33821,4060
15:22:08.648   7984,846      33604,7237
15:22:09.233   7985,431      33360,6455
15:22:09.746   7985,944      33070,3427
15:22:10.335   7986,533      32870,4557
15:22:10.890   7987,088      32579,6322
15:22:11.494   7987,692      32256,1790
15:22:12.056   7988,254      31919,2921
15:22:12.602   7988,800      31532,0014
15:22:13.155   7989,353      31196,1847
15:22:13.695   7989,893      30879,6547
15:22:14.253   7990,451      30464,1092
15:22:14.830   7991,028      30038,6405
15:22:15.516   7991,714      29641,1907
15:22:16.081   7992,279      29076,2022
15:22:16.622   7992,820      28707,0144
15:22:17.200   7993,398      28170,4120
15:22:17.732   7993,930      27715,9969
15:22:18.266   7994,464      27197,8569
15:22:18.822   7995,020      26708,9966
15:22:19.361   7995,559      26226,1793
15:22:19.886   7996,084      25776,2717
15:22:20.440   7996,638      25226,6443
15:22:20.945   7997,143      24758,7397
15:22:21.552   7997,750      24200,5890
15:22:22.083   7998,281      23556,6382
15:22:22.628   7998,826      23025,0988
15:22:23.198   7999,396      22387,1271
15:22:23.711   7999,909      21847,7992
15:22:24.221   8000,419      21361,9128
15:22:24.764   8000,962      20788,8799
15:22:25.306   8001,504      20131,5571
15:22:25.806   8002,004      19584,5435
15:22:26.406   8002,604      19064,4632
15:22:26.944   8003,142      18483,9437
15:22:27.480   8003,678      17971,4966
15:22:28.025   8004,223      17347,6884
15:22:28.561   8004,759      16814,5058
15:22:29.103   8005,301      16323,4818
15:22:29.645   8005,843      15838,8842
15:22:30.210   8006,408      15317,0494
15:22:30.752   8006,950      14813,8591
15:22:31.292   8007,490      14381,6663
15:22:31.798   8007,996      13972,2223
15:22:32.334   8008,532      13537,1042
15:22:32.861   8009,059      13087,6664
15:22:33.369   8009,567      12743,1925
15:22:33.922   8010,120      12313,1193
15:22:34.497   8010,695      11985,6665
15:22:35.072   8011,270      11544,3655
15:22:35.586   8011,784      11236,9463
15:22:36.131   8012,329      10889,8952
15:22:36.674   8012,872      10598,2983
15:22:37.215   8013,413      10309,0424
15:22:37.761   8013,959      10074,4010
15:22:38.302   8014,500       9794,8740
15:22:38.854   8015,052       9690,5307
15:22:39.401   8015,599       9659,7606
15:22:39.988   8016,186       9727,5127
15:22:40.528   8016,726       9845,9210
15:22:41.089   8017,287       9967,7893
15:22:41.618   8017,816      10111,7584
15:22:42.162   8018,360      10348,1343
15:22:42.720   8018,918      10592,3105
15:22:43.295   8019,493      10855,5776
15:22:43.831   8020,029      11112,9945
15:22:44.381   8020,579      11411,5940
15:22:44.948   8021,146      11753,5330
15:22:45.576   8021,774      12097,5677
15:22:46.110   8022,308      12480,8070
15:22:46.653   8022,851      12883,6028
15:22:47.198   8023,396      13306,8803
15:22:47.701   8023,899      13630,7043
15:22:48.250   8024,448      14102,3848
15:22:48.791   8024,989      14622,4343
15:22:49.326   8025,524      15057,9075
15:22:49.884   8026,082      15547,1922
15:22:50.425   8026,623      16136,8841
15:22:50.973   8027,171      16640,2773
15:22:51.516   8027,714      17160,7592
15:22:52.069   8028,267      17783,5980
15:22:52.596   8028,794      18372,0482
15:22:53.129   8029,327      18998,3980
15:22:53.691   8029,889      19554,6283
15:22:54.262   8030,460      20244,4679
15:22:54.798   8030,996      20799,8304
15:22:55.352   8031,550      21357,7001
15:22:55.892   8032,090      21940,8399
15:22:56.429   8032,627      22557,3768
15:22:56.978   8033,176      23126,8013
15:22:57.501   8033,699      23613,1903
15:22:58.065   8034,263      24259,3123
15:22:58.603   8034,801      24819,5802
15:22:59.142   8035,340      25333,0574
15:22:59.658   8035,856      25824,6992
15:23:00.216   8036,414      26361,6853
15:23:00.754   8036,952      26857,0767
15:23:01.328   8037,526      27367,3667
15:23:01.851   8038,049      27871,4671
15:23:02.409   8038,607      28302,1780
15:23:02.984   8039,182      28714,0637
15:23:03.521   8039,719      29113,4760
15:23:04.059   8040,257      29571,7823
15:23:04.620   8040,818      29998,4588
15:23:05.178   8041,376      30371,9191
15:23:05.679   8041,877      30704,9050
15:23:06.253   8042,451      31092,4866
15:23:06.780   8042,978      31417,5715
15:23:07.345   8043,543      31747,4865
15:23:07.858   8044,056      32108,0226
15:23:08.427   8044,625      32430,6036
15:23:08.986   8045,184      32741,6308
15:23:09.495   8045,693      32966,7976
15:23:10.067   8046,265      33296,9223
15:23:10.611   8046,809      33557,7341
15:23:11.164   8047,362      33824,1150
15:23:11.709   8047,907      34057,0606
15:23:12.268   8048,466      34343,5163
15:23:12.809   8049,007      34643,2189
15:23:13.372   8049,570      34813,0438
15:23:13.925   8050,123      35083,6575
15:23:14.490   8050,688      35230,0081
15:23:15.035   8051,233      35420,0225
15:23:15.563   8051,761      35563,9876
15:23:16.110   8052,308      35759,3768
15:23:16.674   8052,872      35933,2506
15:23:17.237   8053,435      36031,9406
15:23:17.769   8053,967      36143,3703
15:23:18.308   8054,506      36338,8799
15:23:18.852   8055,050      36410,5382
15:23:19.506   8055,704      36535,6059
15:23:20.060   8056,258      36685,2999
15:23:20.597   8056,795      36801,8702
15:23:21.148   8057,346      36881,1879
15:23:21.692   8057,890      36975,0301
15:23:22.225   8058,423      37056,8152
15:23:22.790   8058,988      37069,1357
15:23:23.338   8059,536      37113,0148
15:23:23.881   8060,079      37167,4081
15:23:24.457   8060,655      37247,7982
15:23:25.028   8061,226      37283,8252
15:23:25.569   8061,767      37319,4997
15:23:26.116   8062,314      37314,9284
15:23:26.681   8062,879      37359,0238
15:23:27.238   8063,436      37389,4018
15:23:27.756   8063,954      37353,3024
15:23:28.324   8064,522      37397,6721
15:23:28.886   8065,084      37439,8607
15:23:29.550   8065,748      37410,6029
15:23:30.099   8066,297      37492,1320
15:23:30.666   8066,864      37503,8866
15:23:31.200   8067,398      37529,6893
15:23:31.729   8067,927      37470,8292
15:23:32.268   8068,466      37515,9459
15:23:32.820   8069,018      37511,0478
15:23:33.386   8069,584      37538,3463
15:23:33.942   8070,140      37555,5991
15:23:34.492   8070,690      37572,7082
15:23:35.069   8071,267      37555,3331
15:23:35.615   8071,813      37577,2059
15:23:36.215   8072,413      37595,6278
15:23:36.764   8072,962      37579,4661
15:23:37.292   8073,490      37589,3712
15:23:37.836   8074,034      37582,4969
15:23:38.397   8074,595      37617,1728
15:23:38.970   8075,168      37610,0675
15:23:39.479   8075,677      37614,5132
15:23:40.032   8076,230      37643,7767
15:23:40.608   8076,806      37640,9145
15:23:41.163   8077,361      37670,5355
15:23:41.714   8077,912      37589,7381
15:23:42.250   8078,448      37606,1214
15:23:42.801   8078,999      37640,3995
15:23:43.348   8079,546      37680,1558
15:23:43.862   8080,060      37655,5666
15:23:44.414   8080,612      37584,7875
15:23:44.946   8081,144      37637,5950
15:23:45.490   8081,688      37637,9201
15:23:46.050   8082,248      37611,0100
15:23:46.600   8082,798      37675,7013
15:23:47.143   8083,341      37641,9537
15:23:47.680   8083,878      37660,4465
15:23:48.216   8084,414      37639,6043
15:23:48.755   8084,953      37625,2163
15:23:49.316   8085,514      37665,0176
15:23:49.835   8086,033      37629,2391
15:23:50.400   8086,598      37632,8817
15:23:50.951   8087,149      37599,4701
15:23:51.549   8087,747      37679,8670
15:23:52.103   8088,301      37675,4463
15:23:52.677   8088,875      37633,3569
15:23:53.218   8089,416      37657,1683
15:23:53.735   8089,933      37653,2165
15:23:54.322   8090,520      37676,0209
15:23:54.877   8091,075      37636,4245
15:23:55.491   8091,689      37685,3361
15:23:56.059   8092,257      37680,0519
15:23:56.608   8092,806      37687,2787
15:23:57.176   8093,374      37696,8554
15:23:57.720   8093,918      37754,6212
15:23:58.291   8094,489      37728,9029
15:23:58.840   8095,038      37676,6657
15:23:59.383   8095,581      37732,5569
15:23:59.946   8096,144      37701,3939
15:24:00.496   8096,694      37686,0435
15:24:01.063   8097,261      37746,7958
15:24:01.601   8097,799      37721,6439
15:24:02.147   8098,345      37712,5824
15:24:02.716   8098,914      37735,1568
15:24:03.248   8099,446      37694,8120
15:24:03.805   8100,003      37760,9750
15:24:04.362   8100,560      37717,4621
15:24:04.900   8101,098      37773,9443
15:24:05.533   8101,731      37744,9239
15:24:06.072   8102,270      37790,2822
15:24:06.634   8102,832      37733,4710
15:24:07.176   8103,374      37767,6995
15:24:07.724   8103,922      37760,1088
15:24:08.285   8104,483      37825,5276
15:24:08.831   8105,029      37771,9333
15:24:09.391   8105,589      37761,9608
15:24:09.927   8106,125      37823,7044
15:24:10.455   8106,653      37757,6061
15:24:10.989   8107,187      37739,4899
15:24:11.563   8107,761      37776,0206
15:24:12.119   8108,317      37750,9841
15:24:12.654   8108,852      37769,2604
15:24:13.205   8109,403      37775,2640
15:24:13.777   8109,975      37821,9333
15:24:14.342   8110,540      37781,3419
15:24:14.942   8111,140      37825,2070
15:24:15.541   8111,739      37814,7158
15:24:16.089   8112,287      37761,4270
15:24:16.649   8112,847      37840,3402
15:24:17.187   8113,385      37829,5056
15:24:17.705   8113,903      37788,3818
15:24:18.207   8114,405      37786,6846
15:24:18.768   8114,966      37782,1207
15:24:19.293   8115,491      37814,6888
15:24:19.815   8116,013      37846,7756
15:24:20.364   8116,562      37813,3698
15:24:20.918   8117,116      37857,5153
15:24:21.508   8117,706      37802,7680
15:24:22.056   8118,254      37765,9669
15:24:22.616   8118,814      37835,0682
15:24:23.158   8119,356      37767,5490
15:24:23.694   8119,892      37778,5127
15:24:24.261   8120,459      37806,5295
15:24:24.805   8121,003      37727,9396
15:24:25.394   8121,592      37775,6299
15:24:25.914   8122,112      37835,3269
15:24:26.463   8122,661      37788,1132
15:24:26.997   8123,195      37830,8194
15:24:27.567   8123,765      37786,9255
15:24:28.119   8124,317      37823,4606
15:24:28.680   8124,878      37820,8441
15:24:29.220   8125,418      37834,0744
15:24:29.752   8125,950      37762,2350
15:24:30.313   8126,511      37792,9068
15:24:30.880   8127,078      37757,5832
15:24:31.471   8127,669      37768,2765
15:24:32.037   8128,235      37787,0155
15:24:32.592   8128,790      37796,1369
15:24:33.191   8129,389      37773,9713
15:24:33.722   8129,920      37774,2196
15:24:34.279   8130,477      37709,5836
15:24:34.831   8131,029      37695,1567
15:24:35.513   8131,711      37721,2560
15:24:36.062   8132,260      37650,4950
15:24:36.601   8132,799      37622,2188
15:24:37.145   8133,343      37539,6238
15:24:37.798   8133,996      37436,2848
15:24:38.336   8134,534      37415,8629
15:24:38.868   8135,066      37218,3775
15:24:39.397   8135,595      37106,7604
15:24:39.921   8136,119      36909,4596
15:24:40.470   8136,668      36711,1266
15:24:41.018   8137,216      36494,3546
15:24:41.541   8137,739      36338,4896
15:24:42.105   8138,303      36122,6509
15:24:42.657   8138,855      35889,9697
15:24:43.206   8139,404      35741,3180
15:24:43.728   8139,926      35566,0272
15:24:44.284   8140,482      35349,8791
15:24:44.836   8141,034      35239,6317
15:24:45.393   8141,591      35020,6104
15:24:45.909   8142,107      34778,8391
15:24:46.468   8142,666      34599,2042
15:24:47.041   8143,239      34392,9734
15:24:47.601   8143,799      34136,5906
15:24:48.151   8144,349      33910,8056
15:24:48.729   8144,927      33706,8573
15:24:49.261   8145,459      33495,3028
15:24:49.887   8146,085      33162,4074
15:24:50.396   8146,594      32938,0029
15:24:50.940   8147,138      32705,1489
15:24:51.476   8147,674      32424,9652
15:24:52.039   8148,237      32079,6631
15:24:52.596   8148,794      31820,7798
15:24:53.130   8149,328      31429,3044
15:24:53.702   8149,900      31114,6701
15:24:54.248   8150,446      30747,1338
15:24:54.803   8151,001      30355,6403
15:24:55.345   8151,543      30001,7899
15:24:55.845   8152,043      29620,5931
15:24:56.387   8152,585      29205,1390
15:24:56.940   8153,138      28701,1080
15:24:57.545   8153,743      28250,4848
15:24:58.111   8154,309      27707,5800
15:24:58.683   8154,881      27181,1008
15:24:59.229   8155,427      26746,2821
15:24:59.781   8155,979      26222,0387
15:25:00.344   8156,542      25678,5807
15:25:00.925   8157,123      25133,0494
15:25:01.459   8157,657      24621,3677
15:25:02.000   8158,198      24071,0211
15:25:02.554   8158,752      23453,2764
15:25:03.107   8159,305      22953,3738
15:25:03.670   8159,868      22343,2694
15:25:04.213   8160,411      21755,5514
15:25:04.772   8160,970      21164,5461
15:25:05.321   8161,519      20602,8870
15:25:05.902   8162,100      19942,5401
15:25:06.468   8162,666      19324,5398
15:25:07.002   8163,200      18823,7661
15:25:07.533   8163,731      18314,6055
15:25:08.082   8164,280      17721,2947
15:25:08.647   8164,845      17167,5330
15:25:09.204   8165,402      16625,3453
15:25:09.719   8165,917      16148,0570
15:25:10.320   8166,518      15642,9068
15:25:10.886   8167,084      15145,8214
15:25:11.480   8167,678      14642,4096
15:25:12.036   8168,234      14095,4123
15:25:12.589   8168,787      13690,5599
15:25:13.128   8169,326      13257,0896
15:25:13.671   8169,869      12865,1428
15:25:14.249   8170,447      12451,3953
15:25:14.821   8171,019      12063,8713
15:25:15.387   8171,585      11686,2275
15:25:15.899   8172,097      11361,1397
15:25:16.454   8172,652      11030,6006
15:25:16.981   8173,179      10710,4127
15:25:17.493   8173,691      10477,9777
15:25:18.058   8174,256      10193,2165
15:25:18.625   8174,823       9905,4687
15:25:19.203   8175,401       9741,1066
15:25:19.718   8175,916       9745,1745
15:25:20.263   8176,461       9790,6046
15:25:20.837   8177,035       9906,1727
15:25:21.390   8177,588      10030,3165
15:25:21.931   8178,129      10168,4599
15:25:22.464   8178,662      10362,1033
15:25:23.016   8179,214      10598,5732
15:25:23.518   8179,716      10799,8811
15:25:24.092   8180,290      11125,1806
15:25:24.633   8180,831      11389,1065
15:25:25.181   8181,379      11680,9196
15:25:25.740   8181,938      12026,0527
15:25:26.309   8182,507      12384,9083
15:25:26.875   8183,073      12776,8238
15:25:27.480   8183,678      13205,6845
15:25:28.028   8184,226      13623,5901
15:25:28.591   8184,789      14092,3518
15:25:29.142   8185,340      14592,8497
15:25:29.656   8185,854      15049,7168
15:25:30.206   8186,404      15526,7656
15:25:30.749   8186,947      16055,9749
15:25:31.284   8187,482      16532,4243
15:25:31.835   8188,033      17165,7115
15:25:32.405   8188,603      17736,2807
15:25:32.944   8189,142      18299,7043
15:25:33.542   8189,740      18913,5599
15:25:34.114   8190,312      19600,7626
15:25:34.683   8190,881      20215,7838
15:25:35.219   8191,417      20815,3150
15:25:35.768   8191,966      21398,4186
15:25:36.332   8192,530      21975,3566
15:25:36.899   8193,097      22604,0363
15:25:37.492   8193,690      23159,0498
15:25:38.034   8194,232      23804,2827
15:25:38.571   8194,769      24333,5191
15:25:39.116   8195,314      24861,6339
15:25:39.670   8195,868      25431,8369
15:25:40.217   8196,415      25939,6057
15:25:40.805   8197,003      26506,0129
15:25:41.390   8197,588      26992,0412
15:25:41.969   8198,167      27522,0125
15:25:42.540   8198,738      27975,0342
15:25:43.238   8199,436      28420,4565
15:25:43.963   8200,161      29171,4182
15:25:44.633   8200,831      29645,7746
15:25:45.290   8201,488      30123,2807
15:25:45.992   8202,190      30606,1794
15:25:46.693   8202,891      31078,6542
15:25:47.338   8203,536      31455,1270
15:25:48.106   8204,304      31899,6728
15:25:48.759   8204,957      32283,5782
15:25:49.482   8205,680      32634,1519
15:25:50.143   8206,341      33064,6884
15:25:50.790   8206,988      33373,4230
15:25:51.526   8207,724      33680,0934
15:25:52.213   8208,411      34111,7475
15:25:52.859   8209,057      34354,6536
15:25:53.619   8209,817      34670,5291
15:25:54.267   8210,465      34875,0152
15:25:54.920   8211,118      35160,3204
15:25:55.650   8211,848      35357,3474
15:25:56.359   8212,557      35655,2122
15:25:57.037   8213,235      35812,5850
15:25:57.798   8213,996      36000,7613
15:25:58.444   8214,642      36222,8288
15:25:59.007   8215,205      36312,0142
15:25:59.704   8215,902      36517,4226
15:26:00.350   8216,548      36616,5862
15:26:00.948   8217,146      36753,1271
15:26:01.604   8217,802      36768,6629
15:26:02.292   8218,490      36927,7115
15:26:02.939   8219,137      36987,7680
15:26:03.704   8219,902      37112,5319
15:26:04.353   8220,551      37128,5097
15:26:05.059   8221,257      37238,1250
15:26:05.806   8222,004      37246,8594
15:26:06.470   8222,668      37268,6251
15:26:07.157   8223,355      37278,8970
15:26:07.891   8224,089      37352,8635
15:26:08.452   8224,650      37381,5699
15:26:08.966   8225,164      37408,6677
15:26:09.571   8225,769      37436,8463
15:26:10.099   8226,297      37451,1523
15:26:10.692   8226,890      37468,8298
15:26:11.269   8227,467      37454,5525
15:26:11.824   8228,022      37506,3969
15:26:12.384   8228,582      37469,4792
15:26:12.965   8229,163      37533,9671
15:26:13.537   8229,735      37549,2406
15:26:14.125   8230,323      37526,9745
15:26:14.636   8230,834      37509,1187
15:26:15.223   8231,421      37474,2217
15:26:15.798   8231,996      37540,1175
15:26:16.354   8232,552      37583,7520
15:26:16.937   8233,135      37574,7697
15:26:17.485   8233,683      37548,1841
15:26:18.079   8234,277      37580,9537
15:26:18.672   8234,870      37566,4991
15:26:19.265   8235,463      37568,6194
15:26:19.827   8236,025      37623,5690
15:26:20.338   8236,536      37610,4412
15:26:20.907   8237,105      37602,1829
15:26:21.457   8237,655      37632,8535
15:26:22.010   8238,208      37585,7827
15:26:22.608   8238,806      37621,1722
15:26:23.171   8239,369      37626,2594
15:26:23.717   8239,915      37665,8204
15:26:24.288   8240,486      37650,7175
15:26:24.788   8240,986      37640,7972
15:26:25.370   8241,568      37660,5062
15:26:25.911   8242,109      37630,0539
15:26:26.491   8242,689      37651,7176
15:26:27.069   8243,267      37661,5682
15:26:27.584   8243,782      37644,5467
15:26:28.086   8244,284      37712,1632
15:26:28.662   8244,860      37631,0697
15:26:29.245   8245,443      37649,4532
15:26:29.824   8246,022      37632,9566
15:26:30.410   8246,608      37641,5540
15:26:31.003   8247,201      37644,9364
15:26:31.584   8247,782      37651,7937
15:26:32.160   8248,358      37618,4414
15:26:32.716   8248,914      37621,4670
15:26:33.308   8249,506      37671,1689
15:26:33.852   8250,050      37665,6733
15:26:34.411   8250,609      37661,7808
15:26:35.004   8251,202      37638,3308
15:26:35.593   8251,791      37658,6184
15:26:36.171   8252,369      37676,7537
15:26:36.756   8252,954      37660,1454
15:26:37.359   8253,557      37634,9782
15:26:37.888   8254,086      37751,7816
15:26:38.455   8254,653      37740,9950
15:26:39.036   8255,234      37806,0778
15:26:39.573   8255,771      37803,4633
15:26:40.145   8256,343      37765,1090
15:26:40.730   8256,928      37832,9634
15:26:41.320   8257,518      37783,5979
15:26:41.874   8258,072      37762,1563
15:26:42.376   8258,574      37768,1215
15:26:42.956   8259,154      37812,8340
15:26:43.500   8259,698      37803,5224
15:26:44.073   8260,271      37768,9064
15:26:44.677   8260,875      37815,2694
15:26:45.231   8261,429      37781,9485
15:26:45.783   8261,981      37795,4452
15:26:46.367   8262,565      37824,1697
15:26:46.955   8263,153      37852,3750
15:26:47.513   8263,711      37839,1023
15:26:48.020   8264,218      37831,4645
15:26:48.602   8264,800      37851,4335
15:26:49.157   8265,355      37812,7807
15:26:49.704   8265,902      37834,6190
15:26:50.301   8266,499      37888,2523
15:26:50.856   8267,054      37857,1370
15:26:51.528   8267,726      37810,6077
15:26:52.109   8268,307      37788,5699
15:26:52.691   8268,889      37750,0896
15:26:53.286   8269,484      37726,2407
15:26:53.839   8270,037      37744,2065
15:26:54.391   8270,589      37798,0646
15:26:54.892   8271,090      37797,9593
15:26:55.524   8271,722      37822,7839
15:26:56.105   8272,303      37857,5586
15:26:56.691   8272,889      37871,8720
15:26:57.269   8273,467      37854,2321
15:26:57.829   8274,027      37841,3347
15:26:58.432   8274,630      37871,6799
15:26:59.013   8275,211      37851,0954
15:26:59.575   8275,773      37897,9125
15:27:00.144   8276,342      37807,8381
15:27:00.729   8276,927      37843,5014
15:27:01.321   8277,519      37804,0661
15:27:01.845   8278,043      37816,6446
15:27:02.424   8278,622      37856,1932
15:27:03.007   8279,205      37881,1881
15:27:03.588   8279,786      37860,2815
15:27:04.175   8280,373      37864,2763
15:27:04.675   8280,873      37806,7031
15:27:05.251   8281,449      37849,9164
15:27:05.784   8281,982      37824,1016
15:27:06.286   8282,484      37849,9312
15:27:06.866   8283,064      37746,7527
15:27:07.476   8283,674      37851,2212
15:27:08.070   8284,268      37834,8091
15:27:08.659   8284,857      37862,7458
15:27:09.245   8285,443      37799,8383
15:27:09.785   8285,983      37834,3965
15:27:10.362   8286,560      37827,9180
15:27:10.929   8287,127      37849,8915
15:27:11.464   8287,662      37855,0302
15:27:12.026   8288,224      37880,6895
15:27:12.561   8288,759      37850,8530
15:27:13.090   8289,288      37876,4965
15:27:13.615   8289,813      37849,1385
15:27:14.170   8290,368      37887,0935
15:27:14.715   8290,913      37876,0013
15:27:15.263   8291,461      37857,8121
15:27:15.767   8291,965      37811,7963
15:27:16.313   8292,511      37729,1392
15:27:17.041   8293,239      37653,0043
15:27:17.755   8293,953      37519,4770
15:27:18.374   8294,572      37491,0298
15:27:19.047   8295,245      37332,3870
15:27:19.667   8295,865      37166,2088
15:27:20.314   8296,512      36939,5631
15:27:20.846   8297,044      36741,1355
15:27:21.378   8297,576      36499,4283
15:27:22.055   8298,253      36195,9660
15:27:22.737   8298,935      36050,3288
15:27:23.381   8299,579      35805,3731
15:27:24.008   8300,206      35622,5897
15:27:24.623   8300,821      35341,6507
15:27:25.275   8301,473      35175,9033
15:27:25.882   8302,080      34969,5578
15:27:26.545   8302,743      34763,8574
15:27:27.087   8303,285      34585,7345
15:27:27.833   8304,031      34342,1895
15:27:28.493   8304,691      33970,2311
15:27:29.108   8305,306      33742,8174
15:27:29.846   8306,044      33443,8742
15:27:30.495   8306,693      33113,1441
15:27:31.151   8307,349      32794,9881
15:27:31.845   8308,043      32438,6704
15:27:32.490   8308,688      32108,1424
15:27:33.132   8309,330      31728,5303
15:27:33.803   8310,001      31314,1049
15:27:34.472   8310,670      30916,2175
15:27:35.124   8311,322      30438,8361
15:27:35.832   8312,030      29954,9305
15:27:36.480   8312,678      29421,8970
15:27:37.145   8313,343      28896,5125
15:27:37.846   8314,044      28361,8387
15:27:38.493   8314,691      27775,1531
15:27:39.107   8315,305      27220,5214
15:27:39.837   8316,035      26576,7189
15:27:40.452   8316,650      25999,7354
15:27:41.106   8317,304      25414,2230
15:27:41.804   8318,002      24738,5008
15:27:42.454   8318,652      24040,6717
15:27:43.108   8319,306      23420,1123
15:27:43.793   8319,991      22675,9140
15:27:44.491   8320,689      21984,5391
15:27:45.103   8321,301      21270,5102
15:27:45.793   8321,991      20552,0229
15:27:46.427   8322,625      19855,3079
15:27:47.073   8323,271      19208,2072
15:27:47.805   8324,003      18539,8568
15:27:48.453   8324,651      17772,7757
15:27:49.069   8325,267      17207,5183
15:27:49.768   8325,966      16545,2063
15:27:50.411   8326,609      15955,6530
15:27:51.029   8327,227      15409,7232
15:27:51.757   8327,955      14790,2969
15:27:52.380   8328,578      14213,0552
15:27:53.046   8329,244      13692,7393
15:27:53.734   8329,932      13219,6299
15:27:54.353   8330,551      12742,7359
15:27:55.020   8331,218      12247,0874
15:27:55.730   8331,928      11843,0238
15:27:56.377   8332,575      11359,3956
15:27:56.994   8333,192      11013,6377
15:27:57.666   8333,864      10648,6335
15:27:58.322   8334,520      10305,2371
15:27:58.959   8335,157      10002,4160
15:27:59.630   8335,828       9821,6587
15:28:00.253   8336,451       9814,6168
15:28:00.906   8337,104       9881,3813
15:28:01.620   8337,818      10044,1580
15:28:02.250   8338,448      10230,8592
15:28:02.881   8339,079      10457,7798
15:28:03.583   8339,781      10698,7934
15:28:04.234   8340,432      11043,9283
15:28:04.853   8341,051      11400,6765
15:28:05.559   8341,757      11711,2901
15:28:06.211   8342,409      12153,4595
15:28:06.825   8343,023      12590,7623
15:28:07.558   8343,756      13034,4112
15:28:08.211   8344,409      13527,6802
15:28:08.883   8345,081      14099,1230
15:28:09.589   8345,787      14597,5348
15:28:10.238   8346,436      15275,4932
15:28:10.892   8347,090      15904,0787
15:28:11.597   8347,795      16467,5494
15:28:12.270   8348,468      17283,3255
15:28:12.889   8349,087      17901,0333
15:28:13.611   8349,809      18646,4574
15:28:14.262   8350,460      19406,1997
15:28:14.895   8351,093      20061,7274
15:28:15.604   8351,802      20774,1668
15:28:16.263   8352,461      21586,3448
15:28:16.883   8353,081      22260,6799
15:28:17.611   8353,809      22950,0811
15:28:18.234   8354,432      23662,4693
15:28:18.899   8355,097      24379,3868
15:28:19.613   8355,811      24948,5987
15:28:20.288   8356,486      25667,4188
15:28:20.929   8357,127      26328,2022
15:28:21.598   8357,796      26869,5784
15:28:22.267   8358,465      27478,1895
15:28:22.911   8359,109      28071,5902
15:28:23.508   8359,706      28516,5841
15:28:24.165   8360,363      29044,9128
15:28:24.799   8360,997      29587,7092
15:28:25.555   8361,753      30057,1930
15:28:26.178   8362,376      30514,5252
15:28:26.795   8362,993      30926,4113
15:28:27.560   8363,758      31387,2055
15:28:28.181   8364,379      31816,1007
15:28:28.731   8364,929      32099,8255
15:28:29.381   8365,579      32520,1515
15:28:30.125   8366,323      32913,4890
15:28:30.785   8366,983      33263,2355
15:28:31.481   8367,679      33610,1255
15:28:32.106   8368,304      33906,4312
15:28:32.642   8368,840      34194,1245
15:28:33.290   8369,488      34434,0786
15:28:33.889   8370,087      34653,4098
15:28:34.426   8370,624      34968,4711
15:28:35.037   8371,235      35160,7726
15:28:35.740   8371,938      35424,8958
15:28:36.362   8372,560      35686,9550
15:28:37.012   8373,210      35870,8700
15:28:37.688   8373,886      35975,5034
15:28:38.311   8374,509      36236,3701
15:28:38.973   8375,171      36401,2417
15:28:39.677   8375,875      36516,9628
15:28:40.332   8376,530      36693,5119
15:28:41.001   8377,199      36843,2477
15:28:41.732   8377,930      36956,3882
15:28:42.355   8378,553      37051,9105
15:28:43.004   8379,202      37120,2928
15:28:43.729   8379,927      37222,3472
15:28:44.347   8380,545      37314,9254
15:28:45.002   8381,200      37363,1388
15:28:45.719   8381,917      37396,9973
15:28:46.344   8382,542      37480,3760
15:28:46.969   8383,167      37495,2083
15:28:47.676   8383,874      37555,5339
15:28:48.411   8384,609      37552,4679
15:28:49.056   8385,254      37570,9287
15:28:49.768   8385,966      37634,2643
15:28:50.385   8386,583      37628,0413
15:28:51.037   8387,235      37641,0421
15:28:51.747   8387,945      37663,0946
15:28:52.415   8388,613      37728,1542
15:28:52.952   8389,150      37664,7841
15:28:53.623   8389,821      37715,3576
15:28:54.281   8390,479      37704,0588
15:28:54.832   8391,030      37704,6548
15:28:55.397   8391,595      37712,2464
15:28:56.020   8392,218      37694,2204
15:28:56.557   8392,755      37695,5478
15:28:57.105   8393,303      37638,2063
15:28:57.725   8393,923      37792,6182
15:28:58.344   8394,542      37709,7739
15:28:58.884   8395,082      37731,3659
15:28:59.631   8395,829      37751,7898
15:29:00.260   8396,458      37734,9906
15:29:00.915   8397,113      37780,8575
15:29:01.621   8397,819      37746,6686
15:29:02.288   8398,486      37755,0628
15:29:02.896   8399,094      37745,3749
15:29:03.600   8399,798      37765,4011
15:29:04.223   8400,421      37732,8865
15:29:04.850   8401,048      37797,3031
15:29:05.593   8401,791      37799,7052
15:29:06.244   8402,442      37836,7730
15:29:06.782   8402,980      37811,9102
15:29:07.320   8403,518      37803,4920
15:29:08.038   8404,236      37783,0181
15:29:08.688   8404,886      37750,8438
15:29:09.373   8405,571      37740,7060
15:29:10.003   8406,201      37796,4155
15:29:10.602   8406,800      37760,2200
15:29:11.176   8407,374      37820,2466
15:29:11.791   8407,989      37765,9188
15:29:12.367   8408,565      37748,8241
15:29:12.932   8409,130      37735,2197
15:29:13.557   8409,755      37780,6731
15:29:14.258   8410,456      37773,2374
15:29:14.898   8411,096      37782,6464
15:29:15.614   8411,812      37759,8726
15:29:16.256   8412,454      37809,2865
15:29:16.979   8413,177      37764,5045
15:29:17.700   8413,898      37802,5034
15:29:18.261   8414,459      37781,3954
15:29:18.908   8415,106      37814,6661
15:29:19.701   8415,899      37799,3966
15:29:20.339   8416,537      37918,3590
15:29:20.990   8417,188      37889,3798
15:29:21.728   8417,926      37895,6890
15:29:22.371   8418,569      37895,9026
15:29:23.045   8419,243      37850,3743
15:29:23.690   8419,888      37898,3022
15:29:24.354   8420,552      37862,2606
15:29:25.070   8421,268      37853,5184
15:29:25.858   8422,056      37840,8342
15:29:26.515   8422,713      37885,2162
15:29:27.223   8423,421      37894,6116
15:29:27.936   8424,134      37867,2786
15:29:28.643   8424,841      37870,1337
15:29:29.286   8425,484      37893,1632
15:29:29.916   8426,114      37837,8018
15:29:30.629   8426,827      37827,6567
15:29:31.207   8427,405      37856,8777
15:29:31.930   8428,128      37828,8252
15:29:32.633   8428,831      37824,9876
15:29:33.284   8429,482      37801,5591
15:29:33.910   8430,108      37802,8947
15:29:34.477   8430,675      37863,4405
15:29:35.063   8431,261      37847,1531
15:29:35.842   8432,040      37787,3848
15:29:36.573   8432,771      37800,2008
15:29:37.242   8433,440      37822,4713
15:29:37.863   8434,061      37788,6524
15:29:38.512   8434,710      37848,8247
15:29:39.115   8435,313      37812,3345
15:29:39.857   8436,055      37883,1574
15:29:40.441   8436,639      37842,6015
15:29:41.120   8437,318      37830,7328
15:29:41.802   8438,000      37787,7838
15:29:42.509   8438,707      37815,9058
15:29:43.094   8439,292      37801,0058
15:29:43.838   8440,036      37778,6646
15:29:44.538   8440,736      37766,0413
15:29:45.177   8441,375      37819,0500
15:29:45.826   8442,024      37848,2117
15:29:46.468   8442,666      37862,3863
15:29:47.211   8443,409      37884,9156
15:29:48.051   8444,249      37842,3093
15:29:48.733   8444,931      37867,7666
15:29:49.492   8445,690      37875,1078
15:29:50.182   8446,380      37808,3173
15:29:50.763   8446,961      37783,6729
15:29:51.499   8447,697      37832,3540
15:29:52.070   8448,268      37831,9378
15:29:52.786   8448,984      37847,9340
15:29:53.600   8449,798      37828,9348
15:29:54.296   8450,494      37855,1297
15:29:54.972   8451,170      37804,5279
15:29:55.709   8451,907      37757,9606
15:29:56.395   8452,593      37692,1194
15:29:57.088   8453,286      37649,4851
15:29:57.845   8454,043      37503,3892
15:29:58.453   8454,651      37484,6754
15:29:59.136   8455,334      37317,6969
15:29:59.760   8455,958      37163,0144
15:30:00.403   8456,601      36961,8463
15:30:01.082   8457,280      36690,7533
15:30:01.816   8458,014      36422,8516
15:30:02.464   8458,662      36166,3848
15:30:03.178   8459,376      35998,3047
15:30:03.866   8460,064      35704,9731
15:30:04.541   8460,739      35527,8302
15:30:05.153   8461,351      35328,9759
15:30:05.777   8461,975      35099,7468
15:30:06.429   8462,627      34834,6880
15:30:06.995   8463,193      34643,9965
15:30:07.644   8463,842      34432,4129
15:30:08.336   8464,534      34162,0701
15:30:08.941   8465,139      33903,1806
15:30:09.589   8465,787      33701,6583
15:30:10.157   8466,355      33431,3813
15:30:10.721   8466,919      33147,0195
15:30:11.318   8467,516      32858,0232
15:30:12.026   8468,224      32549,5172
15:30:12.586   8468,784      32191,9082
15:30:13.264   8469,462      31856,7848
15:30:13.903   8470,101      31465,0517
15:30:14.624   8470,822      31065,4919
15:30:15.326   8471,524      30560,9150
15:30:15.958   8472,156      30097,1698
15:30:16.551   8472,749      29699,1592
15:30:17.121   8473,319      29254,0308
15:30:17.742   8473,940      28797,2301
15:30:18.393   8474,591      28166,1924
15:30:18.960   8475,158      27738,3478
15:30:19.677   8475,875      27190,7818
15:30:20.499   8476,697      26382,3106
15:30:21.073   8477,271      25868,6894
15:30:21.741   8477,939      25327,8972
15:30:22.428   8478,626      24568,8239
15:30:22.999   8479,197      23994,0018
15:30:23.670   8479,868      23384,6058
15:30:24.319   8480,517      22590,0428
15:30:24.881   8481,079      22029,1114
15:30:25.542   8481,740      21353,0743
15:30:26.074   8482,272      20724,8206
15:30:26.631   8482,829      20106,7451
15:30:27.195   8483,393      19514,0729
15:30:27.831   8484,029      18872,9463
15:30:28.389   8484,587      18323,3938
15:30:29.038   8485,236      17638,2400
15:30:29.804   8486,002      16986,3243
15:30:30.441   8486,639      16323,4869
15:30:31.139   8487,337      15717,3979
15:30:31.868   8488,066      15010,4024
15:30:32.556   8488,754      14463,0925
15:30:33.273   8489,471      13867,1066
15:30:34.000   8490,198      13316,1212
15:30:34.661   8490,859      12819,3895
15:30:35.251   8491,449      12432,6777
15:30:35.883   8492,081      11987,2271
15:30:36.572   8492,770      11558,2549
15:30:37.098   8493,296      11298,1140
15:30:37.732   8493,930      10911,2727
15:30:38.378   8494,576      10515,4743
15:30:38.957   8495,155      10257,1408
15:30:39.620   8495,818      10006,7892
15:30:40.320   8496,518       9844,2717
15:30:40.884   8497,082       9913,0334
15:30:41.659   8497,857      10020,4125
15:30:42.322   8498,520      10152,3422
15:30:42.885   8499,083      10377,2067
15:30:43.496   8499,694      10597,8698
15:30:44.139   8500,337      10882,8153
15:30:44.721   8500,919      11166,4878
15:30:45.289   8501,487      11478,4237
15:30:46.019   8502,217      11871,9826
15:30:46.584   8502,782      12187,5656
15:30:47.263   8503,461      12662,9841
15:30:48.135   8504,333      13279,8218
15:30:48.713   8504,911      13691,9451
15:30:49.283   8505,481      14121,4465
15:30:49.953   8506,151      14705,4928
15:30:50.523   8506,721      15256,4874
15:30:51.098   8507,296      15789,1068
15:30:51.754   8507,952      16310,5010
15:30:52.404   8508,602      17019,1368
15:30:52.987   8509,185      17645,2705
15:30:53.825   8510,023      18459,0736
15:30:54.503   8510,701      19275,1744
15:30:55.088   8511,286      19910,3903
15:30:55.732   8511,930      20572,2506
15:30:56.374   8512,572      21319,5432
15:30:56.949   8513,147      21939,4528
15:30:57.565   8513,763      22498,9363
15:30:58.213   8514,411      23261,2766
15:30:58.884   8515,082      23923,9002
15:30:59.641   8515,839      24629,7581
15:31:00.297   8516,495      25337,1035
15:31:00.893   8517,091      25924,8674
15:31:01.516   8517,714      26403,4152
15:31:02.162   8518,360      27069,5864
15:31:02.722   8518,920      27522,5279
15:31:03.284   8519,482      28005,7580
15:31:03.941   8520,139      28513,3618
15:31:04.623   8520,821      29108,1694
15:31:05.305   8521,503      29561,1868
15:31:05.930   8522,128      30027,1683
15:31:06.578   8522,776      30406,3807
15:31:07.167   8523,365      30813,7725
15:31:07.796   8523,994      31202,2725
15:31:08.309   8524,507      31443,0654
15:31:08.957   8525,155      31944,1928
15:31:09.581   8525,779      32264,9845
15:31:10.371   8526,569      32701,4859
15:31:10.971   8527,169      33022,4642
15:31:11.663   8527,861      33331,0551
15:31:12.354   8528,552      33787,7038
15:31:12.956   8529,154      34050,5173
15:31:13.598   8529,796      34325,5081
15:31:14.165   8530,363      34565,2801
15:31:14.780   8530,978      34808,8241
15:31:15.591   8531,789      35086,0854
15:31:16.319   8532,517      35367,4847
15:31:16.893   8533,091      35544,3527
15:31:17.552   8533,750      35738,3272
15:31:18.205   8534,403      36029,8971
15:31:18.888   8535,086      36092,8624
15:31:19.517   8535,715      36338,4022
15:31:20.172   8536,370      36467,4573
15:31:20.748   8536,946      36561,9556
15:31:21.550   8537,748      36711,5638
15:31:22.156   8538,354      36883,4419
15:31:22.809   8539,007      37012,9127
15:31:23.398   8539,596      37093,3332
15:31:24.026   8540,224      37153,2627
15:31:24.749   8540,947      37251,4361
15:31:25.316   8541,514      37294,3556
15:31:25.967   8542,165      37283,4845
15:31:26.529   8542,727      37348,4137
15:31:27.150   8543,348      37376,5262
15:31:27.769   8543,967      37400,4575
15:31:28.438   8544,636      37438,7662
15:31:29.019   8545,217      37465,0756
15:31:29.662   8545,860      37492,6445
15:31:30.311   8546,509      37507,8366
15:31:30.889   8547,087      37530,6202
15:31:31.506   8547,704      37528,3125
15:31:32.162   8548,360      37541,6793
15:31:32.829   8549,027      37548,5922
15:31:33.561   8549,759      37584,8557
15:31:34.217   8550,415      37606,5814
15:31:34.799   8550,997      37627,2050
15:31:35.367   8551,565      37636,1852
15:31:35.993   8552,191      37639,4832
15:31:36.592   8552,790      37592,9652
15:31:37.155   8553,353      37655,0631
15:31:37.736   8553,934      37668,4220
15:31:38.482   8554,680      37705,7112
15:31:39.051   8555,249      37709,0996
15:31:39.715   8555,913      37682,2323
15:31:40.275   8556,473      37685,4947
15:31:40.837   8557,035      37649,8636
15:31:41.555   8557,753      37675,1419
15:31:42.195   8558,393      37697,3547
15:31:42.797   8558,995      37690,5729
15:31:43.467   8559,665      37690,9285
15:31:44.100   8560,298      37692,5614
15:31:44.658   8560,856      37753,3722
15:31:45.221   8561,419      37735,2389
15:31:45.877   8562,075      37786,6388
15:31:46.435   8562,633      37708,7992
15:31:47.005   8563,203      37764,8549
15:31:47.739   8563,937      37729,1333
15:31:48.382   8564,580      37709,3430
15:31:49.052   8565,250      37712,1487
15:31:49.675   8565,873      37746,8076
15:31:50.323   8566,521      37736,2354
15:31:50.875   8567,073      37732,0547
15:31:51.537   8567,735      37740,2111
15:31:52.247   8568,445      37768,3438
15:31:52.932   8569,130      37780,4725
15:31:53.551   8569,749      37770,6126
15:31:54.124   8570,322      37771,2868
15:31:54.746   8570,944      37787,6238
15:31:55.307   8571,505      37800,4594
15:31:55.959   8572,157      37823,8130
15:31:56.520   8572,718      37801,5266
15:31:57.110   8573,308      37778,3908
15:31:57.863   8574,061      37820,8605
15:31:58.586   8574,784      37824,3477
15:31:59.150   8575,348      37827,2101
15:31:59.787   8575,985      37817,9927
15:32:00.553   8576,751      37787,9303
15:32:01.135   8577,333      37842,9630
15:32:01.789   8577,987      37806,8224
15:32:02.361   8578,559      37830,3239
15:32:02.954   8579,152      37778,9565
15:32:03.582   8579,780      37791,9376
15:32:04.242   8580,440      37824,2538
15:32:04.800   8580,998      37869,0066
15:32:05.464   8581,662      37813,1820
15:32:06.167   8582,365      37850,6634
15:32:06.839   8583,037      37824,2328
15:32:07.483   8583,681      37854,9119
15:32:08.043   8584,241      37835,2666
15:32:08.606   8584,804      37835,0192
15:32:09.325   8585,523      37788,2249
15:32:10.082   8586,280      37804,6719
15:32:10.647   8586,845      37842,4409
15:32:11.279   8587,477      37811,5407
15:32:12.031   8588,229      37840,8333
15:32:12.626   8588,824      37828,7439
15:32:13.198   8589,396      37827,4519
15:32:13.825   8590,023      37814,0091
15:32:14.414   8590,612      37804,5689
15:32:14.986   8591,184      37793,1216
15:32:15.773   8591,971      37848,1002
15:32:16.495   8592,693      37795,0541
15:32:17.065   8593,263      37859,8363
15:32:17.726   8593,924      37820,6528
15:32:18.427   8594,625      37811,8185
15:32:19.086   8595,284      37856,0870
15:32:19.729   8595,927      37841,1266
15:32:20.387   8596,585      37873,0924
15:32:21.164   8597,362      37830,8590
15:32:21.873   8598,071      37825,7559
15:32:22.465   8598,663      37824,9837
15:32:23.033   8599,231      37860,9379
15:32:23.660   8599,858      37851,8327
15:32:24.333   8600,531      37830,3584
15:32:24.924   8601,122      37814,7162
15:32:25.554   8601,752      37852,3612
15:32:26.293   8602,491      37825,3165
15:32:26.882   8603,080      37774,1548
15:32:27.662   8603,860      37825,0641
15:32:28.311   8604,509      37793,2978
15:32:28.887   8605,085      37822,5154
15:32:29.501   8605,699      37742,5671
15:32:30.140   8606,338      37799,4283
15:32:30.739   8606,937      37831,1186
15:32:31.381   8607,579      37802,8934
15:32:31.899   8608,097      37841,9654
15:32:32.556   8608,754      37807,8473
15:32:33.162   8609,360      37854,8015
15:32:33.795   8609,993      37747,9290
15:32:34.354   8610,552      37794,4240
15:32:34.930   8611,128      37816,3821
15:32:35.553   8611,751      37749,8862
15:32:36.208   8612,406      37719,8981
15:32:36.779   8612,977      37724,2547
15:32:37.375   8613,573      37633,2962
15:32:38.122   8614,320      37590,1799
15:32:38.683   8614,881      37509,2086
15:32:39.334   8615,532      37375,9327
15:32:39.965   8616,163      37178,2692
15:32:40.539   8616,737      36938,0675
15:32:41.243   8617,441      36684,6298
15:32:41.878   8618,076      36397,4792
15:32:42.475   8618,673      36231,9061
15:32:43.222   8619,420      35958,0963
15:32:43.937   8620,135      35711,5536
15:32:44.508   8620,706      35558,6223
15:32:45.123   8621,321      35460,6370
15:32:45.834   8622,032      35107,9953
15:32:46.402   8622,600      34923,9645
15:32:46.973   8623,171      34750,2612
15:32:47.642   8623,840      34517,6866
15:32:48.404   8624,602      34270,3976
15:32:48.978   8625,176      34003,5980
15:32:49.741   8625,939      33747,6340
15:32:50.423   8626,621      33413,6052
15:32:51.076   8627,274      33097,3524
15:32:51.706   8627,904      32869,4417
15:32:52.353   8628,551      32523,3719
15:32:53.065   8629,263      32126,3312
15:32:53.886   8630,084      31699,3512
15:32:54.452   8630,650      31330,4624
15:32:55.214   8631,412      30824,2214
15:32:55.834   8632,032      30451,3187
15:32:56.414   8632,612      30019,5407
15:32:56.980   8633,178      29668,4058
15:32:57.625   8633,823      29205,6245
15:32:58.272   8634,470      28602,4168
15:32:58.993   8635,191      28050,7547
15:32:59.793   8635,991      27388,2723
15:33:00.483   8636,681      26923,4848
15:33:01.144   8637,342      26112,9345
15:33:01.927   8638,125      25423,6723
15:33:02.602   8638,800      24760,4074
15:33:03.264   8639,462      24047,2172
15:33:04.045   8640,243      23278,8199
15:33:04.796   8640,994      22514,7470
15:33:05.368   8641,566      21932,1593
15:33:05.881   8642,079      21413,0094
15:33:06.556   8642,754      20618,0363
15:33:07.209   8643,407      19996,8179
15:33:07.974   8644,172      19171,4326
15:33:08.542   8644,740      18555,6369
15:33:09.131   8645,329      17998,4257
15:33:09.765   8645,963      17424,6364
15:33:10.336   8646,534      16830,4007
15:33:10.849   8647,047      16506,1558
15:33:11.613   8647,811      15714,6670
15:33:12.258   8648,456      15081,7657
15:33:12.825   8649,023      14614,6137
15:33:13.393   8649,591      14159,2437
15:33:14.138   8650,336      13581,1930
15:33:14.714   8650,912      13150,5018
15:33:15.300   8651,498      12735,7536
15:33:15.934   8652,132      12268,1444
15:33:16.507   8652,705      11874,3806
15:33:17.126   8653,324      11483,0777
15:33:17.765   8653,963      11130,1728
15:33:18.338   8654,536      10838,0773
15:33:19.019   8655,217      10439,8908
15:33:19.649   8655,847      10171,6948
15:33:20.303   8656,501       9937,1627
15:33:20.894   8657,092       9966,9874
15:33:21.572   8657,770       9973,5925
15:33:22.173   8658,371      10099,7717
15:33:22.766   8658,964      10263,8178
15:33:23.341   8659,539      10465,3898
15:33:24.086   8660,284      10751,0746
15:33:24.805   8661,003      11078,5895
15:33:25.530   8661,728      11412,3386
15:33:26.215   8662,413      11787,6898
15:33:26.786   8662,984      12131,8959
15:33:27.377   8663,575      12522,2200
15:33:28.064   8664,262      12990,0215
15:33:28.627   8664,825      13423,5942
15:33:29.215   8665,413      13812,0289
15:33:29.853   8666,051      14399,1612
15:33:30.510   8666,708      14926,7964
15:33:31.107   8667,305      15460,5775
15:33:31.740   8667,938      15985,0774
15:33:32.393   8668,591      16713,4714
15:33:32.974   8669,172      17277,7676
15:33:33.762   8669,960      18046,0251
15:33:34.461   8670,659      18864,3026
15:33:35.023   8671,221      19432,5756
15:33:35.706   8671,904      20102,1809
15:33:36.306   8672,504      20680,9714
15:33:37.054   8673,252      21664,8384
15:33:37.823   8674,021      22356,3221
15:33:38.474   8674,672      23126,8429
15:33:39.087   8675,285      23737,2229
15:33:39.817   8676,015      24510,4950
15:33:40.377   8676,575      25066,9981
15:33:40.974   8677,172      25604,8670
15:33:41.607   8677,805      26127,5867
15:33:42.262   8678,460      26775,8807
15:33:42.840   8679,038      27245,9673
15:33:43.496   8679,694      27721,1694
15:33:44.125   8680,323      28189,2577
15:33:44.828   8681,026      28931,6643
15:33:45.483   8681,681      29376,7017
15:33:46.062   8682,260      29785,9130
15:33:46.673   8682,871      30234,1608
15:33:47.248   8683,446      30639,4625
15:33:47.810   8684,008      30885,1296
15:33:48.317   8684,515      31236,8238
15:33:48.968   8685,166      31694,6227
15:33:49.631   8685,829      31968,1004
15:33:50.297   8686,495      32425,2514
15:33:50.870   8687,068      32712,5441
15:33:51.608   8687,806      33051,7101
15:33:52.264   8688,462      33514,3059
15:33:52.863   8689,061      33759,9340
15:33:53.517   8689,715      34077,2466
15:33:54.175   8690,373      34372,1582
15:33:54.756   8690,954      34619,2318
15:33:55.500   8691,698      34854,7926
15:33:56.098   8692,296      35089,9154
15:33:56.745   8692,943      35397,3675
15:33:57.504   8693,702      35578,0108
15:33:58.194   8694,392      35859,8934
15:33:58.838   8695,036      36039,2170
15:33:59.464   8695,662      36160,6761
15:34:00.116   8696,314      36329,0748
15:34:00.756   8696,954      36470,6294
15:34:01.336   8697,534      36612,3728
15:34:01.975   8698,173      36681,7893
15:34:02.647   8698,845      36822,7592
15:34:03.236   8699,434      36954,6079
15:34:03.885   8700,083      36957,6290
15:34:04.483   8700,681      37070,6686
15:34:05.194   8701,392      37195,0343
15:34:05.852   8702,050      37218,8668
15:34:06.453   8702,651      37275,0426
15:34:07.018   8703,216      37326,5601
15:34:07.695   8703,893      37313,1844
15:34:08.391   8704,589      37329,7704
15:34:09.068   8705,266      37402,1410
15:34:09.988   8706,186      37489,5960
15:34:10.631   8706,829      37516,5804
15:34:11.262   8707,460      37516,9676
15:34:11.956   8708,154      37507,6355
15:34:12.543   8708,741      37508,9249
15:34:13.111   8709,309      37563,4996
15:34:13.742   8709,940      37593,1157
15:34:14.318   8710,516      37585,7909
15:34:14.945   8711,143      37591,1807
15:34:15.801   8711,999      37619,3025
15:34:16.458   8712,656      37653,3686
15:34:17.168   8713,366      37646,8371
15:34:17.820   8714,018      37673,6882
15:34:18.385   8714,583      37679,3290
15:34:18.956   8715,154      37659,1176
15:34:19.650   8715,848      37664,7258
15:34:20.227   8716,425      37662,3243
15:34:21.052   8717,250      37644,9253
15:34:21.710   8717,908      37691,1262
15:34:22.448   8718,646      37703,2769
15:34:23.014   8719,212      37739,8275
15:34:23.781   8719,979      37717,1286
15:34:24.448   8720,646      37739,6270
15:34:25.018   8721,216      37750,6202
15:34:25.663   8721,861      37772,4260
15:34:26.465   8722,663      37768,1519
15:34:26.978   8723,176      37711,8935
15:34:27.748   8723,946      37759,9755
15:34:28.371   8724,569      37745,3077
15:34:29.102   8725,300      37777,6948
15:34:29.852   8726,050      37724,1253
15:34:30.425   8726,623      37786,7424
15:34:31.122   8727,320      37763,6158
15:34:31.875   8728,073      37726,9429
15:34:32.488   8728,686      37783,3413
15:34:33.059   8729,257      37786,7438
15:34:33.749   8729,947      37725,7238
15:34:34.467   8730,665      37750,9674
15:34:35.049   8731,247      37760,4193
15:34:35.707   8731,905      37764,1433
15:34:36.370   8732,568      37780,6012
15:34:36.966   8733,164      37764,0179
15:34:37.595   8733,793      37735,4217
15:34:38.251   8734,449      37784,6685
15:34:38.959   8735,157      37739,7452
15:34:39.717   8735,915      37750,9886
15:34:40.380   8736,578      37796,8084
15:34:41.108   8737,306      37767,1275
15:34:41.846   8738,044      37807,7170
15:34:42.573   8738,771      37828,0617
15:34:43.287   8739,485      37795,4806
15:34:43.936   8740,134      37765,6756
15:34:44.599   8740,797      37814,2507
15:34:45.176   8741,374      37803,2076
15:34:45.828   8742,026      37796,1788
15:34:46.399   8742,597      37840,0325
15:34:46.976   8743,174      37801,6567
15:34:47.738   8743,936      37825,7345
15:34:48.389   8744,587      37810,2633
15:34:48.954   8745,152      37817,5852
15:34:49.607   8745,805      37828,0754
15:34:50.369   8746,567      37823,4207
15:34:50.937   8747,135      37782,9777
15:34:51.718   8747,916      37809,2842
15:34:52.372   8748,570      37816,6674
15:34:52.993   8749,191      37871,7053
15:34:53.612   8749,810      37798,1135
15:34:54.328   8750,526      37821,7279
15:34:54.906   8751,104      37810,5091
15:34:55.619   8751,817      37808,8508
15:34:56.188   8752,386      37809,4882
15:34:56.774   8752,972      37845,7509
15:34:57.531   8753,729      37772,5775
15:34:58.180   8754,378      37828,2626
15:34:58.949   8755,147      37842,7609
15:34:59.602   8755,800      37765,7198
15:35:00.306   8756,504      37770,8128
15:35:00.982   8757,180      37778,5928
15:35:01.625   8757,823      37781,2715
15:35:02.282   8758,480      37785,2283
15:35:02.859   8759,057      37792,1313
15:35:03.596   8759,794      37792,7985
15:35:04.399   8760,597      37806,4061
15:35:04.983   8761,181      37816,1307
15:35:05.761   8761,959      37847,8206
15:35:06.485   8762,683      37832,7068
15:35:07.058   8763,256      37821,3968
15:35:07.779   8763,977      37793,5779
15:35:08.374   8764,572      37767,4001
15:35:08.950   8765,148      37754,1311
15:35:09.677   8765,875      37758,7094
15:35:10.250   8766,448      37746,4950
15:35:10.820   8767,018      37795,4406
15:35:11.512   8767,710      37750,3515
15:35:12.200   8768,398      37781,1364
15:35:12.796   8768,994      37812,7550
15:35:13.365   8769,563      37767,2945
15:35:13.997   8770,195      37766,8289
15:35:14.593   8770,791      37767,0700
15:35:15.105   8771,303      37832,9468
15:35:15.849   8772,047      37815,6543
15:35:16.518   8772,716      37748,9236
15:35:17.144   8773,342      37748,4241
15:35:17.781   8773,979      37673,6861
15:35:18.439   8774,637      37550,1419
15:35:19.172   8775,370      37420,5649
15:35:19.887   8776,085      37289,3779
15:35:20.502   8776,700      37094,3323
15:35:21.074   8777,272      36943,0687
15:35:21.866   8778,064      36542,2774
15:35:22.588   8778,786      36318,4016
15:35:23.171   8779,369      36151,0914
15:35:23.878   8780,076      35886,8802
15:35:24.444   8780,642      35709,8358
15:35:25.012   8781,210      35519,3789
15:35:25.758   8781,956      35279,0785
15:35:26.315   8782,513      35119,2165
15:35:26.884   8783,082      34918,1432
15:35:27.655   8783,853      34639,4585
15:35:28.364   8784,562      34379,4130
15:35:28.939   8785,137      34183,1003
15:35:29.646   8785,844      33881,9988
15:35:30.227   8786,425      33658,2092
15:35:30.800   8786,998      33369,2343
15:35:31.564   8787,762      33070,3947
15:35:32.214   8788,412      32713,9765
15:35:32.728   8788,926      32566,8778
15:35:33.553   8789,751      32110,4569
15:35:34.204   8790,402      31717,1560
15:35:34.769   8790,967      31367,1877
15:35:35.340   8791,538      31034,6059
15:35:35.989   8792,187      30622,9299
15:35:36.566   8792,764      30180,5679
15:35:37.210   8793,408      29754,9227
15:35:37.891   8794,089      29213,5112
15:35:38.463   8794,661      28781,6219
15:35:39.175   8795,373      28213,5625
15:35:39.817   8796,015      27701,5684
15:35:40.408   8796,606      27187,1645
15:35:40.981   8797,179      26644,1262
15:35:41.692   8797,890      26098,8039
15:35:42.475   8798,673      25251,9819
15:35:43.208   8799,406      24524,8337
15:35:43.840   8800,038      23922,3646
15:35:44.508   8800,706      23266,6366
15:35:45.073   8801,271      22669,6746
15:35:45.871   8802,069      21868,9788
15:35:46.538   8802,736      21111,9439
15:35:47.111   8803,309      20700,4079
15:35:47.933   8804,131      19676,2126
15:35:48.497   8804,695      19067,7620
15:35:49.097   8805,295      18493,8029
15:35:49.965   8806,163      17618,7101
15:35:50.535   8806,733      17073,1257
15:35:51.113   8807,311      16531,3524
15:35:51.776   8807,974      15974,2960
15:35:52.348   8808,546      15406,5444
15:35:52.977   8809,175      14857,4019
15:35:53.702   8809,900      14355,7262
15:35:54.278   8810,476      13834,6231
15:35:54.855   8811,053      13365,7193
15:35:55.689   8811,887      12819,7166
15:35:56.344   8812,542      12366,2332
15:35:56.939   8813,137      11922,7943
15:35:57.598   8813,796      11549,7433
15:35:58.170   8814,368      11179,3834
15:35:58.953   8815,151      10760,1824
15:35:59.698   8815,896      10434,6883
15:36:00.262   8816,460      10150,7413
15:36:01.031   8817,229       9972,8074
15:36:01.782   8817,980      10008,4700
15:36:02.445   8818,643      10148,8283
15:36:03.040   8819,238      10290,8415
15:36:03.662   8819,860      10495,8647
15:36:04.431   8820,629      10773,9481
15:36:04.992   8821,190      11040,1553
15:36:05.638   8821,836      11311,4063
15:36:06.349   8822,547      11745,9892
15:36:06.909   8823,107      12042,3173
15:36:07.680   8823,878      12484,2266
15:36:08.331   8824,529      12985,2425
15:36:08.905   8825,103      13382,5019
15:36:09.784   8825,982      13998,2620
15:36:10.444   8826,642      14587,4344
15:36:11.120   8827,318      15179,6582
15:36:11.782   8827,980      15740,7218
15:36:12.468   8828,666      16432,9749
15:36:13.162   8829,360      17061,3400
15:36:13.918   8830,116      17890,8706
15:36:14.491   8830,689      18472,2310
15:36:15.093   8831,291      19139,6436
15:36:15.723   8831,921      19738,2801
15:36:16.292   8832,490      20247,7422
15:36:16.956   8833,154      21161,3166
15:36:17.697   8833,895      21806,6582
15:36:18.381   8834,579      22641,0653
15:36:18.942   8835,140      23234,1327
15:36:19.650   8835,848      23724,9719
15:36:20.208   8836,406      24505,6350
15:36:20.779   8836,977      25046,0737
15:36:21.380   8837,578      25608,1060
15:36:22.133   8838,331      26300,4377
15:36:22.746   8838,944      26861,8279
15:36:23.316   8839,514      27340,7064
15:36:23.959   8840,157      27861,1587
15:36:24.524   8840,722      28324,1610
15:36:25.221   8841,419      28904,4010
15:36:25.766   8841,964      29164,2884
15:36:26.339   8842,537      29693,1921
15:36:26.933   8843,131      30130,1243
15:36:27.578   8843,776      30476,7091
15:36:28.266   8844,464      30971,5156
15:36:28.848   8845,046      31331,7014
15:36:29.571   8845,769      31702,4721
15:36:30.238   8846,436      32157,1895
15:36:30.834   8847,032      32456,8475
15:36:31.589   8847,787      32811,6394
15:36:32.246   8848,444      33248,2852
15:36:32.836   8849,034      33506,9539
15:36:33.474   8849,672      33779,9657
15:36:34.169   8850,367      34090,4266
15:36:34.734   8850,932      34434,9466
15:36:35.318   8851,516      34663,8529
15:36:35.970   8852,168      34855,0119
15:36:36.585   8852,783      35029,8721
15:36:37.251   8853,449      35342,3907
15:36:37.922   8854,120      35548,7100
15:36:38.498   8854,696      35735,1691
15:36:39.166   8855,364      35914,6283
15:36:39.823   8856,021      36123,4233
15:36:40.432   8856,630      36329,8832
15:36:41.017   8857,215      36361,4849
15:36:41.676   8857,874      36500,3442
15:36:42.460   8858,658      36688,1904
15:36:43.069   8859,267      36779,2092
15:36:43.704   8859,902      36853,7824
15:36:44.365   8860,563      37017,6148
15:36:44.988   8861,186      37063,0789
15:36:45.662   8861,860      37167,1195
15:36:46.220   8862,418      37179,8893
15:36:46.786   8862,984      37180,7144
15:36:47.630   8863,828      37283,1523
15:36:48.285   8864,483      37322,2998
15:36:48.888   8865,086      37370,9457
15:36:49.552   8865,750      37377,8410
15:36:50.298   8866,496      37402,5149
15:36:50.871   8867,069      37422,1544
15:36:51.582   8867,780      37487,6829
15:36:52.244   8868,442      37535,7864
15:36:52.852   8869,050      37557,5250
15:36:53.585   8869,783      37547,2797
15:36:54.247   8870,445      37569,8376
15:36:54.824   8871,022      37551,1557
15:36:55.486   8871,684      37585,5337
15:36:56.222   8872,420      37609,6062
15:36:56.896   8873,094      37592,5867
15:36:57.546   8873,744      37599,2318
15:36:58.197   8874,395      37634,1348
15:36:58.902   8875,100      37598,2296
15:36:59.588   8875,786      37669,8541
15:37:00.273   8876,471      37697,6475
15:37:01.009   8877,207      37644,8302
15:37:01.671   8877,869      37645,8377
15:37:02.329   8878,527      37676,6180
15:37:02.912   8879,110      37719,4178
15:37:03.572   8879,770      37767,5838
15:37:04.342   8880,540      37715,1564
15:37:05.012   8881,210      37713,8123
15:37:05.644   8881,842      37711,9233
15:37:06.289   8882,487      37752,4530
15:37:06.921   8883,119      37738,5674
15:37:07.579   8883,777      37712,0986
15:37:08.154   8884,352      37768,1440
15:37:08.718   8884,916      37717,9467
15:37:09.354   8885,552      37784,6393
15:37:10.035   8886,233      37787,4253
15:37:10.693   8886,891      37778,3673
15:37:11.382   8887,580      37806,1543
15:37:12.096   8888,294      37809,2798
15:37:12.677   8888,875      37816,1768
15:37:13.254   8889,452      37814,4038
15:37:13.883   8890,081      37776,7775
15:37:14.483   8890,681      37784,0890
15:37:15.211   8891,409      37811,1934
15:37:15.965   8892,163      37837,0404
15:37:16.533   8892,731      37817,9876
15:37:17.127   8893,325      37807,4624
15:37:17.868   8894,066      37824,6317
15:37:18.430   8894,628      37797,2812
15:37:19.032   8895,230      37755,2521
15:37:19.685   8895,883      37835,5301
15:37:20.438   8896,636      37869,4680
15:37:21.007   8897,205      37792,2338
15:37:21.686   8897,884      37825,5307
15:37:22.381   8898,579      37818,8748
15:37:23.003   8899,201      37799,1600
15:37:23.655   8899,853      37848,2004
15:37:24.223   8900,421      37824,6753
15:37:24.791   8900,989      37801,3897
15:37:25.497   8901,695      37808,8559
15:37:26.246   8902,444      37811,0318
15:37:26.807   8903,005      37820,0950
15:37:27.371   8903,569      37834,7178
15:37:27.998   8904,196      37817,8300
15:37:28.706   8904,904      37792,7151
15:37:29.276   8905,474      37833,6648
15:37:29.950   8906,148      37806,3712
15:37:30.516   8906,714      37806,7760
15:37:31.126   8907,324      37839,5951
15:37:31.858   8908,056      37739,9609
15:37:32.434   8908,632      37827,2920
15:37:33.015   8909,213      37781,7219
15:37:33.836   8910,034      37837,7982
15:37:34.541   8910,739      37810,1081
15:37:35.122   8911,320      37836,4054
15:37:35.783   8911,981      37827,2552
15:37:36.496   8912,694      37836,7294
15:37:37.140   8913,338      37863,2808
15:37:37.793   8913,991      37840,8154
15:37:38.445   8914,643      37807,3580
15:37:39.045   8915,243      37847,3699
15:37:39.776   8915,974      37855,6344
15:37:40.340   8916,538      37839,8691
15:37:40.918   8917,116      37815,2847
15:37:41.547   8917,745      37864,8088
15:37:42.211   8918,409      37833,0189
15:37:42.781   8918,979      37824,4577
15:37:43.359   8919,557      37853,2377
15:37:43.990   8920,188      37776,6958
15:37:44.714   8920,912      37805,0547
15:37:45.324   8921,522      37836,2615
15:37:45.984   8922,182      37789,7563
15:37:46.547   8922,745      37818,8658
15:37:47.122   8923,320      37802,6506
15:37:47.881   8924,079      37830,0285
15:37:48.453   8924,651      37829,9691
15:37:49.261   8925,459      37850,1978
15:37:49.887   8926,085      37831,6626
15:37:50.580   8926,778      37812,5082
15:37:51.146   8927,344      37791,3137
15:37:51.808   8928,006      37814,4862
15:37:52.411   8928,609      37811,4518
15:37:53.061   8929,259      37773,5667
15:37:53.702   8929,900      37844,5384
15:37:54.275   8930,473      37803,1441
15:37:54.933   8931,131      37757,5585
15:37:55.578   8931,776      37765,1649
15:37:56.275   8932,473      37761,5446
15:37:56.851   8933,049      37708,6002
15:37:57.537   8933,735      37718,8528
15:37:58.116   8934,314      37678,7786
15:37:58.621   8934,819      37592,5872
15:37:59.305   8935,503      37478,1072
15:37:59.970   8936,168      37356,2438
15:38:00.554   8936,752      37159,9574
15:38:01.206   8937,404      36943,4229
15:38:01.910   8938,108      36673,2378
15:38:02.492   8938,690      36454,0357
15:38:03.088   8939,286      36219,8315
15:38:03.740   8939,938      36120,2289
15:38:04.334   8940,532      35819,8317
15:38:05.063   8941,261      35576,4034
15:38:05.728   8941,926      35415,9238
15:38:06.419   8942,617      35152,1638
15:38:07.069   8943,267      34921,2006
15:38:07.734   8943,932      34749,6614
15:38:08.392   8944,590      34473,6486
15:38:08.999   8945,197      34262,3139
15:38:09.809   8946,007      33942,8362
15:38:10.415   8946,613      33784,3702
15:38:11.101   8947,299      33437,2344
15:38:11.854   8948,052      33051,5128
15:38:12.516   8948,714      32849,3105
15:38:13.140   8949,338      32587,5618
15:38:13.859   8950,057      32083,2268
15:38:14.464   8950,662      31749,4077
15:38:15.168   8951,366      31362,1908
15:38:15.835   8952,033      30923,8799
15:38:16.401   8952,599      30608,1918
15:38:17.073   8953,271      30154,3913
15:38:17.747   8953,945      29689,7123
15:38:18.418   8954,616      29143,5511
15:38:18.980   8955,178      28668,5250
15:38:19.646   8955,844      28214,6817
15:38:20.428   8956,626      27520,3035
15:38:20.999   8957,197      26994,8300
15:38:21.660   8957,858      26452,8869
15:38:22.345   8958,543      25753,9819
15:38:23.066   8959,264      25074,0123
15:38:23.662   8959,860      24751,9151
15:38:24.312   8960,510      23917,8595
15:38:24.875   8961,073      23330,9983
15:38:25.622   8961,820      22614,8260
15:38:26.217   8962,415      22091,7194
15:38:26.886   8963,084      21194,1148
15:38:27.615   8963,813      20507,3885
15:38:28.275   8964,473      19780,6168
15:38:28.987   8965,185      19067,8901
15:38:29.640   8965,838      18461,0008
15:38:30.301   8966,499      17721,5719
15:38:30.977   8967,175      17086,1676
15:38:31.630   8967,828      16493,3433
15:38:32.340   8968,538      15866,7121
15:38:32.944   8969,142      15322,2634
15:38:33.718   8969,916      14738,3746
15:38:34.435   8970,633      14074,4680
15:38:35.010   8971,208      13686,5527
15:38:35.783   8971,981      13104,9494
15:38:36.443   8972,641      12612,5431
15:38:37.023   8973,221      12221,8610
15:38:37.675   8973,873      11842,2601
15:47:43.930   9520,128      37693,8231
15:47:44.774   9520,972      37723,3050
15:47:45.445   9521,643      37744,9266
15:47:46.173   9522,371      37680,2273
15:47:46.844   9523,042      37710,8762
15:47:47.516   9523,714      37732,8126
15:47:48.328   9524,526      37732,5384
15:47:49.040   9525,238      37733,2147
15:47:49.801   9525,999      37685,0542
15:47:50.454   9526,652      37739,7606
15:47:51.116   9527,314      37680,1863
15:47:51.635   9527,833      37720,7529
15:47:52.168   9528,366      37721,3144
15:47:52.712   9528,910      37688,6953
15:47:53.244   9529,442      37689,9574
15:47:53.840   9530,038      37725,2960
15:47:54.391   9530,589      37702,1510
15:47:54.946   9531,144      37729,3303
15:47:55.483   9531,681      37734,4658
15:47:55.987   9532,185      37770,6257
15:47:56.555   9532,753      37746,4363
15:47:57.091   9533,289      37733,1481
15:47:57.635   9533,833      37742,5076
15:47:58.182   9534,380      37712,4252
15:47:58.758   9534,956      37768,3128
15:47:59.315   9535,513      37749,9926
15:47:59.826   9536,024      37749,2457
15:48:00.383   9536,581      37789,8106
15:48:00.958   9537,156      37766,7701
15:48:01.541   9537,739      37708,5558
15:48:02.072   9538,270      37780,9749
15:48:02.605   9538,803      37736,2993
15:48:03.146   9539,344      37781,4860
15:48:03.691   9539,889      37717,7053
15:48:04.217   9540,415      37832,7197
15:48:04.755   9540,953      37781,9616
15:48:05.296   9541,494      37766,3970
15:48:05.829   9542,027      37816,1540
15:48:06.386   9542,584      37739,8162
15:48:06.966   9543,164      37803,0165
15:48:07.545   9543,743      37779,8223
15:48:08.053   9544,251      37804,3778
15:48:08.647   9544,845      37779,2791
15:48:09.197   9545,395      37813,9941
15:48:09.806   9546,004      37784,9423
15:48:10.344   9546,542      37783,5915
15:48:10.949   9547,147      37748,7354
15:48:11.524   9547,722      37748,8067
15:48:12.042   9548,240      37826,8924
15:48:12.608   9548,806      37815,3293
15:48:13.161   9549,359      37793,4153
15:48:13.691   9549,889      37770,1954
15:48:14.210   9550,408      37821,1907
15:48:14.767   9550,965      37788,3457
15:48:15.334   9551,532      37787,7400
15:48:15.875   9552,073      37780,5912
15:48:16.447   9552,645      37804,4098
15:48:17.016   9553,214      37782,0417
15:48:17.551   9553,749      37770,2096
15:48:18.092   9554,290      37794,1829
15:48:18.642   9554,840      37832,0294
15:48:19.238   9555,436      37774,2735
15:48:19.863   9556,061      37769,3915
15:48:20.433   9556,631      37828,8417
15:48:20.965   9557,163      37787,4966
15:48:21.478   9557,676      37798,8999
15:48:22.044   9558,242      37791,7206
15:48:22.585   9558,783      37775,4636
15:48:23.162   9559,360      37794,9915
15:48:23.697   9559,895      37752,2277
15:48:24.230   9560,428      37769,4441
15:48:24.818   9561,016      37765,4448
15:48:25.356   9561,554      37804,8367
15:48:25.900   9562,098      37720,7368
15:48:26.466   9562,664      37791,2765
15:48:27.009   9563,207      37770,7803
15:48:27.577   9563,775      37785,9327
15:48:28.120   9564,318      37764,6783
15:48:28.685   9564,883      37757,3913
15:48:29.236   9565,434      37802,6949
15:48:29.875   9566,073      37796,1085
15:48:30.411   9566,609      37774,7450
15:48:30.962   9567,160      37787,6795
15:48:31.497   9567,695      37796,5579
15:48:32.036   9568,234      37802,7620
15:48:32.589   9568,787      37789,9029
15:48:33.143   9569,341      37800,5255
15:48:33.692   9569,890      37757,2311
15:48:34.216   9570,414      37741,9100
15:48:34.770   9570,968      37792,4210
15:48:35.297   9571,495      37767,2624
15:48:35.810   9572,008      37776,8277
15:48:36.355   9572,553      37784,8472
15:48:36.927   9573,125      37719,3335
15:48:37.512   9573,710      37762,2363
15:48:38.051   9574,249      37679,2113
15:48:38.608   9574,806      37717,3517
15:48:39.183   9575,381      37678,1861
15:48:39.863   9576,061      37662,4774
15:48:40.415   9576,613      37529,2908
15:48:40.961   9577,159      37420,2654
15:48:41.467   9577,665      37230,4540
15:48:41.985   9578,183      37089,0488
15:48:42.540   9578,738      36882,5292
15:48:43.089   9579,287      36645,7074
15:48:43.630   9579,828      36473,0221
15:48:44.218   9580,416      36268,1954
15:48:44.774   9580,972      36052,9700
15:48:45.307   9581,505      35969,6942
15:48:45.894   9582,092      35724,6576
15:48:46.465   9582,663      35599,6185
15:48:47.009   9583,207      35365,1117
15:48:47.522   9583,720      35217,7108
15:48:48.072   9584,270      35052,6033
15:48:48.579   9584,777      34845,5302
15:48:49.118   9585,316      34687,2517
15:48:49.687   9585,885      34500,7330
15:48:50.228   9586,426      34304,9674
15:48:50.773   9586,971      34082,4616
15:48:51.322   9587,520      33871,6576
15:48:51.867   9588,065      33678,6867
15:48:52.420   9588,618      33418,1265
15:48:52.993   9589,191      33205,3568
15:48:53.523   9589,721      32955,4811
15:48:54.064   9590,262      32691,4287
15:48:54.627   9590,825      32429,6526
15:48:55.233   9591,431      32126,9824
15:48:55.889   9592,087      31841,8224
15:48:56.439   9592,637      31432,6890
15:48:57.001   9593,199      31100,5802
15:48:57.538   9593,736      30853,0510
15:48:58.072   9594,270      30486,6426
15:48:58.626   9594,824      30131,8502
15:48:59.185   9595,383      29687,3791
15:48:59.812   9596,010      29315,9509
15:49:00.362   9596,560      28842,1999
15:49:00.922   9597,120      28434,3732
15:49:01.479   9597,677      27979,8919
15:49:01.995   9598,193      27595,7862
15:49:02.524   9598,722      27121,7303
15:49:03.091   9599,289      26669,0069
15:49:03.656   9599,854      26164,1200
15:49:04.208   9600,406      25680,3403
15:49:04.781   9600,979      25148,6666
15:49:05.316   9601,514      24628,6052
15:49:05.887   9602,085      24044,8582
15:49:06.424   9602,622      23521,9899
15:49:06.983   9603,181      22978,4450
15:49:07.528   9603,726      22450,5126
15:49:08.064   9604,262      21882,4725
15:49:08.610   9604,808      21302,1464
15:49:09.143   9605,341      20788,0774
15:49:09.695   9605,893      20202,9235
15:49:10.224   9606,422      19637,8127
15:49:10.782   9606,980      19103,2601
15:49:11.338   9607,536      18526,0267
15:49:11.856   9608,054      18072,6905
15:49:12.412   9608,610      17517,1591
15:49:12.953   9609,151      17000,5041
15:49:13.505   9609,703      16503,3801
15:49:14.017   9610,215      16054,5941
15:49:14.570   9610,768      15544,6511
15:49:15.120   9611,318      15081,5581
15:49:15.694   9611,892      14641,6941
15:49:16.231   9612,429      14215,7056
15:49:16.777   9612,975      13783,1590
15:49:17.364   9613,562      13366,4497
15:49:17.902   9614,100      12973,8748
15:49:18.458   9614,656      12590,9533
15:49:19.041   9615,239      12204,6200
15:49:19.578   9615,776      11871,0254
15:49:20.086   9616,284      11585,8339
15:49:20.652   9616,850      11255,5930
15:49:21.218   9617,416      10945,5134
15:49:21.873   9618,071      10649,5989
15:49:22.441   9618,639      10382,8720
15:49:22.979   9619,177      10321,9555
15:49:23.521   9619,719      10351,2491
15:49:24.032   9620,230      10411,3027
15:49:24.586   9620,784      10519,2412
15:49:25.117   9621,315      10684,3192
15:49:25.659   9621,857      10853,0441
15:49:26.201   9622,399      11057,7511
15:49:26.756   9622,954      11306,9880
15:49:27.333   9623,531      11586,5130
15:49:27.875   9624,073      11828,1882
15:49:28.408   9624,606      12167,8511
15:49:28.936   9625,134      12442,4852
15:49:29.487   9625,685      12791,4216
15:49:30.013   9626,211      13117,0560
15:49:30.546   9626,744      13499,5322
15:49:31.095   9627,293      13949,1582
15:49:31.634   9627,832      14316,4523
15:49:32.164   9628,362      14738,7825
15:49:32.732   9628,930      15212,6577
15:49:33.279   9629,477      15721,9670
15:49:33.800   9629,998      16123,7293
15:49:34.346   9630,544      16734,8110
15:49:34.889   9631,087      17211,6841
15:49:35.425   9631,623      17776,8945
15:49:35.958   9632,156      18394,3749
15:49:36.499   9632,697      18911,6360
15:49:37.078   9633,276      19537,8503
15:49:37.643   9633,841      20110,4097
15:49:38.175   9634,373      20698,4129
15:49:38.743   9634,941      21289,3718
15:49:39.305   9635,503      21800,0857
15:49:39.829   9636,027      22328,4339
15:49:40.386   9636,584      22994,6742
15:49:40.924   9637,122      23510,4439
15:49:41.475   9637,673      24030,6942
15:49:41.985   9638,183      24549,7672
15:49:42.567   9638,765      25024,7338
15:49:43.126   9639,324      25565,7065
15:49:43.678   9639,876      26082,2155
15:49:44.243   9640,441      26573,7248
15:49:44.780   9640,978      27005,0584
15:49:45.285   9641,483      27466,2003
15:49:45.818   9642,016      27786,4105
15:49:46.352   9642,550      28288,3052
15:49:46.897   9643,095      28675,9558
15:49:47.424   9643,622      29102,7003
15:49:47.941   9644,139      29442,9785
15:49:48.505   9644,703      29807,4121
15:49:49.082   9645,280      30188,7570
15:49:49.624   9645,822      30533,4427
15:49:50.201   9646,399      30912,5182
15:49:50.775   9646,973      31228,4466
15:49:51.333   9647,531      31595,0365
15:49:51.869   9648,067      31878,9872
15:49:52.428   9648,626      32159,0407
15:49:52.991   9649,189      32496,9098
15:49:53.545   9649,743      32732,4134
15:49:54.098   9650,296      33060,5578
15:49:54.656   9650,854      33271,7570
15:49:55.195   9651,393      33582,8398
15:49:55.836   9652,034      33856,6033
15:49:56.372   9652,570      34068,3667
15:49:56.915   9653,113      34299,1873
15:49:57.474   9653,672      34541,9201
15:49:57.989   9654,187      34721,9481
15:49:58.527   9654,725      34947,9912
15:49:59.107   9655,305      35118,5504
15:49:59.656   9655,854      35322,9780
15:50:00.185   9656,383      35502,8724
15:50:00.752   9656,950      35661,4077
15:50:01.290   9657,488      35859,4034
15:50:01.821   9658,019      35974,1438
15:50:02.374   9658,572      36194,6534
15:50:02.970   9659,168      36306,9439
15:50:03.511   9659,709      36475,9464
15:50:04.048   9660,246      36581,4184
15:50:04.582   9660,780      36625,6070
15:50:05.139   9661,337      36788,0514
15:50:05.708   9661,906      36867,6849
15:50:06.240   9662,438      36951,2936
15:50:06.787   9662,985      37090,6140
15:50:07.358   9663,556      37050,6837
15:50:07.900   9664,098      37196,1343
15:50:08.434   9664,632      37190,6188
15:50:08.960   9665,158      37263,9665
15:50:09.508   9665,706      37314,7909
15:50:10.025   9666,223      37349,7500
15:50:10.558   9666,756      37359,2017
15:50:11.162   9667,360      37341,6333
15:50:11.704   9667,902      37364,1622
15:50:12.246   9668,444      37425,0135
15:50:12.784   9668,982      37415,0601
15:50:13.320   9669,518      37509,9234
15:50:13.829   9670,027      37533,0522
15:50:14.363   9670,561      37473,1378
15:50:14.916   9671,114      37481,0163
15:50:15.463   9671,661      37505,4609
15:50:16.011   9672,209      37547,8718
15:50:16.516   9672,714      37531,1941
15:50:17.070   9673,268      37590,2095
15:50:17.645   9673,843      37572,7894
15:50:18.167   9674,365      37583,6110
15:50:18.740   9674,938      37574,0037
15:50:19.294   9675,492      37592,9733
15:50:19.865   9676,063      37662,1064
15:50:20.407   9676,605      37565,7413
15:50:20.946   9677,144      37614,2536
15:50:21.516   9677,714      37669,7075
15:50:22.059   9678,257      37635,0295
15:50:22.621   9678,819      37656,3374
15:50:23.159   9679,357      37709,7864
15:50:23.708   9679,906      37660,1579
15:50:24.218   9680,416      37688,4202
15:50:24.750   9680,948      37657,2686
15:50:25.298   9681,496      37662,0723
15:50:25.820   9682,018      37714,8878
15:50:26.379   9682,577      37712,6234
15:50:26.937   9683,135      37685,7498
15:50:27.503   9683,701      37708,2265
15:50:28.034   9684,232      37715,2297
15:50:28.595   9684,793      37670,3266
15:50:29.147   9685,345      37661,4483
15:50:29.687   9685,885      37706,5549
15:50:30.209   9686,407      37676,8433
15:50:30.746   9686,944      37686,5234
15:50:31.305   9687,503      37673,4904
15:50:31.860   9688,058      37689,9485
15:50:32.421   9688,619      37724,8529
15:50:32.973   9689,171      37680,9215
15:50:33.513   9689,711      37698,9683
15:50:34.068   9690,266      37705,7899
15:50:34.597   9690,795      37731,1308
15:50:35.166   9691,364      37737,0753
15:50:35.774   9691,972      37682,5759
15:50:36.337   9692,535      37689,7204
15:50:36.893   9693,091      37708,8113
15:50:37.430   9693,628      37726,9407
15:50:37.983   9694,181      37721,7935
15:50:38.540   9694,738      37702,7355
15:50:39.100   9695,298      37714,4221
15:50:39.645   9695,843      37725,5629
15:50:40.200   9696,398      37684,3890
15:50:40.740   9696,938      37695,7575
15:50:41.285   9697,483      37733,7568
15:50:41.832   9698,030      37723,4322
15:50:42.368   9698,566      37723,3186
15:50:42.910   9699,108      37693,1271
15:50:43.485   9699,683      37726,9568
15:50:44.015   9700,213      37732,2571
15:50:44.589   9700,787      37674,0191
15:50:45.128   9701,326      37742,9466
15:50:45.697   9701,895      37734,0123
15:50:46.255   9702,453      37752,6749
15:50:46.805   9703,003      37752,9211
15:50:47.370   9703,568      37713,0756
15:50:47.899   9704,097      37695,4750
15:50:48.460   9704,658      37738,0268
15:50:49.027   9705,225      37727,9201
15:50:49.599   9705,797      37775,4251
15:50:50.119   9706,317      37714,2273
15:50:50.660   9706,858      37688,6514
15:50:51.221   9707,419      37731,3882
15:50:51.857   9708,055      37699,7711
15:50:52.403   9708,601      37699,4907
15:50:52.947   9709,145      37669,9647
15:50:53.481   9709,679      37714,8950
15:50:54.037   9710,235      37695,4679
15:50:54.580   9710,778      37750,8126
15:50:55.142   9711,340      37707,3399
15:50:55.686   9711,884      37708,9437
15:50:56.222   9712,420      37734,7691
15:50:56.760   9712,958      37683,1551
15:50:57.311   9713,509      37675,9911
15:50:57.823   9714,021      37665,8183
15:50:58.363   9714,561      37661,5082
15:50:58.895   9715,093      37725,7938
15:50:59.431   9715,629      37768,9946
15:50:59.983   9716,181      37674,6189
15:51:00.528   9716,726      37732,7034
15:51:01.063   9717,261      37666,5707
15:51:01.609   9717,807      37681,3488
15:51:02.132   9718,330      37647,9899
15:51:02.690   9718,888      37696,9102
15:51:03.226   9719,424      37691,7501
15:51:03.851   9720,049      37658,4118
15:51:04.407   9720,605      37664,9505
15:51:04.949   9721,147      37668,5145
15:51:05.516   9721,714      37675,8529
15:51:06.038   9722,236      37685,1556
15:51:06.579   9722,777      37670,5839
15:51:07.101   9723,299      37652,1626
15:51:07.642   9723,840      37670,8866
15:51:08.167   9724,365      37659,3958
15:51:08.738   9724,936      37718,4708
15:51:09.275   9725,473      37728,9827
15:51:09.797   9725,995      37703,7632
15:51:10.344   9726,542      37670,2299
15:51:10.888   9727,086      37690,5281
15:51:11.455   9727,653      37707,7339
15:51:11.983   9728,181      37774,1567
15:51:12.536   9728,734      37696,7084
15:51:13.087   9729,285      37744,7676
15:51:13.618   9729,816      37737,0485
15:51:14.168   9730,366      37687,1436
15:51:14.735   9730,933      37704,1110
15:51:15.293   9731,491      37692,9318
15:51:15.812   9732,010      37661,5300
15:51:16.372   9732,570      37750,1494
15:51:16.919   9733,117      37700,9465
15:51:17.468   9733,666      37678,0861
15:51:18.003   9734,201      37732,6790
15:51:18.565   9734,763      37647,4714
15:51:19.145   9735,343      37649,7703
15:51:19.690   9735,888      37589,7098
15:51:20.251   9736,449      37524,3102
15:51:20.809   9737,007      37361,2445
15:51:21.339   9737,537      37330,9532
15:51:21.844   9738,042      37191,6559
15:51:22.381   9738,579      37017,2750
15:51:22.948   9739,146      36780,1123
15:51:23.530   9739,728      36557,0945
15:51:24.081   9740,279      36402,0459
15:51:24.623   9740,821      36217,0875
15:51:25.162   9741,360      36050,1577
15:51:25.801   9741,999      35850,4314
15:51:26.337   9742,535      35729,4040
15:51:26.877   9743,075      35445,5362
15:51:27.413   9743,611      35363,8850
15:51:27.960   9744,158      35153,9835
15:51:28.531   9744,729      34902,1047
15:51:29.061   9745,259      34853,0156
15:59:14.212  10210,410      37751,8580
15:59:14.763  10210,961      37762,8927
15:59:15.294  10211,492      37757,7002
15:59:15.847  10212,045      37731,6894
15:59:16.392  10212,590      37713,2065
15:59:16.964  10213,162      37693,4198
15:59:17.502  10213,700      37804,6760
15:59:18.045  10214,243      37770,2370
15:59:18.581  10214,779      37759,3491
15:59:19.115  10215,313      37725,7870
15:59:19.652  10215,850      37805,8579
15:59:20.162  10216,360      37768,9562
15:59:20.682  10216,880      37778,6328
15:59:21.215  10217,413      37749,6884
15:59:21.791  10217,989      37789,1891
15:59:22.303  10218,501      37756,6392
15:59:22.860  10219,058      37807,2375
15:59:23.404  10219,602      37769,9939
15:59:23.947  10220,145      37775,5422
15:59:24.534  10220,732      37776,5376
15:59:25.062  10221,260      37775,9105
15:59:25.639  10221,837      37787,8067
15:59:26.202  10222,400      37788,2245
15:59:26.772  10222,970      37818,6194
15:59:27.339  10223,537      37756,4892
15:59:27.938  10224,136      37747,3031
15:59:28.466  10224,664      37780,4390
15:59:29.041  10225,239      37850,8833
15:59:29.618  10225,816      37807,8323
15:59:30.140  10226,338      37752,5132
15:59:30.696  10226,894      37809,1363
15:59:31.256  10227,454      37790,0116
15:59:31.803  10228,001      37785,7697
15:59:32.343  10228,541      37798,9266
15:59:32.910  10229,108      37784,9081
15:59:33.481  10229,679      37792,5198
15:59:34.179  10230,377      37737,3349
15:59:34.767  10230,965      37797,2112
15:59:35.326  10231,524      37804,4834
15:59:35.881  10232,079      37774,5386
15:59:36.410  10232,608      37733,7537
15:59:36.967  10233,165      37767,2705
15:59:37.499  10233,697      37785,9232
15:59:38.157  10234,355      37821,4229
15:59:38.732  10234,930      37761,9105
15:59:39.319  10235,517      37728,0441
15:59:39.863  10236,061      37746,7523
15:59:40.388  10236,586      37794,1138
15:59:40.934  10237,132      37782,8659
15:59:41.525  10237,723      37738,1522
15:59:42.157  10238,355      37711,0826
15:59:42.708  10238,906      37745,8260
15:59:43.287  10239,485      37765,5751
15:59:43.833  10240,031      37761,0855
15:59:44.418  10240,616      37695,7421
15:59:44.982  10241,180      37713,5428
15:59:45.536  10241,734      37730,3101
15:59:46.203  10242,401      37726,8650
15:59:46.769  10242,967      37764,5759
15:59:47.338  10243,536      37766,2960
15:59:47.883  10244,081      37680,9762
15:59:48.406  10244,604      37698,8548
15:59:48.964  10245,162      37680,5386
15:59:49.539  10245,737      37693,6532
15:59:50.148  10246,346      37616,6828
15:59:50.702  10246,900      37569,0284
15:59:51.284  10247,482      37542,1469
15:59:51.867  10248,065      37467,5248
15:59:52.444  10248,642      37370,7548
15:59:53.004  10249,202      37214,3408
15:59:53.550  10249,748      37091,6590
15:59:54.161  10250,359      36918,1604
15:59:54.721  10250,919      36642,0197
15:59:55.300  10251,498      36493,2139
15:59:55.839  10252,037      36327,8050
15:59:56.366  10252,564      36082,0946
15:59:56.913  10253,111      35972,4701
15:59:57.447  10253,645      35870,3573
15:59:58.018  10254,216      35626,3358
15:59:58.541  10254,739      35462,0005
15:59:59.072  10255,270      35348,4204
15:59:59.641  10255,839      35184,2325
16:00:00.152  10256,350      35022,2110
16:00:00.726  10256,924      34856,6883
16:00:01.274  10257,472      34644,2663
16:00:01.836  10258,034      34430,9818
16:00:02.400  10258,598      34215,7127
16:00:02.950  10259,148      34038,8182
16:00:03.496  10259,694      33850,2004
16:00:04.136  10260,334      33673,0059
16:00:04.682  10260,880      33434,5456
16:00:05.244  10261,442      33167,5856
16:00:05.809  10262,007      32956,4667
16:00:06.348  10262,546      32691,6953
16:00:06.924  10263,122      32482,6091
16:00:07.484  10263,682      32192,1473
16:00:08.020  10264,218      31918,8415
16:00:08.565  10264,763      31603,5038
16:00:09.102  10265,300      31333,9332
16:00:09.681  10265,879      30968,8124
16:00:10.198  10266,396      30732,3852
16:00:10.770  10266,968      30342,2087
16:00:11.278  10267,476      29956,1085
16:00:11.838  10268,036      29581,8224
16:00:12.381  10268,579      29167,9735
16:00:12.965  10269,163      28760,8916
16:00:13.513  10269,711      28322,6827
16:00:14.126  10270,324      27880,1470
16:00:14.682  10270,880      27330,1964
16:00:15.224  10271,422      26878,7047
16:00:15.769  10271,967      26371,4731
16:00:16.304  10272,502      25884,4327
16:00:16.835  10273,033      25396,4675
16:00:17.393  10273,591      24820,4430
16:00:17.943  10274,141      24293,6023
16:00:18.473  10274,671      23785,0490
16:00:19.049  10275,247      23176,8467
16:00:19.591  10275,789      22594,3572
16:00:20.195  10276,393      22019,8655
16:00:20.725  10276,923      21381,5641
16:00:21.254  10277,452      20846,8715
16:00:21.795  10277,993      20292,9908
16:00:22.355  10278,553      19701,8024
16:00:22.900  10279,098      19176,6930
16:00:23.456  10279,654      18601,1822
16:00:24.031  10280,229      18074,9279
16:00:24.572  10280,770      17581,3736
16:00:25.138  10281,336      17071,3845
16:00:25.715  10281,913      16547,8178
16:00:26.237  10282,435      16104,6488
16:00:26.764  10282,962      15647,1864
16:00:27.328  10283,526      15227,2852
16:00:27.906  10284,104      14785,5564
16:00:28.441  10284,639      14333,8431
16:00:29.004  10285,202      14011,6565
16:00:29.563  10285,761      13550,9470
16:00:30.171  10286,369      13241,0472
16:00:30.714  10286,912      12825,0568
16:00:31.228  10287,426      12500,7741
16:00:31.777  10287,975      12211,5582
16:00:32.303  10288,501      11888,1720
16:00:32.836  10289,034      11600,7985
16:00:33.402  10289,600      11302,8136
16:00:33.958  10290,156      11030,1340
16:00:34.535  10290,733      10768,5455
16:00:35.070  10291,268      10503,4679
16:00:35.608  10291,806      10311,2285
16:00:36.151  10292,349      10083,2261
16:00:36.725  10292,923       9834,1776
16:00:37.281  10293,479       9596,9898
16:00:37.831  10294,029       9419,1847
16:00:38.341  10294,539       9211,5817
16:00:38.878  10295,076       9040,9312
16:00:39.448  10295,646       8978,1762
16:00:39.997  10296,195       8918,8548
16:00:40.508  10296,706       8963,1094
16:00:41.049  10297,247       8986,0802
16:00:41.593  10297,791       9056,9271
16:00:42.153  10298,351       9147,0420
16:00:42.714  10298,912       9284,2762
16:00:43.257  10299,455       9446,0468
16:00:43.796  10299,994       9552,7625
16:00:44.319  10300,517       9714,2466
16:00:44.861  10301,059       9886,9890
16:00:45.417  10301,615      10097,1568
16:00:45.997  10302,195      10305,8290
16:00:46.521  10302,719      10508,9097
16:00:47.098  10303,296      10777,1623
16:00:47.648  10303,846      11027,7096
16:00:48.183  10304,381      11193,9364
16:00:48.718  10304,916      11511,1111
16:00:49.282  10305,480      11785,6701
16:00:49.870  10306,068      12085,9288
16:00:50.389  10306,587      12402,4251
16:00:50.939  10307,137      12719,7713
16:00:51.517  10307,715      13052,9121
16:00:52.027  10308,225      13366,6982
16:00:52.559  10308,757      13766,9706
16:00:53.133  10309,331      14144,8328
16:00:53.683  10309,881      14529,1800
16:00:54.237  10310,435      14937,9070
16:00:54.769  10310,967      15383,1166
16:00:55.317  10311,515      15745,9995
16:00:55.855  10312,053      16307,7841
16:00:56.390  10312,588      16768,0802
16:00:56.927  10313,125      17228,7534
16:00:57.538  10313,736      17828,1816
16:00:58.172  10314,370      18439,4222
16:00:58.727  10314,925      19119,3535
16:00:59.251  10315,449      19712,8383
16:00:59.790  10315,988      20345,8039
16:01:00.329  10316,527      20957,8401
16:01:00.870  10317,068      21514,7082
16:01:01.432  10317,630      22079,8758
16:01:01.980  10318,178      22705,5527
16:01:02.521  10318,719      23311,9259
16:01:03.071  10319,269      23835,0653
16:01:03.656  10319,854      24365,6589
16:01:04.254  10320,452      24786,2801
16:01:04.807  10321,005      25390,9919
16:01:05.336  10321,534      25835,8430
16:01:05.873  10322,071      26247,1474
16:01:06.408  10322,606      26641,9729
16:01:06.989  10323,187      27068,7237
16:01:07.540  10323,738      27425,6856
16:01:08.166  10324,364      27792,5641
16:01:08.739  10324,937      28197,2616
16:01:09.304  10325,502      28599,5500
16:01:09.844  10326,042      28909,7419
16:01:10.355  10326,553      29191,9803
16:01:10.898  10327,096      29527,3166
16:01:11.464  10327,662      29810,4369
16:01:12.012  10328,210      30120,1122
16:01:12.595  10328,793      30426,2746
16:01:13.135  10329,333      30731,1337
16:01:13.666  10329,864      31060,4296
16:01:14.196  10330,394      31312,4151
16:01:14.739  10330,937      31578,2717
16:01:15.308  10331,506      31928,9155
16:01:15.847  10332,045      32248,3780
16:01:16.381  10332,579      32482,1814
16:01:16.914  10333,112      32817,6985
16:01:17.472  10333,670      33103,8101
16:01:18.127  10334,325      33471,9338
16:01:18.692  10334,890      33728,9171
16:01:19.241  10335,439      34015,0659
16:01:19.790  10335,988      34243,9612
16:01:20.321  10336,519      34457,2094
16:01:20.863  10337,061      34687,5089
16:01:21.449  10337,647      34931,8023
16:01:21.986  10338,184      35118,7438
16:01:22.510  10338,708      35302,0080
16:01:23.062  10339,260      35505,4033
16:01:23.612  10339,810      35657,1904
16:01:24.139  10340,337      35784,4981
16:01:24.707  10340,905      35987,9196
16:01:25.281  10341,479      36089,8003
16:01:25.821  10342,019      36213,2126
16:01:26.404  10342,602      36380,5220
16:01:26.942  10343,140      36485,3897
16:01:27.498  10343,696      36514,0421
16:01:28.038  10344,236      36604,2545
16:01:28.570  10344,768      36728,2012
16:01:29.073  10345,271      36760,1060
16:01:29.648  10345,846      36861,2378
16:01:30.194  10346,392      36916,6011
16:01:30.751  10346,949      36946,1964
16:01:31.292  10347,490      37010,2146
16:01:31.846  10348,044      37066,1429
16:01:32.372  10348,570      37102,1278
16:01:32.911  10349,109      37138,8681
16:01:33.458  10349,656      37179,4017
16:01:34.018  10350,216      37164,3219
16:01:34.598  10350,796      37229,0521
16:01:35.163  10351,361      37237,1121
16:01:35.717  10351,915      37254,6061
16:01:36.266  10352,464      37278,8854
16:01:36.800  10352,998      37331,1413
16:01:37.335  10353,533      37286,8168
16:01:37.866  10354,064      37298,3682
16:01:38.380  10354,578      37288,8213
16:01:38.916  10355,114      37410,3854
16:01:39.517  10355,715      37370,9431
16:01:40.056  10356,254      37381,5039
16:01:40.619  10356,817      37360,5400
16:01:41.162  10357,360      37408,8633
16:01:41.708  10357,906      37348,9562
16:01:42.231  10358,429      37440,7237
16:01:42.786  10358,984      37440,1142
16:01:43.375  10359,573      37436,7649
16:01:43.923  10360,121      37418,9946
16:01:44.447  10360,645      37419,5974
16:01:45.010  10361,208      37439,3572
16:01:45.576  10361,774      37463,7988
16:01:46.214  10362,412      37480,3776
16:01:46.743  10362,941      37490,0313
16:01:47.320  10363,518      37489,9055
16:01:47.878  10364,076      37485,1145
16:01:48.408  10364,606      37479,3439
16:01:48.982  10365,180      37500,9008
16:01:49.530  10365,728      37448,6247
16:01:50.131  10366,329      37481,7649
16:01:50.672  10366,870      37460,5039
16:01:51.174  10367,372      37472,8173
16:01:51.724  10367,922      37473,5911
16:01:52.257  10368,455      37535,8581
16:01:52.802  10369,000      37531,3305
16:01:53.372  10369,570      37470,3249
16:01:53.940  10370,138      37494,5267
16:01:54.490  10370,688      37540,8340
16:01:55.039  10371,237      37542,5451
16:01:55.584  10371,782      37557,7707
16:01:56.132  10372,330      37564,6792
16:01:56.671  10372,869      37528,2304
16:01:57.232  10373,430      37562,4112
16:01:57.789  10373,987      37584,1954
16:01:58.292  10374,490      37592,1507
16:01:58.820  10375,018      37605,8747
16:01:59.364  10375,562      37577,5938
16:01:59.944  10376,142      37636,5283
16:02:00.536  10376,734      37597,9690
16:02:01.056  10377,254      37616,8793
16:02:01.594  10377,792      37685,8082
16:02:02.126  10378,324      37617,9558
16:02:02.728  10378,926      37683,9637
16:02:03.260  10379,458      37619,6859
16:02:03.850  10380,048      37625,3901
16:02:04.375  10380,573      37620,0472
16:02:04.922  10381,120      37672,9662
16:02:05.490  10381,688      37641,3546
16:02:06.185  10382,383      37627,9297
16:02:06.743  10382,941      37645,8677
16:02:07.295  10383,493      37629,8179
16:02:07.873  10384,071      37633,2488
16:02:08.403  10384,601      37631,0694
16:02:08.939  10385,137      37647,9091
16:02:09.509  10385,707      37676,7361
16:02:10.056  10386,254      37628,1132
16:02:10.564  10386,762      37631,8961
16:02:11.122  10387,320      37665,5467
16:02:11.681  10387,879      37657,1268
16:02:12.206  10388,404      37616,1185
16:02:12.759  10388,957      37687,6204
16:02:13.318  10389,516      37633,5889
16:02:13.887  10390,085      37625,8935
16:02:14.417  10390,615      37610,5807
16:02:14.972  10391,170      37614,6041
16:02:15.501  10391,699      37686,0080
16:02:16.043  10392,241      37678,4419
16:02:16.584  10392,782      37664,4193
16:02:17.139  10393,337      37647,2975
16:02:17.677  10393,875      37658,6952
16:02:18.224  10394,422      37697,3165
16:02:18.787  10394,985      37600,0536
16:02:19.289  10395,487      37668,5222
16:02:19.840  10396,038      37695,9616
16:02:20.388  10396,586      37663,8863
16:02:20.931  10397,129      37632,4483
16:02:21.461  10397,659      37624,9112
16:02:22.017  10398,215      37667,5505
16:02:22.625  10398,823      37678,0210
16:02:23.176  10399,374      37661,6868
16:02:23.753  10399,951      37670,3317
16:02:24.316  10400,514      37677,9479
16:02:24.877  10401,075      37692,5331
16:02:25.428  10401,626      37670,3494
16:02:26.016  10402,214      37681,1050
16:02:26.541  10402,739      37676,4517
16:02:27.125  10403,323      37688,6124
16:02:27.663  10403,861      37758,5359
16:02:28.184  10404,382      37675,5725
16:02:28.748  10404,946      37682,5559
16:02:29.298  10405,496      37719,2830
16:02:29.877  10406,075      37721,2622
16:02:30.402  10406,600      37721,6698
16:02:30.905  10407,103      37648,0451
16:02:31.452  10407,650      37708,0380
16:02:32.047  10408,245      37730,3239
16:02:32.581  10408,779      37672,7135
16:02:33.141  10409,339      37755,1102
16:02:33.714  10409,912      37690,8945
16:02:34.236  10410,434      37734,0588
16:02:34.772  10410,970      37692,7401
16:02:35.368  10411,566      37725,3532
16:02:35.967  10412,165      37709,3884
16:02:36.538  10412,736      37710,4119
16:02:37.065  10413,263      37778,8925
16:02:37.601  10413,799      37752,8488
16:02:38.157  10414,355      37741,7267
16:02:38.719  10414,917      37667,5453
16:02:39.252  10415,450      37653,1168
16:02:39.805  10416,003      37626,4269
16:02:40.343  10416,541      37634,7878
16:02:40.924  10417,122      37601,6746
16:02:41.461  10417,659      37493,0449
16:02:42.154  10418,352      37462,7595
16:02:42.712  10418,910      37290,9586
16:02:43.288  10419,486      37103,1622
16:02:43.858  10420,056      36981,7798
16:02:44.398  10420,596      36809,4636
16:02:44.938  10421,136      36603,8416
16:02:45.482  10421,680      36465,3010
16:02:46.041  10422,239      36259,7488
16:02:46.651  10422,849      36100,2722
16:02:47.207  10423,405      35896,5600
16:02:47.754  10423,952      35719,2982
16:02:48.294  10424,492      35593,9748
16:02:48.859  10425,057      35448,2616
16:02:49.410  10425,608      35291,4296
16:02:49.960  10426,158      35089,3313
16:02:50.492  10426,690      34898,9865
16:02:51.075  10427,273      34794,9178
16:02:51.639  10427,837      34565,4855
16:02:52.153  10428,351      34486,5202
16:02:52.719  10428,917      34211,5473
16:02:53.255  10429,453      34054,9040
16:02:53.819  10430,017      33857,3678
16:02:54.380  10430,578      33652,7290
16:02:54.919  10431,117      33455,5801
16:02:55.492  10431,690      33232,8662
16:02:56.042  10432,240      33031,7482
16:02:56.571  10432,769      32810,8270
16:02:57.147  10433,345      32558,8266
16:02:57.689  10433,887      32229,1418
16:02:58.244  10434,442      31964,0745
16:02:58.798  10434,996      31721,9108
16:02:59.337  10435,535      31410,8798
16:02:59.869  10436,067      31116,9658
16:03:00.405  10436,603      30789,7109
16:03:00.980  10437,178      30402,5185
16:03:01.526  10437,724      30093,3320
16:03:02.130  10438,328      29714,6629
16:03:02.698  10438,896      29269,8390
16:03:03.262  10439,460      28825,7975
16:03:03.831  10440,029      28411,7572
16:03:04.384  10440,582      27980,6483
16:03:04.926  10441,124      27514,0081
16:03:05.488  10441,686      27044,5419
16:03:06.028  10442,226      26560,1212
16:03:06.570  10442,768      26104,8612
16:03:07.104  10443,302      25600,8501
16:03:07.653  10443,851      25053,2117
16:03:08.181  10444,379      24628,5181
16:03:08.736  10444,934      23953,5190
16:03:09.309  10445,507      23402,7462
16:03:09.868  10446,066      22825,2472
16:03:10.394  10446,592      22261,3308
16:03:10.950  10447,148      21673,7653
16:03:11.528  10447,726      21077,4666
16:03:12.149  10448,347      20482,4233
16:03:12.693  10448,891      19894,9564
16:03:13.229  10449,427      19367,4599
16:03:13.775  10449,973      18769,0848
16:03:14.340  10450,538      18300,0333
16:03:14.913  10451,111      17719,9994
16:03:15.455  10451,653      17278,4933
16:03:15.997  10452,195      16765,1900
16:03:16.532  10452,730      16332,1043
16:03:17.068  10453,266      15909,6081
16:03:17.628  10453,826      15429,0916
16:03:18.153  10454,351      15086,4650
16:03:18.716  10454,914      14615,8467
16:03:19.255  10455,453      14213,9486
16:03:19.817  10456,015      13843,6261
16:03:20.396  10456,594      13427,0171
16:03:20.944  10457,142      13041,7966
16:03:21.507  10457,705      12739,8512
16:03:22.128  10458,326      12370,3019
16:03:22.689  10458,887      12044,3024
16:03:23.222  10459,420      11742,4641
16:03:23.761  10459,959      11504,6864
16:03:24.292  10460,490      11218,9909
16:03:24.845  10461,043      10940,9816
16:03:25.390  10461,588      10696,2293
16:03:25.954  10462,152      10409,8514
16:03:26.488  10462,686      10215,2492
16:03:27.084  10463,282       9957,0792
16:03:27.631  10463,829       9729,8401
16:03:28.150  10464,348       9567,2035
16:03:28.723  10464,921       9315,4426
16:03:29.315  10465,513       9112,1593
16:03:29.846  10466,044       9019,2290
16:03:30.404  10466,602       8987,2819
16:03:30.952  10467,150       9029,9058
16:03:31.497  10467,695       9075,9817
16:03:32.171  10468,369       9155,6823
16:03:32.751  10468,949       9266,6633
16:03:33.308  10469,506       9385,6104
16:03:33.869  10470,067       9520,7446
16:03:34.413  10470,611       9676,3187
16:03:34.943  10471,141       9874,6987
16:03:35.480  10471,678      10048,1763
16:03:36.028  10472,226      10240,0250
16:03:36.574  10472,772      10477,4993
16:03:37.130  10473,328      10651,5301
16:03:37.681  10473,879      10862,9123
16:03:38.223  10474,421      11079,3621
16:03:38.787  10474,985      11389,0290
16:03:39.359  10475,557      11671,0073
16:03:39.904  10476,102      11946,2255
16:03:40.429  10476,627      12231,4715
16:03:40.991  10477,189      12527,0731
16:03:41.528  10477,726      12859,1137
16:03:42.165  10478,363      13219,0812
16:03:42.731  10478,929      13667,5209
16:03:43.292  10479,490      14009,9814
16:03:43.839  10480,037      14420,1309
16:03:44.404  10480,602      14809,7928
16:03:44.945  10481,143      15243,1606
16:03:45.526  10481,724      15667,6420
16:03:46.151  10482,349      16171,9159
16:03:46.706  10482,904      16717,8423
16:03:47.261  10483,459      17227,0721
16:03:47.801  10483,999      17813,7323
16:03:48.355  10484,553      18344,7634
16:03:48.899  10485,097      18954,7184
16:03:49.481  10485,679      19589,8338
16:03:50.041  10486,239      20210,9797
16:03:50.576  10486,774      20819,1940
16:03:51.135  10487,333      21469,9721
16:03:51.679  10487,877      22040,7066
16:03:52.202  10488,400      22576,0960
16:03:52.781  10488,979      23201,8098
16:03:53.336  10489,534      23735,3096
16:03:53.848  10490,046      24251,2143
16:03:54.386  10490,584      24780,5746
16:03:54.922  10491,120      25228,0600
16:03:55.509  10491,707      25744,4948
16:03:56.040  10492,238      26148,8597
16:03:56.585  10492,783      26609,7000
16:03:57.140  10493,338      26960,0796
16:03:57.722  10493,920      27340,2935
16:03:58.255  10494,453      27761,7536
16:03:58.756  10494,954      28061,1894
16:03:59.309  10495,507      28408,5958
16:03:59.872  10496,070      28755,6202
16:04:00.403  10496,601      29021,5510
16:04:00.948  10497,146      29382,2013
16:04:01.534  10497,732      29702,1948
16:04:02.146  10498,344      30030,2062
16:04:02.719  10498,917      30353,0833
16:04:03.271  10499,469      30623,0332
16:04:03.810  10500,008      30911,9904
16:04:04.341  10500,539      31207,8070
16:04:04.898  10501,096      31506,7921
16:04:05.463  10501,661      31847,3673
16:04:05.997  10502,195      32122,5177
16:04:06.537  10502,735      32411,8973
16:04:07.104  10503,302      32676,5896
16:04:07.692  10503,890      33031,2683
16:04:08.212  10504,410      33275,4547
16:04:08.776  10504,974      33564,7824
16:04:09.365  10505,563      33881,5966
16:04:09.907  10506,105      34134,4070
16:04:10.439  10506,637      34372,7425
16:04:10.970  10507,168      34598,9045
16:04:11.526  10507,724      34807,2715
16:04:12.139  10508,337      34981,7381
16:04:12.711  10508,909      35179,2184
16:04:13.288  10509,486      35395,5878
16:04:13.862  10510,060      35574,4740
16:04:14.376  10510,574      35784,0107
16:04:14.948  10511,146      35867,5297
16:04:15.496  10511,694      36086,6312
16:04:16.043  10512,241      36181,3579
16:04:16.596  10512,794      36299,9182
16:04:17.147  10513,345      36440,4640
16:04:17.684  10513,882      36513,4327
16:04:18.195  10514,393      36576,4237
16:04:18.765  10514,963      36703,9805
16:04:19.321  10515,519      36770,4236
16:04:19.895  10516,093      36774,3226
16:04:20.442  10516,640      36868,5458
16:04:20.980  10517,178      36932,1837
16:04:21.541  10517,739      36951,4537
16:04:22.175  10518,373      36963,8885
16:04:22.760  10518,958      37032,9023
16:04:23.317  10519,515      37075,4248
16:04:23.851  10520,049      37139,3261
16:04:24.436  10520,634      37123,9740
16:04:24.991  10521,189      37169,2318
16:04:25.532  10521,730      37198,9364
16:04:26.187  10522,385      37233,0826
16:04:26.740  10522,938      37248,4431
16:04:27.293  10523,491      37296,3991
16:04:27.829  10524,027      37303,9303
16:04:28.381  10524,579      37254,5917
16:04:28.905  10525,103      37276,0584
16:04:29.412  10525,610      37238,9429
16:04:29.942  10526,140      37373,7126
16:04:30.483  10526,681      37284,2230
16:04:31.024  10527,222      37336,5836
16:04:31.556  10527,754      37298,9366
16:04:32.172  10528,370      37344,3685
16:04:32.765  10528,963      37336,0365
16:04:33.320  10529,518      37344,5296
16:04:33.860  10530,058      37393,0294
16:04:34.427  10530,625      37384,2181
16:04:35.007  10531,205      37352,0969
16:04:35.549  10531,747      37387,2268
16:04:36.164  10532,362      37409,0352
16:04:36.714  10532,912      37414,9660
16:04:37.267  10533,465      37436,6950
16:04:37.819  10534,017      37445,3207
16:04:38.325  10534,523      37447,2787
16:04:38.877  10535,075      37363,9689
16:04:39.447  10535,645      37466,0994
16:04:40.011  10536,209      37444,8157
16:04:40.538  10536,736      37460,0054
16:04:41.090  10537,288      37431,8744
16:04:41.639  10537,837      37411,2570
16:04:42.159  10538,357      37426,3756
16:04:42.719  10538,917      37429,3420
16:04:43.263  10539,461      37435,3928
16:04:43.803  10540,001      37427,0083
16:04:44.373  10540,571      37448,8463
16:04:44.971  10541,169      37495,0348
16:04:45.550  10541,748      37514,1061
16:04:46.200  10542,398      37468,7374
16:04:46.755  10542,953      37446,5399
16:04:47.321  10543,519      37492,6589
16:04:47.866  10544,064      37483,1466
16:04:48.410  10544,608      37527,3422
16:04:48.997  10545,195      37493,3724
16:04:49.535  10545,733      37513,2506
16:04:50.181  10546,379      37513,1035
16:04:50.704  10546,902      37560,1268
16:04:51.264  10547,462      37527,1172
16:04:51.853  10548,051      37547,3472
16:04:52.391  10548,589      37541,6876
16:04:52.894  10549,092      37507,8120
16:04:53.462  10549,660      37467,8938
16:04:53.997  10550,195      37563,3244
16:04:54.540  10550,738      37517,9020
16:04:55.086  10551,284      37522,7963
16:04:55.646  10551,844      37521,4802
16:04:56.185  10552,383      37521,0807
16:04:56.748  10552,946      37514,5623
16:04:57.315  10553,513      37544,4822
16:04:57.871  10554,069      37505,3235
16:04:58.424  10554,622      37559,0192
16:04:58.970  10555,168      37540,5688
16:04:59.518  10555,716      37519,6448
16:05:00.159  10556,357      37514,9188
16:05:00.683  10556,881      37547,1491
16:05:01.256  10557,454      37535,7519
16:05:01.826  10558,024      37611,0107
16:05:02.363  10558,561      37570,1650
16:05:02.931  10559,129      37538,6434
16:05:03.504  10559,702      37545,0456
16:05:04.163  10560,361      37543,8418
16:05:04.707  10560,905      37517,1390
16:05:05.263  10561,461      37520,9262
16:05:05.830  10562,028      37558,4924
16:05:06.450  10562,648      37571,8300
16:05:07.003  10563,201      37557,5456
16:05:07.571  10563,769      37559,2518
16:05:08.191  10564,389      37596,3614
16:05:08.695  10564,893      37592,3991
16:05:09.251  10565,449      37601,8581
16:05:09.846  10566,044      37653,7911
16:05:10.416  10566,614      37595,9418
16:05:10.976  10567,174      37571,8268
16:05:11.521  10567,719      37615,1011
16:05:12.147  10568,345      37570,7978
16:05:12.737  10568,935      37605,4039
16:05:13.284  10569,482      37618,6241
16:05:13.846  10570,044      37593,7580
16:05:14.416  10570,614      37611,1033
16:05:14.970  10571,168      37588,1624
16:05:15.548  10571,746      37591,2858
16:05:16.167  10572,365      37592,6633
16:05:16.739  10572,937      37595,7334
16:05:17.284  10573,482      37550,5235
16:05:17.821  10574,019      37602,5165
16:05:18.370  10574,568      37629,6457
16:05:18.913  10575,111      37586,2466
16:05:19.487  10575,685      37581,4634
16:05:20.190  10576,388      37589,3603
16:05:20.760  10576,958      37539,5701
16:05:21.305  10577,503      37635,6763
16:05:21.875  10578,073      37604,3987
16:05:22.414  10578,612      37586,3176
16:05:22.965  10579,163      37597,8745
16:05:23.538  10579,736      37575,2818
16:05:24.141  10580,339      37588,9140
16:05:24.701  10580,899      37594,9919
16:05:25.261  10581,459      37590,3716
16:05:25.817  10582,015      37588,2171
16:05:26.345  10582,543      37581,1563
16:05:26.911  10583,109      37562,0931
16:05:27.471  10583,669      37584,8783
16:05:28.003  10584,201      37548,8812
16:05:28.588  10584,786      37577,2959
16:05:29.134  10585,332      37519,5971
16:05:29.675  10585,873      37588,5503
16:05:30.241  10586,439      37588,4901
16:05:30.823  10587,021      37519,3599
16:05:31.363  10587,561      37465,8815
16:05:31.932  10588,130      37425,4942
16:05:32.450  10588,648      37370,7497
16:05:32.990  10589,188      37231,2122
16:05:33.564  10589,762      37100,1547
16:05:34.190  10590,388      36916,6171
16:05:34.726  10590,924      36731,4091
16:05:35.288  10591,486      36524,5076
16:05:35.834  10592,032      36346,7624
16:05:36.352  10592,550      36234,8340
16:05:36.909  10593,107      36049,6687
16:05:37.488  10593,686      35879,3726
16:05:38.040  10594,238      35747,3141
16:05:38.582  10594,780      35583,6319
16:05:39.137  10595,335      35438,8646
16:05:39.696  10595,894      35267,9311
16:05:40.219  10596,417      35150,0838
16:05:40.719  10596,917      34958,9105
16:05:41.287  10597,485      34814,8441
16:05:41.787  10597,985      34652,4574
16:05:42.359  10598,557      34483,1272
16:05:42.901  10599,099      34312,4351
16:05:43.435  10599,633      34104,8723
16:05:43.978  10600,176      33948,9571
16:05:44.492  10600,690      33753,3135
16:05:45.059  10601,257      33521,4663
16:05:45.593  10601,791      33363,0465
16:05:46.224  10602,422      33175,6541
16:05:46.789  10602,987      32873,0050
16:05:47.363  10603,561      32634,0231
16:05:47.936  10604,134      32341,2664
16:05:48.494  10604,692      32078,3165
16:05:49.035  10605,233      31804,3980
16:05:49.576  10605,774      31544,9565
16:05:50.201  10606,399      31223,4116
16:05:50.758  10606,956      30884,0447
16:05:51.334  10607,532      30560,9480
16:05:51.889  10608,087      30176,5033
16:05:52.412  10608,610      29840,9970
16:05:52.980  10609,178      29426,2630
16:05:53.549  10609,747      29017,7279
16:05:54.186  10610,384      28609,5356
16:05:54.746  10610,944      28089,6514
16:05:55.257  10611,455      27664,3842
16:05:55.833  10612,031      27161,0259
16:05:56.384  10612,582      26753,1346
16:05:56.926  10613,124      26249,4154
16:05:57.476  10613,674      25718,4868
16:05:58.032  10614,230      25241,3031
16:05:58.560  10614,758      24754,6045
16:05:59.061  10615,259      24201,1144
16:05:59.601  10615,799      23647,5977
16:06:00.206  10616,404      23128,4987
16:06:00.767  10616,965      22472,2814
16:06:01.327  10617,525      21924,8112
16:06:01.893  10618,091      21320,7181
16:06:02.435  10618,633      20752,3682
16:06:02.981  10619,179      20229,4464
16:06:03.520  10619,718      19662,9853
16:06:04.169  10620,367      19096,4254
16:06:04.715  10620,913      18457,5579
16:06:05.254  10621,452      18003,1506
16:06:05.792  10621,990      17528,9237
16:06:06.306  10622,504      17060,5638
16:06:06.860  10623,058      16600,6671
16:06:07.414  10623,612      16181,2280
16:06:07.981  10624,179      15710,7709
16:06:08.515  10624,713      15312,8213
16:06:09.099  10625,297      14856,6889
16:06:09.633  10625,831      14447,4148
16:06:10.205  10626,403      14133,5571
16:06:10.774  10626,972      13674,7338
16:06:11.312  10627,510      13289,0901
16:06:11.858  10628,056      12974,3816
16:06:12.406  10628,604      12622,5517
16:06:12.950  10629,148      12298,6076
16:06:13.520  10629,718      12003,1162
16:06:14.174  10630,372      11666,2508
16:06:14.719  10630,917      11344,6816
16:06:15.271  10631,469      11104,7706
16:06:15.815  10632,013      10823,8435
16:06:16.328  10632,526      10606,4183
16:06:16.882  10633,080      10343,4272
16:06:17.420  10633,618      10124,1539
16:06:17.969  10634,167       9849,0014
16:06:18.532  10634,730       9619,2405
16:06:19.086  10635,284       9412,9757
16:06:19.676  10635,874       9206,7076
16:06:20.232  10636,430       9126,5420
16:06:20.774  10636,972       9067,6278
16:06:21.320  10637,518       9077,9189
16:06:21.867  10638,065       9098,2813
16:06:22.424  10638,622       9157,3404
16:06:22.979  10639,177       9284,3993
16:06:23.542  10639,740       9426,7850
16:06:24.223  10640,421       9534,4964
16:06:24.806  10641,004       9723,7349
16:06:25.371  10641,569       9933,5614
16:06:25.904  10642,102      10138,3070
16:06:26.432  10642,630      10292,4068
16:06:26.966  10643,164      10479,6795
16:06:27.539  10643,737      10726,5747
16:06:28.183  10644,381      10984,9839
16:06:28.754  10644,952      11241,0779
16:06:29.303  10645,501      11510,3921
16:06:29.878  10646,076      11762,4345
16:06:30.407  10646,605      12048,1854
16:06:30.961  10647,159      12381,4936
16:06:31.519  10647,717      12744,3999
16:06:32.140  10648,338      13021,7575
16:06:32.722  10648,920      13418,2486
16:06:33.260  10649,458      13762,8469
16:06:33.820  10650,018      14158,0056
16:06:34.338  10650,536      14516,7934
16:06:34.877  10651,075      14943,2046
16:06:35.426  10651,624      15349,2718
16:06:35.980  10652,178      15811,9077
16:06:36.525  10652,723      16253,6634
16:06:37.056  10653,254      16786,3571
16:06:37.596  10653,794      17294,7161
16:06:38.249  10654,447      17782,0081
16:06:38.801  10654,999      18492,9123
16:06:39.331  10655,529      19068,6983
16:06:39.866  10656,064      19661,2591
16:06:40.435  10656,633      20320,4924
16:06:40.970  10657,168      20956,9138
16:06:41.544  10657,742      21551,2368
16:06:42.184  10658,382      22219,2700
16:06:42.726  10658,924      22867,9326
16:06:43.262  10659,460      23409,1609
16:06:43.828  10660,026      24011,8736
16:06:44.386  10660,584      24529,4449
16:06:44.921  10661,119      25015,3625
16:06:45.488  10661,686      25518,2031
16:06:46.014  10662,212      25963,8827
16:06:46.542  10662,740      26346,2675
16:06:47.093  10663,291      26822,1677
16:06:47.674  10663,872      27216,1252
16:06:48.221  10664,419      27555,5481
16:06:48.780  10664,978      27967,8770
16:06:49.314  10665,512      28257,3806
16:06:49.860  10666,058      28629,9756
16:06:50.401  10666,599      28960,0931
16:06:50.935  10667,133      29274,9513
16:06:51.516  10667,714      29593,1820
16:06:52.203  10668,401      29907,1195
16:06:52.775  10668,973      30243,2789
16:06:53.344  10669,542      30565,1216
16:06:53.880  10670,078      30872,6686
16:06:54.407  10670,605      31158,4302
16:06:54.955  10671,153      31492,5240
16:06:55.522  10671,720      31744,7039
16:06:56.052  10672,250      32036,6747
16:06:56.593  10672,791      32348,2976
16:06:57.138  10673,336      32604,5966
16:06:57.691  10673,889      32877,2868
16:06:58.258  10674,456      33168,8392
16:06:58.792  10674,990      33472,5840
16:06:59.333  10675,531      33682,3584
16:06:59.913  10676,111      34003,7154
16:07:00.453  10676,651      34225,3881
16:07:01.017  10677,215      34481,1833
16:07:01.557  10677,755      34707,6520
16:07:02.154  10678,352      34848,2545
16:07:02.707  10678,905      35069,0546
16:07:03.254  10679,452      35235,4192
16:07:03.817  10680,015      35495,4978
16:07:04.374  10680,572      35662,8490
16:07:04.920  10681,118      35771,4788
16:07:05.433  10681,631      35915,7735
16:07:05.976  10682,174      36101,9322
16:07:06.525  10682,723      36221,3079
16:07:07.079  10683,277      36294,1718
16:07:07.623  10683,821      36454,9036
16:07:08.178  10684,376      36529,4675
16:07:08.716  10684,914      36605,7122
16:07:09.274  10685,472      36738,4191
16:07:09.775  10685,973      36740,7315
16:07:10.304  10686,502      36731,5673
16:07:10.888  10687,086      36856,0177
16:07:11.455  10687,653      36920,6956
16:07:12.014  10688,212      36903,0773
16:07:12.544  10688,742      36966,5665
16:07:13.092  10689,290      37008,1134
16:07:13.644  10689,842      37040,5577
16:07:14.232  10690,430      37053,1895
16:07:14.767  10690,965      37036,1966
16:07:15.361  10691,559      37087,3566
16:07:15.900  10692,098      37145,4355
16:07:16.413  10692,611      37196,9769
16:07:16.977  10693,175      37137,1147
16:07:17.515  10693,713      37221,3990
16:07:18.170  10694,368      37201,4321
16:07:18.721  10694,919      37302,5121
16:07:19.286  10695,484      37203,3545
16:07:19.792  10695,990      37268,8564
16:07:20.344  10696,542      37220,1964
16:07:20.881  10697,079      37251,5680
16:07:21.430  10697,628      37301,9543
16:07:21.991  10698,189      37312,6480
16:07:22.562  10698,760      37280,1242
16:07:23.135  10699,333      37296,7819
16:07:23.704  10699,902      37319,6417
16:07:24.249  10700,447      37305,4024
16:07:24.844  10701,042      37361,8073
16:07:25.388  10701,586      37358,7061
16:07:25.918  10702,116      37302,9119
16:07:26.457  10702,655      37367,0209
16:07:27.003  10703,201      37318,2961
16:07:27.568  10703,766      37317,0436
16:07:28.187  10704,385      37348,5598
16:07:28.733  10704,931      37363,6135
16:07:29.246  10705,444      37408,2806
16:07:29.789  10705,987      37382,0199
16:07:30.349  10706,547      37355,2375
16:07:30.908  10707,106      37390,2196
16:07:31.482  10707,680      37360,0252
16:07:32.029  10708,227      37389,8733
16:07:32.567  10708,765      37365,7186
16:07:33.128  10709,326      37404,8409
16:07:33.701  10709,899      37433,8994
16:07:34.260  10710,458      37434,1798
16:07:34.802  10711,000      37403,3434
16:07:35.343  10711,541      37424,3564
16:07:35.913  10712,111      37388,4731
16:07:36.448  10712,646      37439,6579
16:07:37.005  10713,203      37408,6362
16:07:37.544  10713,742      37412,3736
16:07:38.164  10714,362      37411,6275
16:07:38.715  10714,913      37430,6560
16:07:39.289  10715,487      37429,0358
16:07:39.852  10716,050      37504,7537
16:07:40.386  10716,584      37470,1503
16:07:40.921  10717,119      37522,2459
16:07:41.524  10717,722      37483,6002
16:07:42.052  10718,250      37464,5894
16:07:42.571  10718,769      37458,9169
16:07:43.104  10719,302      37499,3728
16:07:43.677  10719,875      37462,9357
16:07:44.217  10720,415      37469,6129
16:07:44.805  10721,003      37493,4070
16:07:45.384  10721,582      37467,1321
16:07:45.920  10722,118      37529,9262
16:07:46.464  10722,662      37480,1856
16:07:47.012  10723,210      37495,4983
16:07:47.584  10723,782      37471,3253
16:07:48.130  10724,328      37528,8584
16:07:48.663  10724,861      37583,3023
16:07:49.243  10725,441      37538,0345
16:07:49.859  10726,057      37506,1414
16:07:50.371  10726,569      37452,4593
16:07:50.919  10727,117      37499,6945
16:07:51.483  10727,681      37493,5605
16:07:52.029  10728,227      37536,0260
16:07:52.566  10728,764      37497,9019
16:07:53.125  10729,323      37505,6504
16:07:53.700  10729,898      37540,9869
16:07:54.229  10730,427      37504,2876
16:07:54.804  10731,002      37536,9276
16:07:55.353  10731,551      37529,3807
16:07:55.906  10732,104      37516,9067
16:07:56.472  10732,670      37513,8780
16:07:57.042  10733,240      37506,4224
16:07:57.621  10733,819      37478,9723
16:07:58.195  10734,393      37526,2109
16:07:58.774  10734,972      37491,6041
16:07:59.316  10735,514      37502,9148
16:07:59.894  10736,092      37498,3559
16:08:00.432  10736,630      37531,2110
16:08:00.990  10737,188      37537,6656
16:08:01.523  10737,721      37474,8248
16:08:02.151  10738,349      37495,2321
16:08:02.702  10738,900      37568,7379
16:08:03.269  10739,467      37496,1869
16:08:03.808  10740,006      37493,1547
16:08:04.373  10740,571      37493,6691
16:08:04.927  10741,125      37517,7391
16:08:05.491  10741,689      37505,2562
16:08:06.130  10742,328      37510,8272
16:08:06.693  10742,891      37513,5574
16:08:07.245  10743,443      37520,2951
16:08:07.802  10744,000      37446,9474
16:08:08.346  10744,544      37519,2336
16:08:08.887  10745,085      37511,7710
16:08:09.451  10745,649      37564,5350
16:08:09.980  10746,178      37545,1286
16:08:10.533  10746,731      37487,2187
16:08:11.089  10747,287      37513,9514
16:08:11.649  10747,847      37549,2231
16:08:12.179  10748,377      37517,0662
16:08:12.714  10748,912      37575,2231
16:08:13.256  10749,454      37506,8792
16:08:13.806  10750,004      37610,5425
16:08:14.321  10750,519      37532,2661
16:08:14.874  10751,072      37591,5376
16:08:15.454  10751,652      37643,7683
16:08:16.004  10752,202      37543,4757
16:08:16.537  10752,735      37554,6160
16:08:17.096  10753,294      37590,6979
16:08:17.633  10753,831      37583,5834
16:08:18.169  10754,367      37526,9639
16:08:18.730  10754,928      37472,9792
16:08:19.293  10755,491      37510,1425
16:08:19.889  10756,087      37546,4186
16:08:20.406  10756,604      37479,3469
16:08:20.952  10757,150      37495,3303
16:08:21.508  10757,706      37434,4881
16:08:22.185  10758,383      37352,7877
16:08:22.743  10758,941      37354,9922
16:08:23.283  10759,481      37171,4792
16:08:23.826  10760,024      37108,8784
16:08:24.356  10760,554      36913,2978
16:08:24.898  10761,096      36742,7521
16:08:25.459  10761,657      36601,3213
16:08:25.990  10762,188      36394,2870
16:08:26.572  10762,770      36239,9887
16:08:27.111  10763,309      36092,7807
16:08:27.671  10763,869      35947,4064
16:08:28.193  10764,391      35821,6028
16:08:28.740  10764,938      35670,1234
16:08:29.297  10765,495      35463,2330
16:08:29.864  10766,062      35334,3540
16:08:30.423  10766,621      35152,7302
16:08:30.976  10767,174      35008,7281
16:08:31.507  10767,705      34806,5533
16:08:32.160  10768,358      34726,8392
16:08:32.714  10768,912      34494,2674
16:08:33.272  10769,470      34278,4426
16:08:33.810  10770,008      34162,9584
16:08:34.370  10770,568      33926,2266
16:08:34.920  10771,118      33727,6539
16:08:35.459  10771,657      33569,9534
16:08:36.014  10772,212      33343,8969
16:08:36.540  10772,738      33155,7581
16:08:37.099  10773,297      32850,5368
16:08:37.634  10773,832      32680,8399
16:08:38.183  10774,381      32498,0540
16:08:38.768  10774,966      32159,8771
16:08:39.347  10775,545      31902,5102
16:08:39.934  10776,132      31575,1942
16:08:40.474  10776,672      31307,5481
16:08:41.037  10777,235      31019,2583
16:08:41.602  10777,800      30661,4493
16:08:42.142  10778,340      30307,0084
16:08:42.705  10778,903      29956,8015
16:08:43.252  10779,450      29603,2436
16:08:43.789  10779,987      29211,2772
16:08:44.325  10780,523      28848,0752
16:08:44.898  10781,096      28384,2185
16:08:45.459  10781,657      27961,5734
16:08:46.053  10782,251      27517,4372
16:08:46.650  10782,848      27009,1959
16:08:47.182  10783,380      26520,2641
16:08:47.739  10783,937      25976,9374
16:08:48.281  10784,479      25524,5263
16:08:48.854  10785,052      25008,4369
16:08:49.399  10785,597      24449,4847
16:08:49.970  10786,168      23895,2386
16:08:50.501  10786,699      23326,7839
16:08:51.036  10787,234      22780,1827
16:08:51.575  10787,773      22227,6093
16:08:52.188  10788,386      21711,7421
16:08:52.751  10788,949      21061,3397
16:08:53.301  10789,499      20480,5944
16:08:53.852  10790,050      19897,8120
16:08:54.381  10790,579      19410,3500
16:08:54.937  10791,135      18858,4329
16:08:55.493  10791,691      18382,0546
16:08:56.033  10792,231      17861,0427
16:08:56.567  10792,765      17431,8168
16:08:57.107  10793,305      16972,8110
16:08:57.660  10793,858      16507,3208
16:08:58.160  10794,358      16113,9569
16:08:58.717  10794,915      15639,6943
16:08:59.255  10795,453      15235,5980
16:08:59.805  10796,003      14818,0813
16:09:00.350  10796,548      14417,7893
16:09:00.907  10797,105      14024,9156
16:09:01.479  10797,677      13678,6457
16:09:02.013  10798,211      13315,6173
16:09:02.575  10798,773      12914,1424
16:09:03.121  10799,319      12605,9249
16:09:03.656  10799,854      12273,3774
16:09:04.187  10800,385      12025,5003
16:09:04.764  10800,962      11690,1799
16:09:05.320  10801,518      11432,7228
16:09:05.914  10802,112      11112,0346
16:09:06.492  10802,690      10814,5389
16:09:07.049  10803,247      10546,5617
16:09:07.628  10803,826      10272,3278
16:09:08.163  10804,361      10058,4795
16:09:08.711  10804,909       9766,0473
16:09:09.240  10805,438       9518,5719
16:09:09.813  10806,011       9300,6872
16:09:10.345  10806,543       9149,7836
16:09:10.910  10807,108       9073,7056
16:09:11.461  10807,659       9044,1983
16:09:11.995  10808,193       9111,1509
16:09:12.564  10808,762       9167,9055
16:09:13.130  10809,328       9230,8079
16:09:13.664  10809,862       9355,7541
16:09:14.265  10810,463       9502,8351
16:09:14.800  10810,998       9629,6354
16:09:15.339  10811,537       9792,7657
16:09:15.918  10812,116      10003,1156
16:09:16.441  10812,639      10169,5316
16:09:16.973  10813,171      10342,7792
16:09:17.510  10813,708      10578,8097
16:09:18.052  10814,250      10791,0678
16:09:18.580  10814,778      11001,4723
16:09:19.124  10815,322      11267,3651
16:09:19.696  10815,894      11545,5410
16:09:20.245  10816,443      11798,9679
16:09:20.800  10816,998      12103,5492
16:09:21.326  10817,524      12395,4755
16:09:21.924  10818,122      12698,0427
16:09:22.453  10818,651      12994,1926
16:09:23.038  10819,236      13397,4254
16:09:23.607  10819,805      13755,1328
16:09:24.162  10820,360      14084,8559
16:09:24.721  10820,919      14500,5697
16:09:25.303  10821,501      14952,8157
16:09:25.859  10822,057      15359,6855
16:09:26.388  10822,586      15797,7414
16:09:26.938  10823,136      16326,9159
16:09:27.536  10823,734      16815,5235
16:09:28.182  10824,380      17407,4319
16:09:28.762  10824,960      18072,8082
16:09:29.298  10825,496      18690,4841
16:09:29.836  10826,034      19262,6581
16:09:30.407  10826,605      19884,4149
16:09:30.956  10827,154      20554,1498
16:09:31.505  10827,703      21172,1660
16:09:32.050  10828,248      21779,1779
16:09:32.668  10828,866      22468,1725
16:09:33.224  10829,422      23052,9824
16:09:33.778  10829,976      23647,0253
16:09:34.285  10830,483      24154,8974
16:09:34.831  10831,029      24702,7793
16:09:35.379  10831,577      25209,8798
16:09:35.940  10832,138      25694,4392
16:09:36.456  10832,654      26139,8323
16:09:37.003  10833,201      26513,2314
16:09:37.551  10833,749      26932,5740
16:09:38.160  10834,358      27374,4709
16:09:38.720  10834,918      27749,5503
16:09:39.284  10835,482      28145,4546
16:09:39.840  10836,038      28482,1071
16:19:51.950  11448,148      35051,2798
16:19:52.534  11448,732      34903,8699
16:19:53.104  11449,302      34742,2849
16:19:53.615  11449,813      34627,6384
16:19:54.150  11450,348      34443,7574
16:19:54.720  11450,918      34351,2242
16:19:55.295  11451,493      34136,7091
16:19:55.953  11452,151      33923,6316
16:19:56.499  11452,697      33765,3261
16:19:57.058  11453,256      33569,4424
16:19:57.611  11453,809      33412,1024
16:19:58.160  11454,358      33179,6051
16:19:58.707  11454,905      32971,7620
16:19:59.277  11455,475      32754,1607
16:19:59.885  11456,083      32546,9505
16:20:00.443  11456,641      32263,2070
16:20:00.995  11457,193      32026,7522
16:20:01.560  11457,758      31749,1675
16:20:02.082  11458,280      31561,2005
16:20:02.663  11458,861      31223,3170
16:20:03.237  11459,435      30875,6240
16:20:03.876  11460,074      30540,1290
16:20:04.484  11460,682      30230,7380
16:20:05.036  11461,234      29882,2317
16:20:05.586  11461,784      29504,3351
16:20:06.104  11462,302      29193,5015
16:20:06.686  11462,884      28793,0764
16:20:07.230  11463,428      28400,2251
16:20:07.780  11463,978      27944,9831
16:20:08.321  11464,519      27567,5228
16:20:08.863  11465,061      27097,7514
16:20:09.449  11465,647      26635,3607
16:20:10.008  11466,206      26144,0625
16:20:10.557  11466,755      25698,3898
16:20:11.082  11467,280      25198,2215
16:20:11.624  11467,822      24715,9858
16:20:12.181  11468,379      24136,8339
16:20:12.761  11468,959      23608,3136
16:20:13.370  11469,568      22989,9164
16:20:13.909  11470,107      22548,3505
16:20:14.463  11470,661      21869,0215
16:20:15.021  11471,219      21359,7709
16:20:15.572  11471,770      20817,3511
16:20:16.106  11472,304      20313,3286
16:20:16.676  11472,874      19748,6183
16:20:17.260  11473,458      19289,7371
16:20:17.888  11474,086      18792,4788
16:20:18.470  11474,668      18247,3019
16:20:19.017  11475,215      17807,2152
16:20:19.563  11475,761      17359,9325
16:20:20.077  11476,275      16977,2449
16:20:20.630  11476,828      16490,0097
16:20:21.165  11477,363      16079,8747
16:20:21.722  11477,920      15616,1566
16:20:22.264  11478,462      15228,8535
16:20:22.833  11479,031      14788,8803
16:20:23.375  11479,573      14412,7432
16:20:23.909  11480,107      14091,7005
16:20:24.466  11480,664      13678,3968
16:20:25.011  11481,209      13324,6700
16:20:25.568  11481,766      12945,4092
16:20:26.096  11482,294      12651,0043
16:20:26.645  11482,843      12286,1402
16:20:27.201  11483,399      11968,5559
16:20:27.725  11483,923      11635,8120
16:20:28.269  11484,467      11317,7288
16:20:28.830  11485,028      10931,8422
16:20:29.376  11485,574      10620,6362
16:20:29.927  11486,125      10341,3883
16:20:30.485  11486,683       9973,0242
16:20:31.064  11487,262       9604,9438
16:24:11.663  11707,861      34075,8202
16:24:12.220  11708,418      34172,0401
16:24:12.790  11708,988      34145,2109
16:24:13.338  11709,536      34251,3456
16:24:13.864  11710,062      34251,3987
16:24:14.398  11710,596      34263,2360
16:24:14.949  11711,147      34312,2863
16:24:15.474  11711,672      34313,5054
16:24:16.044  11712,242      34378,6337
16:24:16.618  11712,816      34411,9138
16:24:17.167  11713,365      34384,9357
16:24:17.743  11713,941      34480,8996
16:24:18.314  11714,512      34436,0197
16:24:18.871  11715,069      34476,6840
16:24:19.448  11715,646      34522,0485
16:24:19.987  11716,185      34520,8898
16:24:20.556  11716,754      34539,1258
16:24:21.104  11717,302      34553,3776
16:24:21.647  11717,845      34550,5591
16:24:22.209  11718,407      34564,2738
16:24:22.771  11718,969      34646,3497
16:24:23.338  11719,536      34711,5494
16:24:23.895  11720,093      34676,8843
16:24:24.480  11720,678      34635,4939
16:24:25.028  11721,226      34673,7500
16:24:25.553  11721,751      34699,5560
16:24:26.103  11722,301      34689,3894
16:24:26.661  11722,859      34729,3056
16:24:27.207  11723,405      34814,6067
16:24:27.712  11723,910      34775,9546
16:24:28.280  11724,478      34753,7280
16:24:28.830  11725,028      34757,3980
16:24:29.408  11725,606      34780,3044
16:24:29.939  11726,137      34792,0936
16:24:30.511  11726,709      34861,5345
16:24:31.055  11727,253      34844,6567
16:24:31.587  11727,785      34875,3725
16:24:32.158  11728,356      34881,5266
16:24:32.708  11728,906      34873,9819
16:24:33.290  11729,488      34917,5289
16:24:33.837  11730,035      34863,2044
16:24:34.408  11730,606      34844,4066
16:24:34.988  11731,186      34923,7909
16:24:35.605  11731,803      34962,3598
16:24:36.151  11732,349      34930,2184
16:24:36.706  11732,904      34940,5438
16:24:37.248  11733,446      34964,8596
16:24:37.813  11734,011      34928,6672
16:24:38.346  11734,544      35037,9059
16:24:38.942  11735,140      34987,9150
16:24:39.635  11735,833      34980,0502
16:24:40.142  11736,340      34976,1871
16:24:40.706  11736,904      34996,3118
16:24:41.274  11737,472      35047,7177
16:24:41.791  11737,989      35035,1038
16:24:42.325  11738,523      35023,5870
16:24:42.867  11739,065      35067,9566
16:24:43.438  11739,636      35014,5959
16:24:44.019  11740,217      35127,3346
16:24:44.585  11740,783      35076,0038
16:24:45.155  11741,353      35060,4101
16:24:45.709  11741,907      35096,7668
16:24:46.264  11742,462      35084,0284
16:24:46.806  11743,004      35160,3887
16:24:47.386  11743,584      35096,1953
16:24:47.892  11744,090      35130,3155
16:24:48.479  11744,677      35143,6083
16:24:49.028  11745,226      35146,1816
16:24:49.567  11745,765      35174,4709
16:24:50.099  11746,297      35132,5174
16:24:50.677  11746,875      35159,3722
16:24:51.243  11747,441      35208,6247
16:24:51.771  11747,969      35170,1533
16:24:52.329  11748,527      35163,3214
16:24:52.877  11749,075      35230,7016
16:24:53.434  11749,632      35206,5496
16:24:53.962  11750,160      35213,0172
16:24:54.525  11750,723      35234,6715
16:24:55.078  11751,276      35178,9040
16:24:55.594  11751,792      35163,6510
16:24:56.138  11752,336      35170,8979
16:24:56.675  11752,873      35203,4516
16:24:57.243  11753,441      35220,0560
16:24:57.780  11753,978      35198,3405
16:24:58.330  11754,528      35218,1626
16:24:58.897  11755,095      35179,2361
16:24:59.419  11755,617      35235,1996
16:24:59.934  11756,132      35197,8908
16:25:00.479  11756,677      35246,3988
16:25:01.012  11757,210      35252,2949
16:25:01.659  11757,857      35262,9159
16:25:02.207  11758,405      35249,9547
16:25:02.738  11758,936      35311,6495
16:25:03.291  11759,489      35263,6108
16:25:03.792  11759,990      35322,5901
16:25:04.357  11760,555      35269,3595
16:25:04.989  11761,187      35279,6452
16:25:05.663  11761,861      35258,6343
16:25:06.182  11762,380      35292,0138
16:25:06.744  11762,942      35275,3863
16:25:07.287  11763,485      35333,8193
16:25:07.894  11764,092      35288,4533
16:25:08.410  11764,608      35344,5305
16:25:08.968  11765,166      35355,9079
16:25:09.636  11765,834      35357,3460
16:25:10.185  11766,383      35389,5687
16:25:10.773  11766,971      35313,6637
16:25:11.344  11767,542      35326,7611
16:25:11.897  11768,095      35333,2565
16:25:12.468  11768,666      35357,2244
16:25:13.040  11769,238      35310,4348
16:25:13.585  11769,783      35333,4738
16:25:14.108  11770,306      35330,0828
16:25:14.656  11770,854      35325,7108
16:25:15.275  11771,473      35305,4828
16:25:15.800  11771,998      35337,2232
16:25:16.405  11772,603      35383,2862
16:25:16.911  11773,109      35335,0350
16:25:17.473  11773,671      35309,2289
16:25:17.997  11774,195      35344,2102
16:25:18.568  11774,766      35337,5808
16:25:19.241  11775,439      35345,8799
16:25:19.804  11776,002      35351,6160
16:25:20.316  11776,514      35299,7599
16:25:20.826  11777,024      35435,5385
16:25:21.365  11777,563      35442,4994
16:25:21.938  11778,136      35362,0754
16:25:22.483  11778,681      35363,1406
16:25:23.059  11779,257      35360,0576
16:25:23.571  11779,769      35409,1680
16:25:24.132  11780,330      35385,9622
16:25:24.737  11780,935      35420,5258
16:25:25.330  11781,528      35350,6641
16:25:25.900  11782,098      35374,2617
16:25:26.482  11782,680      35349,2118
16:25:26.983  11783,181      35313,8571
16:25:27.659  11783,857      35264,5849
16:25:28.266  11784,464      35222,6229
16:25:28.838  11785,036      35191,9483
16:25:29.381  11785,579      35117,3205
16:25:29.976  11786,174      35063,8461
16:25:30.589  11786,787      34878,1964
16:25:31.124  11787,322      34811,8314
16:25:31.728  11787,926      34610,5819
16:25:32.307  11788,505      34428,6369
16:25:32.871  11789,069      34273,6252
16:25:33.396  11789,594      34183,6328
16:25:33.994  11790,192      33979,9640
16:25:34.516  11790,714      33909,7829
16:25:35.139  11791,337      33777,3948
16:25:35.723  11791,921      33539,6953
16:25:36.307  11792,505      33387,1104
16:25:36.883  11793,081      33270,4188
16:25:37.479  11793,677      33113,3531
16:25:38.041  11794,239      32955,3051
16:25:38.603  11794,801      32724,2686
16:25:39.223  11795,421      32545,5497
16:25:39.733  11795,931      32408,6695
16:25:40.275  11796,473      32253,9754
16:25:40.778  11796,976      32063,0043
16:25:41.356  11797,554      31859,4198
16:25:41.913  11798,111      31671,9972
16:25:42.477  11798,675      31373,8545
16:25:43.144  11799,342      31151,7513
16:25:43.663  11799,861      30932,0229
16:25:44.277  11800,475      30582,8144
16:25:44.815  11801,013      30340,1299
16:25:45.427  11801,625      29953,3612
16:25:45.945  11802,143      29772,5889
16:25:46.592  11802,790      29378,6104
16:25:47.107  11803,305      29056,1463
16:25:47.613  11803,811      28852,2833
16:25:48.124  11804,322      28428,1699
16:25:48.699  11804,897      28036,5228
16:25:49.222  11805,420      27701,2753
16:25:49.776  11805,974      27245,0990
16:25:50.290  11806,488      26899,5086
16:25:50.941  11807,139      26369,8439
16:25:51.452  11807,650      26001,0731
16:25:51.962  11808,160      25551,2742
16:25:52.575  11808,773      25004,7940
16:25:53.146  11809,344      24493,8113
16:25:53.681  11809,879      24063,2398
16:25:54.181  11810,379      23527,4889
16:25:54.755  11810,953      22974,2517
16:25:55.322  11811,520      22416,9599
16:25:55.924  11812,122      21820,9831
16:25:56.502  11812,700      21316,7160
16:25:57.046  11813,244      20851,8676
16:25:57.655  11813,853      20412,2325
16:25:58.189  11814,387      19815,0943
16:25:58.767  11814,965      19360,8366
16:25:59.417  11815,615      18876,9260
16:25:59.981  11816,179      18383,6997
16:26:00.519  11816,717      17951,0009
16:26:01.031  11817,229      17544,9614
16:26:01.589  11817,787      17213,7114
16:26:02.135  11818,333      16658,8155
16:26:02.661  11818,859      16229,9832
16:26:03.225  11819,423      15802,4442
16:26:03.725  11819,923      15436,5815
16:26:04.250  11820,448      15077,4858
16:26:04.919  11821,117      14576,5916
16:26:05.584  11821,782      14178,0661
16:26:06.155  11822,353      13717,9884
16:26:06.656  11822,854      13377,5277
16:26:07.196  11823,394      12999,3620
16:26:07.754  11823,952      12616,3039
16:26:08.291  11824,489      12224,8698
16:26:08.821  11825,019      11898,5484
16:26:09.398  11825,596      11490,8027
16:26:09.957  11826,155      11141,5113
16:26:10.476  11826,674      10866,1939
16:26:10.986  11827,184      10578,0977
16:26:11.645  11827,843      10278,0505
16:26:12.146  11828,344       9977,9858
16:26:12.760  11828,958       9817,4529
16:26:13.417  11829,615       9778,9910
16:26:13.992  11830,190       9778,6095
16:26:14.616  11830,814       9823,9239
16:26:15.190  11831,388       9890,2968
16:26:15.741  11831,939       9982,4979
16:26:16.308  11832,506      10096,9432
16:26:16.932  11833,130      10270,8598
16:26:17.447  11833,645      10399,6191
16:26:18.031  11834,229      10525,7055
16:26:18.583  11834,781      10695,3627
16:26:19.096  11835,294      10811,8254
16:26:19.665  11835,863      10955,7590
16:26:20.233  11836,431      11202,6970
16:26:20.769  11836,967      11383,0402
16:26:21.335  11837,533      11515,8666
16:26:21.900  11838,098      11685,9352
16:26:22.513  11838,711      11924,1998
16:26:23.021  11839,219      12098,8693
16:26:23.622  11839,820      12236,1885
16:26:24.149  11840,347      12492,1329
16:26:24.799  11840,997      12721,3572
16:26:25.316  11841,514      12941,3866
16:26:25.870  11842,068      13166,9664
16:26:26.377  11842,575      13411,1087
16:26:26.989  11843,187      13613,0255
16:26:27.644  11843,842      13836,7767
16:26:28.192  11844,390      14132,9403
16:26:28.722  11844,920      14317,6656
16:26:29.369  11845,567      14637,1316
16:26:29.961  11846,159      14875,1655
16:26:30.512  11846,710      15194,9560
16:26:31.090  11847,288      15494,1347
16:26:31.721  11847,919      15843,1830
16:26:32.293  11848,491      16165,7699
16:26:32.849  11849,047      16538,8352
16:26:33.415  11849,613      16915,5898
16:26:33.917  11850,115      17244,9561
16:26:34.451  11850,649      17676,7032
16:26:34.958  11851,156      18019,4815
16:26:35.664  11851,862      18524,4530
16:26:36.249  11852,447      19047,7733
16:26:36.749  11852,947      19470,8493
16:26:37.312  11853,510      19962,2664
16:26:37.848  11854,046      20476,3582
16:26:38.411  11854,609      20955,2830
16:26:38.913  11855,111      21374,3023
16:26:39.447  11855,645      21846,8388
16:26:40.025  11856,223      22279,5200
16:26:40.567  11856,765      22717,5380
16:26:41.107  11857,305      23144,2916
16:26:41.627  11857,825      23490,4935
16:26:42.180  11858,378      23881,9274
16:26:42.769  11858,967      24252,6605
16:26:43.269  11859,467      24543,3089
16:26:43.820  11860,018      24849,9232
16:26:44.380  11860,578      25173,2287
16:26:44.929  11861,127      25421,6209
16:26:45.468  11861,666      25676,9939
16:26:45.997  11862,195      25905,4785
16:26:46.555  11862,753      26106,6997
16:26:47.096  11863,294      26329,0364
16:26:47.634  11863,832      26558,1092
16:26:48.195  11864,393      26767,9752
16:26:48.755  11864,953      26989,1874
16:26:49.307  11865,505      27153,5672
16:26:49.838  11866,036      27366,1052
16:26:50.384  11866,582      27568,6546
16:26:50.952  11867,150      27791,9912
16:26:51.485  11867,683      27984,3148
16:26:52.028  11868,226      28163,0801
16:26:52.571  11868,769      28359,5755
16:26:53.129  11869,327      28532,6637
16:26:53.650  11869,848      28673,5576
16:26:54.212  11870,410      28851,7823
16:26:54.780  11870,978      29032,9944
16:26:55.361  11871,559      29162,2177
16:26:55.889  11872,087      29355,9028
16:26:56.452  11872,650      29492,0223
16:26:56.991  11873,189      29697,1768
16:26:57.600  11873,798      29807,9228
16:26:58.158  11874,356      29938,8846
16:26:58.728  11874,926      30045,6831
16:26:59.280  11875,478      30215,1722
16:26:59.807  11876,005      30252,7936
16:27:00.396  11876,594      30370,9943
16:27:00.934  11877,132      30468,8692
16:27:01.590  11877,788      30590,8977
16:27:02.161  11878,359      30694,3034
16:27:02.704  11878,902      30766,8348
16:27:03.239  11879,437      30839,4702
16:27:03.761  11879,959      30803,5685
16:27:04.345  11880,543      30922,0410
16:27:04.894  11881,092      31004,8007
16:27:05.428  11881,626      31103,2815
16:27:05.972  11882,170      31159,3035
16:27:06.519  11882,717      31153,0785
16:27:07.073  11883,271      31242,0776
16:27:07.597  11883,795      31293,6007
16:27:08.166  11884,364      31312,7542
16:27:08.736  11884,934      31373,0643
16:27:09.297  11885,495      31439,9247
16:27:09.860  11886,058      31487,3223
16:27:10.405  11886,603      31587,0033
16:27:10.947  11887,145      31602,3687
16:27:11.584  11887,782      31638,9577
16:27:12.149  11888,347      31665,5251
16:27:12.693  11888,891      31759,9729
16:27:13.250  11889,448      31756,7662
16:27:13.781  11889,979      31832,0541
16:27:14.342  11890,540      31878,3407
16:27:14.890  11891,088      31909,8679
16:27:15.427  11891,625      31958,7678
16:27:15.954  11892,152      31998,5372
16:27:16.500  11892,698      32021,7348
16:27:17.068  11893,266      32091,9091
16:27:17.602  11893,800      32112,5136
16:27:18.169  11894,367      32123,9571
16:27:18.703  11894,901      32163,8658
16:27:19.239  11895,437      32228,5128
16:27:19.782  11895,980      32211,7775
16:27:20.339  11896,537      32250,0480
16:27:20.879  11897,077      32238,2752
16:27:21.417  11897,615      32229,2605
16:27:21.945  11898,143      32244,8909
16:27:22.512  11898,710      32300,1754
16:27:23.097  11899,295      32291,7391
16:27:23.638  11899,836      32382,0150
16:27:24.203  11900,401      32423,8389
16:27:24.742  11900,940      32477,7704
16:27:25.293  11901,491      32532,8548
16:27:25.843  11902,041      32559,7680
16:27:26.398  11902,596      32595,0340
16:27:26.953  11903,151      32635,7942
16:27:27.558  11903,756      32649,4594
16:27:28.087  11904,285      32668,7417
16:27:28.681  11904,879      32689,8763
16:27:29.222  11905,420      32791,0088
16:27:29.729  11905,927      32776,6469
16:27:30.276  11906,474      32792,5458
16:27:30.810  11907,008      32782,6244
16:27:31.390  11907,588      32843,4366
16:27:31.987  11908,185      32919,1613
16:27:32.523  11908,721      32888,3690
16:27:33.092  11909,290      32886,7635
16:27:33.674  11909,872      32915,4987
16:27:34.257  11910,455      32950,0152
16:27:34.834  11911,032      32987,0095
16:27:35.381  11911,579      32996,7334
16:27:35.930  11912,128      32979,4864
16:27:36.521  11912,719      33056,1566
16:27:37.101  11913,299      33109,2268
16:27:37.620  11913,818      33105,8906
16:27:38.165  11914,363      33098,3947
16:27:38.708  11914,906      33099,9397
16:27:39.243  11915,441      33191,0495
16:27:39.778  11915,976      33181,8587
16:27:40.342  11916,540      33235,7351
16:27:40.912  11917,110      33265,8805
16:27:41.462  11917,660      33213,4682
16:27:42.002  11918,200      33245,8849
16:27:42.550  11918,748      33294,6405
16:27:43.118  11919,316      33319,1424
16:27:43.640  11919,838      33344,5814
16:27:44.195  11920,393      33323,9612
16:27:44.739  11920,937      33351,2858
16:27:45.303  11921,501      33401,5959
16:27:45.820  11922,018      33388,7664
16:27:46.381  11922,579      33384,3847
16:27:46.918  11923,116      33393,9797
16:27:47.454  11923,652      33454,6889
16:27:47.992  11924,190      33445,9273
16:27:48.535  11924,733      33425,8111
16:27:49.099  11925,297      33507,7284
16:27:49.629  11925,827      33489,2861
16:27:50.189  11926,387      33524,6323
16:27:50.740  11926,938      33549,0069
16:27:51.284  11927,482      33519,2512
16:27:51.796  11927,994      33506,4511
16:27:52.326  11928,524      33573,9388
16:27:52.878  11929,076      33594,0785
16:27:53.444  11929,642      33629,4047
16:27:53.980  11930,178      33588,8636
16:27:54.535  11930,733      33570,1104
16:27:55.085  11931,283      33600,0863
16:27:55.666  11931,864      33640,2990
16:27:56.166  11932,364      33615,2320
16:27:56.729  11932,927      33605,9503
16:27:57.234  11933,432      33646,9572
16:27:57.762  11933,960      33624,4459
16:27:58.298  11934,496      33601,6379
16:27:58.834  11935,032      33643,2648
16:27:59.399  11935,597      33693,5970
16:27:59.949  11936,147      33653,4823
16:28:00.515  11936,713      33643,2566
16:28:01.083  11937,281      33641,4623
16:28:01.629  11937,827      33758,7411
16:28:02.189  11938,387      33723,1971
16:28:02.750  11938,948      33687,9499
16:28:03.284  11939,482      33710,0490
16:28:03.805  11940,003      33785,6918
16:28:04.347  11940,545      33770,9117
16:28:04.909  11941,107      33737,6793
16:28:05.451  11941,649      33733,3807
16:28:05.998  11942,196      33779,1313
16:28:06.530  11942,728      33764,9119
16:28:07.062  11943,260      33787,6525
16:28:07.570  11943,768      33758,3432
16:28:08.123  11944,321      33760,9895
16:28:08.670  11944,868      33791,2645
16:28:09.252  11945,450      33754,7973
16:28:09.834  11946,032      33853,5250
16:28:10.383  11946,581      33780,1779
16:28:10.919  11947,117      33818,4221
16:28:11.488  11947,686      33794,7474
16:28:12.018  11948,216      33808,7567
16:28:12.564  11948,762      33821,7508
16:28:13.121  11949,319      33846,3646
16:28:13.658  11949,856      33841,5381
16:28:14.211  11950,409      33846,4138
16:28:14.773  11950,971      33861,4646
16:28:15.321  11951,519      33825,1882
16:28:15.884  11952,082      33824,7356
16:28:16.421  11952,619      33833,0874
16:28:16.955  11953,153      33851,6695
16:28:17.566  11953,764      33786,1560
16:28:18.126  11954,324      33811,0368
16:28:18.633  11954,831      33805,6453
16:28:19.173  11955,371      33798,8905
16:28:19.723  11955,921      33759,7234
16:28:20.300  11956,498      33765,5686
16:28:20.865  11957,063      33733,3194
16:28:21.432  11957,630      33645,4285
16:28:21.973  11958,171      33548,3150
16:28:22.480  11958,678      33494,2415
16:28:23.043  11959,241      33481,0165
16:28:23.599  11959,797      33358,0558
16:28:24.153  11960,351      33248,9761
16:28:24.712  11960,910      33159,8992
16:28:25.241  11961,439      33047,7032
16:28:25.781  11961,979      32975,4579
16:28:26.336  11962,534      32855,5866
16:28:26.891  11963,089      32764,8701
16:28:27.425  11963,623      32687,0412
16:28:27.978  11964,176      32540,6740
16:28:28.530  11964,728      32436,1214
16:28:29.105  11965,303      32313,6117
16:28:29.617  11965,815      32154,2961
16:28:30.162  11966,360      32036,7450
16:28:30.718  11966,916      31879,8335
16:28:31.260  11967,458      31715,5875
16:28:31.819  11968,017      31587,1964
16:28:32.376  11968,574      31389,5605
16:28:32.960  11969,158      31237,9745
16:28:33.569  11969,767      31026,1399
16:28:34.123  11970,321      30804,3702
16:28:34.658  11970,856      30529,8740
16:28:35.232  11971,430      30363,0271
16:28:35.748  11971,946      30135,6349
16:28:36.317  11972,515      29854,1570
16:28:36.881  11973,079      29616,9382
16:28:37.419  11973,617      29344,6874
16:28:37.967  11974,165      29052,5948
16:28:38.520  11974,718      28699,9169
16:28:39.082  11975,280      28479,2238
16:28:39.624  11975,822      28196,8358
16:28:40.203  11976,401      27796,7903
16:28:40.749  11976,947      27362,8739
16:28:41.303  11977,501      27061,3960
16:28:41.829  11978,027      26644,2396
16:28:42.383  11978,581      26201,1635
16:28:42.927  11979,125      25804,3051
16:28:43.576  11979,774      25304,0069
16:28:44.138  11980,336      24792,9321
16:28:44.649  11980,847      24326,2329
16:28:45.187  11981,385      23869,2365
16:28:45.750  11981,948      23317,9962
16:28:46.283  11982,481      22873,0462
16:28:46.846  11983,044      22305,1079
16:28:47.398  11983,596      21815,1292
16:28:47.923  11984,121      21365,2309
16:28:48.495  11984,693      20930,6576
16:28:49.047  11985,245      20482,9394
16:28:49.593  11985,791      20150,0587
16:28:50.144  11986,342      19590,9123
16:28:50.708  11986,906      19142,0039
16:28:51.277  11987,475      18614,4214
16:28:51.788  11987,986      18274,1717
16:28:52.336  11988,534      17852,5081
16:28:52.899  11989,097      17366,4317
16:28:53.450  11989,648      16936,1164
16:28:53.986  11990,184      16563,1330
16:28:54.543  11990,741      16149,6238
16:28:55.091  11991,289      15697,0664
16:28:55.626  11991,824      15430,0497
16:28:56.197  11992,395      14922,2625
16:28:56.740  11992,938      14544,0509
16:28:57.281  11993,479      14184,7038
16:28:57.794  11993,992      13914,9380
16:28:58.376  11994,574      13514,8488
16:28:58.906  11995,104      13188,9522
16:28:59.446  11995,644      12915,8626
16:28:59.980  11996,178      12584,8264
16:29:00.522  11996,720      12394,0540
16:29:01.105  11997,303      12108,0981
16:29:01.635  11997,833      11926,4217
16:29:02.231  11998,429      11689,2719
16:29:02.791  11998,989      11544,4666
16:29:03.333  11999,531      11469,1543
16:29:03.859  12000,057      11435,2567
16:29:04.395  12000,593      11451,7510
16:29:04.961  12001,159      11470,9709
16:29:05.573  12001,771      11476,4276
16:29:06.147  12002,345      11539,1348
16:29:06.708  12002,906      11596,3036
16:29:07.297  12003,495      11703,2226
16:29:07.836  12004,034      11732,2985
16:29:08.403  12004,601      11834,8668
16:29:08.959  12005,157      11952,0610
16:29:09.598  12005,796      11987,2810
16:29:10.137  12006,335      12146,5913
16:29:10.701  12006,899      12241,6605
16:29:11.240  12007,438      12310,9717
16:29:11.785  12007,983      12434,4912
16:29:12.326  12008,524      12499,5910
16:29:12.860  12009,058      12672,4392
16:29:13.408  12009,606      12742,5239
16:29:13.947  12010,145      12841,6815
16:29:14.499  12010,697      12965,0340
16:29:15.035  12011,233      13086,5860
16:29:15.571  12011,769      13177,1215
16:29:16.139  12012,337      13319,3916
16:29:16.705  12012,903      13430,9412
16:29:17.267  12013,465      13605,9679
16:29:17.831  12014,029      13724,2511
16:29:18.368  12014,566      13841,1636
16:29:18.910  12015,108      13986,2540
16:29:19.441  12015,639      14126,1961
16:29:19.993  12016,191      14261,4898
16:29:20.571  12016,769      14418,1931
16:29:21.138  12017,336      14550,7785
16:29:21.695  12017,893      14695,1254
16:29:22.229  12018,427      14863,1416
16:29:22.733  12018,931      15011,0056
16:29:23.268  12019,466      15162,6794
16:29:23.839  12020,037      15342,3873
16:29:24.407  12020,605      15598,3300
16:29:24.955  12021,153      15736,9427
16:29:25.469  12021,667      15945,2483
16:29:26.020  12022,218      16133,2478
16:29:26.556  12022,754      16371,7474
16:29:27.122  12023,320      16636,3484
16:29:27.636  12023,834      16839,0117
16:29:28.177  12024,375      17142,3301
16:29:28.714  12024,912      17422,1133
16:29:29.276  12025,474      17721,4444
16:29:29.839  12026,037      17994,6283
16:29:30.404  12026,602      18280,0726
16:29:30.960  12027,158      18599,9355
16:29:31.586  12027,784      18887,9032
16:29:32.164  12028,362      19237,7031
16:29:32.715  12028,913      19539,6272
16:29:33.264  12029,462      19858,4872
16:29:33.806  12030,004      20106,0213
16:29:34.364  12030,562      20341,8199
16:29:34.954  12031,152      20652,3569
16:29:35.615  12031,813      20833,6639
16:29:36.166  12032,364      21120,9489
16:29:36.718  12032,916      21381,7713
16:29:37.261  12033,459      21625,3082
16:29:37.815  12034,013      21840,4664
16:29:38.340  12034,538      22031,5050
16:29:38.887  12035,085      22229,4448
16:29:39.418  12035,616      22426,1668
16:29:39.987  12036,185      22588,6731
16:29:40.548  12036,746      22763,6273
16:29:41.083  12037,281      22968,5012
16:29:41.641  12037,839      23092,9227
16:29:42.155  12038,353      23278,6358
16:29:42.691  12038,889      23449,0477
16:29:43.229  12039,427      23576,6393
16:29:43.796  12039,994      23763,1128
16:29:44.353  12040,551      23922,4932
16:29:44.904  12041,102      24028,6967
16:29:45.446  12041,644      24143,7110
16:29:46.017  12042,215      24299,0677
16:29:46.557  12042,755      24427,9062
16:29:47.137  12043,335      24606,0889
16:29:47.693  12043,891      24752,0078
16:29:48.262  12044,460      24904,1011
16:29:48.805  12045,003      25018,3023
16:29:49.368  12045,566      25207,2894
16:29:49.885  12046,083      25343,0399
16:29:50.460  12046,658      25485,7409
16:29:51.024  12047,222      25619,4499
16:29:51.630  12047,828      25718,4610
16:29:52.160  12048,358      25903,2486
16:29:52.713  12048,911      26024,3083
16:29:53.249  12049,447      26117,9956
16:29:53.813  12050,011      26268,1209
16:29:54.354  12050,552      26403,2377
16:29:54.924  12051,122      26475,0528
16:29:55.481  12051,679      26558,2016
16:29:56.016  12052,214      26641,4179
16:29:56.576  12052,774      26786,1113
16:29:57.133  12053,331      26857,3605
16:29:57.683  12053,881      26948,8469
16:29:58.267  12054,465      27035,3494
16:29:58.809  12055,007      27182,7127
16:29:59.359  12055,557      27242,8848
16:29:59.897  12056,095      27316,7587
16:30:00.486  12056,684      27384,6571
16:30:01.046  12057,244      27489,4149
16:30:01.577  12057,775      27564,9813
16:30:02.112  12058,310      27645,9708
16:30:02.671  12058,869      27663,6480
16:30:03.219  12059,417      27787,6091
16:30:03.770  12059,968      27839,9870
16:30:04.344  12060,542      27886,4557
16:30:04.889  12061,087      27963,7651
16:30:05.458  12061,656      28068,4674
16:30:06.001  12062,199      28119,5679
16:30:06.537  12062,735      28197,5587
16:30:07.093  12063,291      28280,8555
16:30:07.632  12063,830      28296,9708
16:30:08.136  12064,334      28397,0491
16:30:08.699  12064,897      28421,2406
16:30:09.244  12065,442      28523,7723
16:30:09.801  12065,999      28593,0301
16:30:10.360  12066,558      28698,0611
16:30:10.913  12067,111      28681,7821
16:30:11.448  12067,646      28778,9238
16:30:11.965  12068,163      28854,8715
16:30:12.509  12068,707      28892,8793
16:30:13.078  12069,276      28944,8259
16:30:13.604  12069,802      28987,0132
16:30:14.151  12070,349      29030,0409
16:30:14.696  12070,894      29097,5232
16:30:15.263  12071,461      29187,2351
16:30:15.797  12071,995      29182,6204
16:30:16.395  12072,593      29261,4672
16:30:16.917  12073,115      29317,8064
16:30:17.469  12073,667      29370,2784
16:30:18.029  12074,227      29398,9831
16:30:18.534  12074,732      29466,5251
16:30:19.092  12075,290      29554,6811
16:30:19.625  12075,823      29516,4666
16:30:20.189  12076,387      29593,2290
16:30:20.730  12076,928      29595,0172
16:30:21.271  12077,469      29678,9634
16:30:21.854  12078,052      29700,9427
16:30:22.406  12078,604      29772,3711
16:30:22.942  12079,140      29851,1592
16:30:23.571  12079,769      29866,7602
16:30:24.128  12080,326      29915,0209
16:30:24.690  12080,888      29958,1319
16:30:25.228  12081,426      30008,7132
16:30:25.779  12081,977      30009,2986
16:30:26.322  12082,520      30079,4966
16:30:26.872  12083,070      30172,9132
16:30:27.399  12083,597      30186,4043
16:30:27.935  12084,133      30174,0884
16:30:28.502  12084,700      30220,3188
16:30:29.043  12085,241      30284,9640
16:30:29.586  12085,784      30346,8389
16:30:30.158  12086,356      30369,6124
16:30:30.723  12086,921      30423,0888
16:30:31.297  12087,495      30430,8593
16:30:31.819  12088,017      30467,9351
16:30:32.365  12088,563      30495,9648
16:30:32.917  12089,115      30518,7753
16:30:33.450  12089,648      30522,2681
16:30:34.023  12090,221      30601,4800
16:30:34.559  12090,757      30583,8959
16:30:35.135  12091,333      30661,8693
16:30:35.689  12091,887      30631,2554
16:30:36.252  12092,450      30725,6779
16:30:36.812  12093,010      30758,9230
16:30:37.382  12093,580      30759,7401
16:30:37.916  12094,114      30814,0817
16:30:38.449  12094,647      30766,4776
16:30:38.985  12095,183      30826,7372
16:30:39.608  12095,806      30861,9060
16:30:40.141  12096,339      30864,7003
16:30:40.709  12096,907      30905,2656
16:30:41.271  12097,469      30890,8017
16:30:41.778  12097,976      31004,1572
16:30:42.327  12098,525      30946,1512
16:30:42.906  12099,104      31074,6945
16:30:43.461  12099,659      31016,5263
16:30:43.991  12100,189      31037,7532
16:30:44.526  12100,724      31044,7897
16:30:45.065  12101,263      31094,4929
16:30:45.624  12101,822      31095,9708
16:30:46.167  12102,365      31097,8219
16:30:46.708  12102,906      31140,9020
16:30:47.253  12103,451      31199,3384
16:30:47.784  12103,982      31212,1084
16:30:48.364  12104,562      31253,0611
16:30:48.933  12105,131      31287,1906
16:30:49.471  12105,669      31307,8910
16:30:50.000  12106,198      31302,9671
16:30:50.560  12106,758      31317,1149
16:30:51.121  12107,319      31345,8581
16:30:51.682  12107,880      31345,6973
16:30:52.232  12108,430      31420,0890
16:30:52.786  12108,984      31457,8151
16:30:53.330  12109,528      31461,3634
16:30:53.871  12110,069      31441,6522
16:30:54.421  12110,619      31468,6891
16:30:55.004  12111,202      31543,9140
16:30:55.631  12111,829      31556,7145
16:30:56.199  12112,397      31506,3800
16:30:56.729  12112,927      31547,5284
16:30:57.269  12113,467      31595,6329
16:30:57.836  12114,034      31584,8021
16:30:58.399  12114,597      31574,8925
16:30:58.955  12115,153      31620,2816
16:30:59.573  12115,771      31615,2804
16:31:00.148  12116,346      31613,7302
16:31:00.690  12116,888      31693,7325
16:31:01.241  12117,439      31678,9451
16:31:01.774  12117,972      31736,4938
16:31:02.335  12118,533      31725,6015
16:31:02.874  12119,072      31723,6068
16:31:03.432  12119,630      31768,8854
16:31:03.957  12120,155      31754,7654
16:31:04.516  12120,714      31747,2296
16:31:05.076  12121,274      31806,3940
16:31:05.588  12121,786      31795,9834
16:31:06.163  12122,361      31808,0484
16:31:06.698  12122,896      31810,7124
16:31:07.235  12123,433      31765,5479
16:31:07.745  12123,943      31825,4258
16:31:08.298  12124,496      31853,4370
16:31:08.857  12125,055      31813,4762
16:31:09.463  12125,661      31842,7344
16:31:10.009  12126,207      31851,2198
16:31:10.563  12126,761      31849,3108
16:31:11.098  12127,296      31848,2584
16:31:11.643  12127,841      31841,7021
16:31:12.177  12128,375      31829,0588
16:31:12.766  12128,964      31792,1309
16:31:13.325  12129,523      31758,0727
16:31:13.861  12130,059      31786,3254
16:31:14.403  12130,601      31738,4691
16:31:14.963  12131,161      31686,8466
16:31:15.584  12131,782      31617,0268
16:31:16.093  12132,291      31550,6712
16:31:16.645  12132,843      31550,3635
16:31:17.222  12133,420      31484,6046
16:31:17.770  12133,968      31479,8923
16:31:18.328  12134,526      31430,2796
16:31:18.892  12135,090      31376,1774
16:31:19.472  12135,670      31323,9043
16:31:19.998  12136,196      31236,3447
16:31:20.543  12136,741      31182,4699
16:31:21.083  12137,281      31095,5108
16:31:21.623  12137,821      31065,7698
16:31:22.152  12138,350      30939,6152
16:31:22.709  12138,907      30850,3672
16:31:23.258  12139,456      30804,0209
16:31:23.870  12140,068      30631,5786
16:31:24.436  12140,634      30590,3184
16:31:24.974  12141,172      30376,6264
16:31:25.599  12141,797      30336,7108
16:31:26.141  12142,339      30162,9961
16:31:26.697  12142,895      30007,0118
16:31:27.247  12143,445      29853,8830
16:31:27.833  12144,031      29676,2682
16:31:28.383  12144,581      29527,3909
16:31:28.921  12145,119      29321,5059
16:31:29.465  12145,663      29143,8734
16:31:29.981  12146,179      28913,2089
16:31:30.554  12146,752      28724,7407
16:31:31.086  12147,284      28400,3166
16:31:31.664  12147,862      28265,5350
16:31:32.215  12148,413      27892,8139
16:31:32.783  12148,981      27574,4613
16:31:33.335  12149,533      27258,2268
16:31:33.895  12150,093      26903,5258
16:31:34.431  12150,629      26611,8335
16:31:35.005  12151,203      26203,5187
16:31:35.556  12151,754      25882,8049
16:31:36.110  12152,308      25448,7993
16:31:36.657  12152,855      25004,5988
16:31:37.262  12153,460      24623,7421
16:31:37.787  12153,985      24236,8029
16:31:38.328  12154,526      23779,5700
16:31:38.881  12155,079      23365,5195
16:31:39.430  12155,628      22966,7690
16:31:39.955  12156,153      22610,3864
16:31:40.532  12156,730      22118,3096
16:31:41.072  12157,270      21726,4958
16:31:41.674  12157,872      21276,5701
16:31:42.246  12158,444      20756,6496
16:31:42.783  12158,981      20299,3141
16:31:43.317  12159,515      19816,9313
16:31:43.852  12160,050      19424,4102
16:31:44.408  12160,606      18998,9054
16:31:44.980  12161,178      18576,0692
16:31:45.589  12161,787      18238,7624
16:31:46.141  12162,339      17795,1670
16:31:46.702  12162,900      17402,4373
16:31:47.274  12163,472      17038,7396
16:31:47.807  12164,005      16643,5734
16:31:48.343  12164,541      16288,8721
16:31:48.904  12165,102      15945,9732
16:31:49.434  12165,632      15579,6629
16:31:49.980  12166,178      15398,8000
16:31:50.524  12166,722      15076,9676
16:31:51.068  12167,266      14865,3797
16:31:51.600  12167,798      14654,1981
16:31:52.136  12168,334      14387,2265
16:31:52.699  12168,897      14200,9247
16:31:53.228  12169,426      14094,1277
16:31:53.762  12169,960      14012,6971
16:31:54.334  12170,532      13975,5664
16:31:54.904  12171,102      13948,9268
16:31:55.473  12171,671      13906,9657
16:31:55.973  12172,171      13941,6457
16:31:56.501  12172,699      13935,9679
16:31:57.038  12173,236      13964,9295
16:31:57.624  12173,822      13993,9940
16:31:58.169  12174,367      14061,0351
16:31:58.736  12174,934      14078,8565
16:31:59.278  12175,476      14091,8317
16:31:59.783  12175,981      14149,6113
16:32:00.366  12176,564      14224,9753
16:32:00.896  12177,094      14248,4082
16:32:01.439  12177,637      14290,7237
16:32:01.964  12178,162      14388,7468
16:32:02.528  12178,726      14415,7020
16:32:03.109  12179,307      14447,7043
16:32:03.663  12179,861      14540,5255
16:32:04.236  12180,434      14624,1366
16:32:04.793  12180,991      14671,2696
16:32:05.372  12181,570      14687,0238
16:32:05.910  12182,108      14685,1207
16:32:06.452  12182,650      14788,4183
16:32:07.036  12183,234      14824,2269
16:32:07.556  12183,754      14860,9221
16:32:08.138  12184,336      14881,0198
16:32:08.703  12184,901      14930,1214
16:32:09.266  12185,464      14964,0048
16:32:09.824  12186,022      14972,5618
16:32:10.397  12186,595      15055,5441
16:32:10.954  12187,152      15060,8372
16:32:11.596  12187,794      15104,9453
16:32:12.169  12188,367      15165,5724
16:32:12.722  12188,920      15151,4795
16:32:13.257  12189,455      15199,7756
16:32:13.765  12189,963      15192,8903
16:32:14.348  12190,546      15211,7969
16:32:14.911  12191,109      15230,2827
16:32:15.481  12191,679      15297,4696
16:32:16.034  12192,232      15283,6627
16:32:16.600  12192,798      15334,9386
16:32:17.186  12193,384      15308,7354
16:32:17.734  12193,932      15370,5163
16:32:18.283  12194,481      15407,9426
16:32:18.866  12195,064      15435,0293
16:32:19.445  12195,643      15467,2972
16:32:19.973  12196,171      15502,2127
16:32:20.505  12196,703      15527,8418
16:32:21.061  12197,259      15562,3059
16:32:21.609  12197,807      15562,4944
16:32:22.145  12198,343      15533,8824
16:32:22.711  12198,909      15587,3991
16:32:23.292  12199,490      15630,7376
16:32:23.824  12200,022      15637,5868
16:32:24.364  12200,562      15685,4401
16:32:24.881  12201,079      15688,2365
16:32:25.472  12201,670      15712,5441
16:32:26.015  12202,213      15708,1255
16:32:26.592  12202,790      15726,4262
16:32:27.148  12203,346      15758,6316
16:32:27.738  12203,936      15800,0928
16:32:28.301  12204,499      15840,9949
16:32:28.865  12205,063      15850,7326
16:32:29.423  12205,621      15833,3102
16:32:29.969  12206,167      15881,5742
16:32:30.556  12206,754      15904,1741
16:32:31.099  12207,297      15937,5892
16:32:31.619  12207,817      15916,1993
16:32:32.187  12208,385      15940,0290
16:32:32.736  12208,934      15987,2289
16:32:33.299  12209,497      16019,0286
16:32:33.873  12210,071      16015,1312
16:32:34.419  12210,617      16052,4895
16:32:34.965  12211,163      16052,0711
16:32:35.576  12211,774      16065,1484
16:32:36.155  12212,353      16112,0113
16:32:36.703  12212,901      16134,0594
16:32:37.270  12213,468      16106,1194
16:32:37.806  12214,004      16126,8921
16:32:38.371  12214,569      16170,6345
16:32:38.946  12215,144      16164,2150
16:32:39.583  12215,781      16204,6644
16:32:40.085  12216,283      16224,4773
16:32:40.623  12216,821      16219,2525
16:32:41.205  12217,403      16254,6319
16:32:41.725  12217,923      16277,9200
16:32:42.268  12218,466      16294,8259
16:32:42.823  12219,021      16304,1140
16:32:43.368  12219,566      16348,4568
16:32:43.920  12220,118      16336,7336
16:32:44.470  12220,668      16391,4536
16:32:45.030  12221,228      16390,6740
16:32:45.640  12221,838      16405,3858
16:32:46.206  12222,404      16422,8770
16:32:46.713  12222,911      16437,7063
16:32:47.261  12223,459      16474,9840
16:32:47.911  12224,109      16487,2062
16:32:48.482  12224,680      16478,2426
16:32:49.044  12225,242      16517,6008
16:32:49.575  12225,773      16502,1653
16:32:50.113  12226,311      16524,4518
16:32:50.700  12226,898      16541,8070
16:32:51.260  12227,458      16570,9892
16:32:51.795  12227,993      16591,3982
16:32:52.321  12228,519      16578,5708
16:32:52.896  12229,094      16630,1396
16:32:53.447  12229,645      16655,6991
16:32:53.986  12230,184      16613,6918
16:32:54.496  12230,694      16656,1569
16:32:55.034  12231,232      16719,6125
16:32:55.599  12231,797      16718,9985
16:32:56.173  12232,371      16710,1734
16:32:56.744  12232,942      16727,5815
16:32:57.320  12233,518      16736,0682
16:32:57.856  12234,054      16775,2742
16:32:58.413  12234,611      16792,9871
16:32:58.995  12235,193      16809,1576
16:32:59.645  12235,843      16853,8529
16:33:00.185  12236,383      16910,1597
16:33:00.731  12236,929      16921,1838
16:33:01.280  12237,478      16896,8705
16:33:01.801  12237,999      16901,1092
16:33:02.360  12238,558      16898,9030
16:33:02.918  12239,116      16913,8413
16:33:03.484  12239,682      16929,9217
16:33:04.017  12240,215      16933,1173
16:33:04.561  12240,759      16934,0731
16:33:05.125  12241,323      16963,7219
16:33:05.640  12241,838      16988,8243
16:33:06.187  12242,385      17013,5382
16:33:06.758  12242,956      17020,9234
16:33:07.309  12243,507      16993,3673
16:33:07.885  12244,083      17045,4766
16:33:08.422  12244,620      17052,3475
16:33:08.971  12245,169      17066,6653
16:33:09.575  12245,773      17074,5620
16:33:10.141  12246,339      17091,1593
16:33:10.691  12246,889      17120,6238
16:33:11.249  12247,447      17115,3682
16:33:11.779  12247,977      17104,9268
16:33:12.340  12248,538      17147,9433
16:33:12.911  12249,109      17151,7741
16:33:13.441  12249,639      17176,4431
16:33:13.985  12250,183      17213,9195
16:33:14.520  12250,718      17198,6764
16:33:15.063  12251,261      17243,1920
16:33:15.593  12251,791      17230,0305
16:33:16.130  12252,328      17286,8453
16:33:16.684  12252,882      17272,0682
16:33:17.234  12253,432      17315,3810
16:33:17.770  12253,968      17307,7691
16:33:18.326  12254,524      17329,2110
16:33:18.900  12255,098      17364,1890
16:33:19.449  12255,647      17365,2903
16:33:19.985  12256,183      17377,4338
16:33:20.530  12256,728      17385,3726
16:33:21.099  12257,297      17407,6256
16:33:21.649  12257,847      17424,4810
16:33:22.241  12258,439      17418,9567
16:33:22.818  12259,016      17462,2505
16:33:23.384  12259,582      17470,9494
16:33:23.965  12260,163      17494,5066
16:33:24.519  12260,717      17491,5218
16:33:25.065  12261,263      17494,9629
16:33:25.613  12261,811      17527,0570
16:33:26.178  12262,376      17519,3689
16:33:26.763  12262,961      17574,5962
16:33:27.339  12263,537      17611,1823
16:33:27.902  12264,100      17572,2834
16:33:28.450  12264,648      17598,6382
16:33:29.013  12265,211      17584,5541
16:33:29.675  12265,873      17596,5930
16:33:30.244  12266,442      17607,9431
16:33:30.788  12266,986      17641,7463
16:33:31.330  12267,528      17666,8635
16:33:31.856  12268,054      17685,8918
16:33:32.388  12268,586      17694,3903
16:33:32.934  12269,132      17682,9907
16:33:33.592  12269,790      17662,8592
16:33:34.170  12270,368      17700,1029
16:33:34.725  12270,923      17760,8255
16:33:35.287  12271,485      17746,6215
16:33:35.851  12272,049      17723,9058
16:33:36.403  12272,601      17782,4860
16:33:36.966  12273,164      17793,6632
16:33:37.605  12273,803      17849,8161
16:33:38.171  12274,369      17850,4336
16:33:38.755  12274,953      17859,6068
16:33:39.301  12275,499      17844,6049
16:33:39.830  12276,028      17805,1210
16:33:40.391  12276,589      17894,6833
16:33:40.930  12277,128      17861,2265
16:33:41.587  12277,785      17906,1946
16:33:42.131  12278,329      17923,2658
16:33:42.698  12278,896      17939,4297
16:33:43.266  12279,464      17948,4715
16:33:43.805  12280,003      17949,7333
16:33:44.348  12280,546      17979,7927
16:33:44.916  12281,114      17971,2303
16:33:45.480  12281,678      17972,1650
16:33:46.049  12282,247      17968,0607
16:33:46.655  12282,853      18112,5406
16:33:47.217  12283,415      18048,9490
16:33:47.776  12283,974      18024,7745
16:33:48.337  12284,535      18062,8508
16:33:48.918  12285,116      18053,7669
16:33:49.460  12285,658      18062,8948
16:33:49.995  12286,193      18072,4751
16:33:50.561  12286,759      18077,2934
16:33:51.068  12287,266      18100,5741
16:33:51.678  12287,876      18107,8681
16:33:52.249  12288,447      18124,7255
16:33:52.783  12288,981      18151,1770
16:33:53.342  12289,540      18156,5066
16:33:53.916  12290,114      18141,0213
16:33:54.460  12290,658      18161,5119
16:33:55.009  12291,207      18140,8133
16:33:55.648  12291,846      18213,2763
16:33:56.207  12292,405      18210,7883
16:33:56.782  12292,980      18238,8615
16:33:57.338  12293,536      18276,0543
16:33:57.876  12294,074      18273,0241
16:33:58.446  12294,644      18301,5967
16:33:58.994  12295,192      18344,2176
16:33:59.637  12295,835      18321,0429
16:34:00.181  12296,379      18337,4790
16:34:00.763  12296,961      18355,0027
16:34:01.328  12297,526      18396,6116
16:34:01.897  12298,095      18394,7943
16:34:02.457  12298,655      18376,6004
16:34:02.979  12299,177      18380,5759
16:34:03.601  12299,799      18405,3014
16:34:04.172  12300,370      18435,6325
16:34:04.707  12300,905      18453,7818
16:34:05.256  12301,454      18434,9420
16:34:05.829  12302,027      18439,8586
16:34:06.387  12302,585      18506,3971
16:34:06.956  12303,154      18500,2086
16:34:07.457  12303,655      18502,2396
16:34:08.055  12304,253      18525,7066
16:34:08.620  12304,818      18513,5664
16:34:09.187  12305,385      18547,0431
16:34:09.740  12305,938      18565,1186
16:34:10.284  12306,482      18565,2726
16:34:10.826  12307,024      18572,3860
16:34:11.379  12307,577      18573,2192
16:34:11.930  12308,128      18635,4344
16:34:12.488  12308,686      18610,3751
16:34:13.056  12309,254      18634,6765
16:34:13.586  12309,784      18644,1575
16:34:14.161  12310,359      18646,8703
16:34:14.713  12310,911      18664,9442
16:34:15.279  12311,477      18680,4940
16:34:15.798  12311,996      18633,9178
16:34:16.350  12312,548      18713,7064
16:34:16.948  12313,146      18706,0536
16:34:17.586  12313,784      18712,0836
16:34:18.145  12314,343      18723,1337
16:34:18.708  12314,906      18715,8884
16:34:19.239  12315,437      18735,3755
16:34:19.789  12315,987      18774,8779
16:34:20.354  12316,552      18797,8507
16:34:20.921  12317,119      18770,6874
16:34:21.456  12317,654      18796,2695
16:34:22.009  12318,207      18795,3331
16:34:22.573  12318,771      18850,7656
16:34:23.116  12319,314      18859,2217
16:34:23.632  12319,830      18835,3411
16:34:24.152  12320,350      18847,3044
16:34:24.704  12320,902      18882,3981
16:34:25.283  12321,481      18891,1463
16:34:25.832  12322,030      18903,5277
16:34:26.382  12322,580      18902,3400
16:34:26.933  12323,131      18919,7462
16:34:27.595  12323,793      18886,7874
16:34:28.165  12324,363      18923,2101
16:34:28.743  12324,941      18968,6051
16:34:29.292  12325,490      18931,2071
16:34:29.843  12326,041      18938,6183
16:34:30.396  12326,594      18975,0443
16:34:30.960  12327,158      18977,5815
16:34:31.586  12327,784      18975,8837
16:34:32.132  12328,330      18986,6676
16:34:32.704  12328,902      19016,2544
16:34:33.246  12329,444      19025,8459
16:34:33.799  12329,997      19033,1126
16:34:34.330  12330,528      19026,7393
16:34:34.910  12331,108      19064,7800
16:34:35.452  12331,650      19065,2099
16:34:35.984  12332,182      19068,6447
16:34:36.536  12332,734      19082,3560
16:34:37.081  12333,279      19093,2673
16:34:37.650  12333,848      19110,1392
16:34:38.193  12334,391      19071,3118
16:34:38.771  12334,969      19115,2083
16:34:39.340  12335,538      19133,9960
16:34:39.902  12336,100      19107,4136
16:34:40.490  12336,688      19141,5473
16:34:41.038  12337,236      19164,6726
16:34:41.576  12337,774      19169,8016
16:34:42.139  12338,337      19190,9382
16:34:42.675  12338,873      19206,0200
16:34:43.235  12339,433      19188,3405
16:34:43.756  12339,954      19193,7364
16:34:44.319  12340,517      19192,7755
16:34:44.874  12341,072      19222,2567
16:34:45.427  12341,625      19239,4404
16:34:45.964  12342,162      19243,2819
16:34:46.504  12342,702      19269,8505
16:34:47.048  12343,246      19266,1213
16:34:47.603  12343,801      19255,5257
16:34:48.151  12344,349      19302,7300
16:34:48.699  12344,897      19322,8959
16:34:49.243  12345,441      19277,4018
16:34:49.823  12346,021      19309,1825
16:34:50.394  12346,592      19322,9274
16:34:50.950  12347,148      19367,7294
16:34:51.587  12347,785      19333,2303
16:34:52.142  12348,340      19388,6998
16:34:52.710  12348,908      19383,7786
16:34:53.266  12349,464      19398,9972
16:34:53.802  12350,000      19455,0522
16:34:54.361  12350,559      19429,0722
16:34:54.936  12351,134      19450,7702
16:34:55.574  12351,772      19447,5372
16:34:56.132  12352,330      19458,3008
16:34:56.715  12352,913      19504,7415
16:34:57.276  12353,474      19509,7173
16:34:57.814  12354,012      19524,9317
16:34:58.384  12354,582      19528,0604
16:34:58.939  12355,137      19532,4670
16:34:59.572  12355,770      19519,5286
16:35:00.113  12356,311      19517,7120
16:35:00.691  12356,889      19562,3989
16:35:01.299  12357,497      19600,3251
16:35:01.855  12358,053      19609,3068
16:35:02.409  12358,607      19589,4162
16:35:02.953  12359,151      19614,6195
16:35:03.612  12359,810      19626,2581
16:35:04.184  12360,382      19644,2049
16:35:04.715  12360,913      19641,9618
16:35:05.292  12361,490      19644,6253
16:35:05.858  12362,056      19676,3575
16:35:06.403  12362,601      19681,5311
16:35:06.982  12363,180      19720,9835
16:35:07.610  12363,808      19684,5963
16:35:08.177  12364,375      19756,9921
16:35:08.739  12364,937      19700,8525
16:35:09.311  12365,509      19765,4717
16:35:09.868  12366,066      19776,8155
16:35:10.405  12366,603      19786,6269
16:35:10.934  12367,132      19828,6247
16:35:11.618  12367,816      19810,6153
16:35:12.219  12368,417      19864,4289
16:35:12.787  12368,985      19843,4800
16:35:13.356  12369,554      19833,1613
16:35:13.923  12370,121      19872,5242
16:35:14.431  12370,629      19848,1761
16:35:15.028  12371,226      19852,5447
16:35:15.654  12371,852      19866,6602
16:35:16.215  12372,413      19882,7675
16:35:16.756  12372,954      19902,5485
16:35:17.321  12373,519      19963,3356
16:35:17.888  12374,086      19931,1189
16:35:18.454  12374,652      19908,6553
16:35:19.009  12375,207      19965,0367
16:35:19.634  12375,832      19975,3096
16:35:20.193  12376,391      19957,1837
16:35:20.769  12376,967      19971,7416
16:35:21.345  12377,543      20013,2805
16:35:21.908  12378,106      20008,6339
16:35:22.453  12378,651      20010,8009
16:35:22.996  12379,194      20089,2555
16:35:23.638  12379,836      20097,9369
16:35:24.203  12380,401      20099,7075
16:35:24.756  12380,954      20112,4072
16:35:25.334  12381,532      20116,0958
16:35:25.867  12382,065      20147,9668
16:35:26.412  12382,610      20161,2841
16:35:26.965  12383,163      20165,0969
16:35:27.608  12383,806      20159,5232
16:35:28.154  12384,352      20172,3435
16:35:28.714  12384,912      20168,7890
16:35:29.317  12385,515      20192,9744
16:35:29.890  12386,088      20205,8146
16:35:30.465  12386,663      20227,4663
16:35:31.048  12387,246      20216,7012
16:35:31.663  12387,861      20240,5619
16:35:32.164  12388,362      20246,5762
16:35:32.710  12388,908      20245,1106
16:35:33.278  12389,476      20272,2052
16:35:33.804  12390,002      20265,3302
16:35:34.354  12390,552      20305,1021
16:35:34.939  12391,137      20280,8037
16:35:35.441  12391,639      20299,6676
16:35:35.978  12392,176      20285,6392
16:35:36.534  12392,732      20333,1621
16:35:37.088  12393,286      20356,0222
16:35:37.692  12393,890      20359,0730
16:35:38.258  12394,456      20410,1098
16:35:38.803  12395,001      20374,7439
16:35:39.367  12395,565      20384,9386
16:35:39.905  12396,103      20399,1077
16:35:40.412  12396,610      20430,5756
16:35:40.959  12397,157      20452,4482
16:35:41.606  12397,804      20397,1826
16:35:42.156  12398,354      20431,4146
16:35:42.694  12398,892      20408,3878
16:35:43.257  12399,455      20476,9180
16:35:43.800  12399,998      20477,1210
16:35:44.368  12400,566      20485,8496
16:35:44.915  12401,113      20512,4178
16:35:45.460  12401,658      20544,0777
16:35:46.017  12402,215      20539,9962
16:35:46.566  12402,764      20551,5145
16:35:47.072  12403,270      20560,4103
16:35:47.587  12403,785      20532,6934
16:35:48.132  12404,330      20563,1081
16:35:48.662  12404,860      20575,2190
16:35:49.216  12405,414      20607,1357
16:35:49.739  12405,937      20608,1620
16:35:50.269  12406,467      20651,0014
16:35:50.795  12406,993      20598,3316
16:35:51.332  12407,530      20680,6038
16:35:51.892  12408,090      20664,0409
16:35:52.428  12408,626      20648,3238
16:35:52.963  12409,161      20643,6111
16:35:53.562  12409,760      20659,6305
16:35:54.111  12410,309      20676,8132
16:35:54.641  12410,839      20690,9939
16:35:55.168  12411,366      20671,2532
16:35:55.694  12411,892      20726,9519
16:35:56.251  12412,449      20735,3744
16:35:56.776  12412,974      20695,9970
16:35:57.314  12413,512      20771,2037
16:35:57.844  12414,042      20748,5077
16:35:58.387  12414,585      20760,8054
16:35:58.938  12415,136      20746,5665
16:35:59.471  12415,669      20719,4892
16:35:59.998  12416,196      20776,4930
16:36:00.597  12416,795      20788,5874
16:36:01.147  12417,345      20816,7554
16:36:01.704  12417,902      20781,7803
16:36:02.252  12418,450      20780,3704
16:36:02.797  12418,995      20779,8529
16:36:03.327  12419,525      20837,1611
16:36:03.852  12420,050      20835,7732
16:36:04.406  12420,604      20882,1170
16:36:04.971  12421,169      20876,3142
16:36:05.632  12421,830      20865,1976
16:36:06.246  12422,444      20866,8635
16:36:06.787  12422,985      20896,6944
16:36:07.354  12423,552      20893,8522
16:36:07.904  12424,102      20933,4246
16:36:08.450  12424,648      20899,1250
16:36:09.006  12425,204      20957,1424
16:36:09.628  12425,826      20953,8096
16:36:10.167  12426,365      20977,6620
16:36:10.750  12426,948      20947,1708
16:36:11.320  12427,518      20959,8442
16:36:11.835  12428,033      20965,3682
16:36:12.382  12428,580      21027,0181
16:36:12.932  12429,130      21009,4132
16:36:13.465  12429,663      21016,8753
