History Channel Functions Measurement Report

Measurements started at Date: 11-sep-2023 Time: 13:09:03

Description of the Function:

User Defined Function: m(1;850). Scope Mode

Time         Seconds   Function Value
13:09:04.363      0,560      29435,0196
13:09:04.929      1,126      29490,8887
13:09:05.498      1,695      29460,3712
13:09:06.005      2,202      29497,9090
13:09:06.574      2,771      29395,5933
13:09:07.171      3,368      29420,9984
13:09:07.734      3,931      29414,9791
13:09:08.318      4,515      29376,9554
13:09:08.884      5,081      29324,6823
13:09:09.421      5,618      29291,2112
13:09:10.038      6,235      29303,7434
13:09:10.542      6,739      29303,2486
13:09:11.094      7,291      29326,0088
13:09:11.659      7,856      29306,3666
13:09:12.171      8,368      29324,8399
13:09:12.740      8,937      29334,6558
13:09:13.311      9,508      29343,0618
13:09:13.814     10,011      29316,5942
13:09:14.394     10,591      29329,1806
13:09:14.935     11,132      29346,6884
13:09:15.509     11,706      29361,1499
13:09:16.011     12,208      29400,9010
13:09:16.577     12,774      29367,8948
13:09:17.154     13,351      29360,1625
13:09:17.718     13,915      29381,0749
13:09:18.285     14,482      29306,7982
13:09:18.839     15,036      29345,7182
13:09:19.408     15,605      29359,2548
13:09:19.977     16,174      29365,3106
13:09:20.516     16,713      29317,5433
13:09:21.077     17,274      29359,6663
13:09:21.629     17,826      29374,7262
13:09:22.195     18,392      29369,4890
13:09:22.747     18,944      29363,7692
13:09:23.324     19,521      29363,4546
13:09:23.902     20,099      29373,0387
13:09:24.470     20,667      29332,3013
13:09:25.019     21,216      29369,7006
13:09:25.583     21,780      29334,6962
13:09:26.125     22,322      29346,2572
13:09:26.672     22,869      29329,8292
13:09:27.172     23,369      29301,1257
13:09:27.745     23,942      29344,0082
13:09:28.311     24,508      29329,5762
13:09:28.864     25,061      29296,2399
13:09:29.427     25,624      29300,8672
13:09:29.986     26,183      29278,1554
13:09:30.540     26,737      29266,5334
13:09:31.126     27,323      29349,9218
13:09:31.661     27,858      29270,7101
13:09:32.208     28,405      29252,5844
13:09:32.778     28,975      29274,3175
13:09:33.340     29,537      29303,9394
13:09:33.904     30,101      29347,8176
13:09:34.456     30,653      29335,1991
13:09:35.049     31,246      29328,2670
13:09:35.644     31,841      29362,9288
13:09:36.222     32,419      29296,9379
13:09:36.779     32,976      29328,0928
13:09:37.319     33,516      29334,2524
13:09:37.873     34,070      29319,3513
13:09:38.467     34,664      29334,8458
13:09:39.028     35,225      29337,5609
13:09:39.634     35,831      29387,6464
13:09:40.200     36,397      29336,8241
13:09:40.778     36,975      29335,0651
13:09:41.281     37,478      29338,0100
13:09:41.848     38,045      29378,9182
13:09:42.423     38,620      29373,6680
13:09:42.968     39,165      29333,9708
13:09:43.539     39,736      29396,9270
13:09:44.108     40,305      29340,8342
13:09:44.659     40,856      29391,9125
13:09:45.198     41,395      29359,8976
13:09:45.761     41,958      29359,8242
13:09:46.322     42,519      29334,6348
13:09:46.886     43,083      29379,9470
13:09:47.473     43,670      29335,3504
13:09:48.012     44,209      29335,6347
13:09:48.560     44,757      29351,8744
13:09:49.126     45,323      29341,9282
13:09:49.668     45,865      29384,1261
13:09:50.177     46,374      29347,0447
13:09:50.742     46,939      29320,5807
13:09:51.258     47,455      29378,1916
13:09:51.811     48,008      29404,4630
13:09:52.383     48,580      29359,9782
13:09:52.941     49,138      29375,6520
13:09:53.489     49,686      29390,5903
13:09:54.026     50,223      29391,4196
13:09:54.587     50,784      29353,0939
13:09:55.146     51,343      29382,4947
13:09:55.717     51,914      29371,5952
13:09:56.300     52,497      29385,8745
13:09:56.838     53,035      29337,3525
13:09:57.398     53,595      29360,1659
13:09:57.903     54,100      29372,3624
13:09:58.488     54,685      29370,4574
13:09:59.014     55,211      29359,5168
13:09:59.569     55,766      29366,2400
13:10:00.092     56,289      29390,9392
13:10:00.671     56,868      29345,6198
13:10:01.224     57,421      29371,3489
13:10:01.784     57,981      29399,1012
13:10:02.335     58,532      29349,6133
13:10:02.914     59,111      29340,1484
13:10:03.470     59,667      29378,4193
13:10:04.039     60,236      29375,8336
13:10:04.585     60,782      29366,5308
13:10:05.116     61,313      29347,3821
13:10:05.703     61,900      29417,1214
13:10:06.286     62,483      29372,9944
13:10:06.850     63,047      29315,6676
13:10:07.420     63,617      29318,1614
13:10:08.007     64,204      29333,0416
13:10:08.568     64,765      29324,5297
13:10:09.141     65,338      29353,8511
13:10:09.673     65,870      29345,9075
13:10:10.240     66,437      29337,3775
13:10:10.791     66,988      29344,2203
13:10:11.365     67,562      29363,2980
13:10:11.928     68,125      29327,5629
13:10:12.500     68,697      29367,0209
13:10:13.063     69,260      29322,3070
13:10:13.567     69,764      29394,8148
13:10:14.161     70,358      29286,8750
13:10:14.670     70,867      29324,0321
13:10:15.185     71,382      29359,8252
13:10:15.756     71,953      29324,9567
13:10:16.303     72,500      29331,7613
13:10:17.011     73,208      29360,6501
13:10:17.564     73,761      29364,9695
13:10:18.146     74,343      29325,3146
13:10:18.714     74,911      29339,5753
13:10:19.301     75,498      29350,0663
13:10:19.867     76,064      29341,3116
13:10:20.450     76,647      29333,0258
13:10:21.003     77,200      29328,0139
13:10:21.547     77,744      29357,4292
13:10:22.126     78,323      29351,2280
13:10:22.670     78,867      29298,5754
13:10:23.210     79,407      29326,3219
13:10:23.771     79,968      29327,4189
13:10:24.361     80,558      29398,1673
13:10:24.903     81,100      29341,3114
13:10:25.466     81,663      29312,7781
13:10:26.026     82,223      29339,5981
13:10:26.581     82,778      29316,5196
13:10:27.120     83,317      29347,6993
13:10:27.684     83,881      29332,9670
13:10:28.257     84,454      29344,0286
13:10:28.831     85,028      29317,6378
13:10:29.367     85,564      29318,8334
13:10:29.927     86,124      29322,2958
13:10:30.497     86,694      29339,4648
13:10:31.043     87,240      29351,5213
13:10:31.593     87,790      29355,7922
13:10:32.155     88,352      29373,2684
13:10:32.696     88,893      29308,0048
13:10:33.244     89,441      29361,9585
13:10:33.796     89,993      29301,3367
13:10:34.349     90,546      29326,8473
13:10:34.905     91,102      29337,3741
13:10:35.440     91,637      29335,5282
13:10:36.004     92,201      29299,6024
13:10:36.559     92,756      29308,5285
13:10:37.094     93,291      29323,4219
13:10:37.638     93,835      29331,7855
13:10:38.191     94,388      29311,4616
13:10:38.747     94,944      29310,2698
13:10:39.288     95,485      29318,8811
13:10:39.848     96,045      29323,2894
13:10:40.406     96,603      29346,6448
13:10:40.970     97,167      29345,7334
13:10:41.516     97,713      29336,8955
13:10:42.076     98,273      29359,0435
13:10:42.625     98,822      29371,9496
13:10:43.194     99,391      29333,8024
13:10:43.732     99,929      29307,5448
13:10:44.316    100,513      29310,7636
13:10:44.852    101,049        509,9865
13:10:45.407    101,604         39,2681
13:10:45.959    102,156          1,9663
13:10:46.517    102,714        -12,4220
13:10:47.024    103,221          3,4084
13:10:47.569    103,766          0,7267
13:10:48.115    104,312         -2,0771
13:10:48.664    104,861         -0,8634
13:10:49.203    105,400          9,7520
13:10:49.766    105,963        -10,7365
13:10:50.320    106,517         -1,7884
13:10:50.891    107,088         11,4899
13:10:51.438    107,635         -5,2937
13:10:52.012    108,209          7,5651
13:10:52.566    108,763        -15,4785
13:10:53.114    109,311         -0,8372
13:10:53.680    109,877        -10,0918
13:10:54.229    110,426         15,0819
13:10:54.766    110,963          2,7318
13:10:55.312    111,509         -4,2453
13:10:55.867    112,064         11,1899
13:10:56.452    112,649         -4,8350
13:10:56.999    113,196         -1,6232
13:10:57.558    113,755          3,7690
13:10:58.118    114,315         -3,1917
13:10:58.659    114,856         -1,2915
13:10:59.223    115,420          5,6330
13:10:59.790    115,987          9,9867
13:11:00.355    116,552         -0,9460
13:11:00.899    117,096      20772,5133
13:11:01.460    117,657      29363,4565
13:11:02.027    118,224      29416,6031
13:11:02.582    118,779      29379,0744
13:11:03.145    119,342      29359,1763
13:11:03.678    119,875      29394,6972
13:11:04.225    120,422      29333,4111
13:11:04.765    120,962      29365,3868
13:11:05.319    121,516      29374,1176
13:11:05.861    122,058      29347,8194
13:11:06.406    122,603      29348,4269
13:11:06.953    123,150      29399,2287
13:11:07.519    123,716      29322,2559
13:11:08.100    124,297      29374,0278
13:11:08.638    124,835      29381,1471
13:11:09.219    125,416      29353,9862
13:11:09.761    125,958      29408,2211
13:11:10.345    126,542      29410,6607
13:11:10.890    127,087      29391,2360
13:11:11.444    127,641      29374,3052
13:11:12.009    128,206      29367,9646
13:11:12.555    128,752      29358,1055
13:11:13.097    129,294      29362,9196
13:11:13.666    129,863      29364,3883
13:11:14.219    130,416      29400,5945
13:11:14.770    130,967      29383,9464
13:11:15.302    131,499      29408,7763
13:11:15.890    132,087      29358,0347
13:11:16.446    132,643      29347,8373
13:11:16.990    133,187      29381,9973
13:11:17.518    133,715      29379,4086
13:11:18.048    134,245      29378,2556
13:11:18.622    134,819      29414,0105
13:11:19.171    135,368      29410,9292
13:11:19.710    135,907      29413,3600
13:11:20.302    136,499      29334,9516
13:11:20.838    137,035      29357,9886
13:11:21.398    137,595      29366,6683
13:11:21.982    138,179      29331,9439
13:11:22.537    138,734      29367,7618
13:11:23.095    139,292      29437,0957
13:11:23.655    139,852      29355,4822
13:11:24.162    140,359      29360,0270
13:11:24.735    140,932      29420,2057
13:11:25.309    141,506      29384,7619
13:11:25.860    142,057      29333,7956
13:11:26.422    142,619      29363,8651
13:11:26.975    143,172      29418,9698
13:11:27.555    143,752      29415,8781
13:11:28.094    144,291      29413,9808
13:11:28.667    144,864      29424,9844
13:11:29.178    145,375      29402,5338
13:11:29.726    145,923      29445,3561
13:11:30.235    146,432      29344,7378
13:11:30.798    146,995      29428,8592
13:11:31.348    147,545      29398,9044
13:11:31.907    148,104      29375,3572
13:11:32.490    148,687      29407,1767
13:11:33.042    149,239      29381,2525
13:11:33.592    149,789      29415,0015
13:11:34.147    150,344      29383,6616
13:11:34.700    150,897      29421,0912
13:11:35.273    151,470      29411,1667
13:11:35.840    152,037      29322,6748
13:11:36.407    152,604      29344,4647
13:11:36.936    153,133      29295,3931
13:11:37.493    153,690      29295,3817
13:11:38.060    154,257      29322,3835
13:11:38.637    154,834      29334,4593
13:11:39.186    155,383      29328,6535
13:11:39.742    155,939      29347,7964
13:11:40.309    156,506      29413,9049
13:11:40.866    157,063      29370,6962
13:11:41.442    157,639      29448,4428
13:11:42.011    158,208      29360,9848
13:11:42.587    158,784      29439,8557
13:11:43.161    159,358      29366,1541
13:11:43.719    159,916      29446,0720
13:11:44.308    160,505      29392,6821
13:11:44.844    161,041      29344,6507
13:11:45.401    161,598      29349,3090
13:11:45.976    162,173      29367,7680
13:11:46.534    162,731      29381,1317
13:11:47.111    163,308      29420,2225
13:11:47.648    163,845      29364,0317
13:11:48.190    164,387      29343,9318
13:11:48.740    164,937      29392,6127
13:11:49.290    165,487      29373,8760
13:11:49.874    166,071      29402,0043
13:11:50.414    166,611      29390,1866
13:11:50.988    167,185      29374,7127
13:11:51.559    167,756      29375,3697
13:11:52.144    168,341      29361,2762
13:11:52.734    168,931      29399,7562
13:11:53.267    169,464      29402,7607
13:11:53.831    170,028      29367,2735
13:11:54.394    170,591      29360,1961
13:11:54.956    171,153      29350,6692
13:11:55.504    171,701      29403,4279
13:11:56.045    172,242      29384,2244
13:11:56.607    172,804      29379,5576
13:11:57.163    173,360      29388,4966
13:11:57.727    173,924      29394,9459
13:11:58.308    174,505      29363,3352
13:11:58.868    175,065      29423,6552
13:11:59.423    175,620      29412,6170
13:12:00.005    176,202      29406,4947
13:12:00.586    176,783      29407,9408
13:12:01.127    177,324      29373,4914
13:12:01.672    177,869      29414,1742
13:12:02.175    178,372      29391,5653
13:12:02.750    178,947      29343,3919
13:12:03.342    179,539      29314,3245
13:12:03.891    180,088      29396,4034
13:12:04.459    180,656      29396,5424
13:12:05.007    181,204      29354,0706
13:12:05.570    181,767      29437,8751
13:12:06.138    182,335      29405,1981
13:12:06.705    182,902      29450,0815
13:12:07.263    183,460      29370,3622
13:12:07.833    184,030      29412,0937
13:12:08.383    184,580      29396,8750
13:12:08.961    185,158      29343,5050
13:12:09.496    185,693      29364,9142
13:12:10.060    186,257      29378,9525
13:12:10.631    186,828      29377,4332
13:12:11.185    187,382      29385,8604
13:12:11.759    187,956      29384,1795
13:12:12.320    188,517      29406,3613
13:12:12.862    189,059      29394,1316
13:12:13.410    189,607      29421,9540
13:12:13.995    190,192      29408,7925
13:12:14.543    190,740      29391,4022
13:12:15.085    191,282      29358,3274
13:12:15.644    191,841      29417,7248
13:12:16.144    192,341      29402,6600
13:12:16.723    192,920      29413,3745
13:12:17.280    193,477      29381,2775
13:12:17.829    194,026      29383,3034
13:12:18.376    194,573      29376,6094
13:12:18.946    195,143      29390,7476
13:12:19.523    195,720      29341,8898
13:12:20.087    196,284      29362,6451
13:12:20.638    196,835      29450,7417
13:12:21.228    197,425      29392,4038
13:12:21.792    197,989      29394,1181
13:12:22.356    198,553      29401,1778
13:12:22.947    199,144      29404,3805
13:12:23.451    199,648      29355,1987
13:12:24.028    200,225      29417,2079
13:12:24.575    200,772      29357,3232
13:12:25.154    201,351      29376,2384
13:12:25.666    201,863      29394,3467
13:12:26.260    202,457      29412,5554
13:12:26.821    203,018      29396,7531
13:12:27.367    203,564      29382,9794
13:12:27.941    204,138      29388,4884
13:12:28.503    204,700      29406,4598
13:12:29.033    205,230      29366,2846
13:12:29.591    205,788      29395,0163
13:12:30.127    206,324      29428,0803
13:12:30.656    206,853      29436,0388
13:12:31.202    207,399      29399,5168
13:12:31.752    207,949      29338,6728
13:12:32.314    208,511      29364,4498
13:12:32.819    209,016      29377,7190
13:12:33.400    209,597      29372,3517
13:12:33.996    210,193      29422,1140
13:12:34.528    210,725      29355,3007
13:12:35.104    211,301      29401,7978
13:12:35.701    211,898      29407,7920
13:12:36.298    212,495      23354,7173
13:12:36.849    213,046      24188,9072
13:12:37.437    213,634      23677,8966
13:12:37.961    214,158      23980,7411
13:12:38.545    214,742      23959,9210
13:12:39.155    215,352      24149,3612
13:12:39.686    215,883      24832,8649
13:12:40.227    216,424      24725,7293
13:12:40.800    216,997      25594,3219
13:12:41.327    217,524      25218,7873
13:12:41.913    218,110      24997,0062
13:12:42.451    218,648      25510,5327
13:12:42.959    219,156      25135,3612
13:12:43.571    219,768      25756,8381
13:12:44.097    220,294      24923,9706
13:12:44.665    220,862      25506,8874
13:12:45.208    221,405      25371,1669
13:12:45.757    221,954      24943,0115
13:12:46.264    222,461      24704,0389
13:12:46.769    222,966      24585,0943
13:12:47.313    223,510      21997,0593
13:12:47.890    224,087      24521,1356
13:12:48.472    224,669      22540,2542
13:12:49.076    225,273      24099,0704
13:12:49.617    225,814      24465,2864
13:12:50.124    226,321      24623,0847
13:12:50.645    226,842      25396,7126
13:12:51.184    227,381      24776,8918
13:12:51.775    227,972      24861,7607
13:12:52.351    228,548      26352,7572
13:12:52.886    229,083      26707,2207
13:12:53.438    229,635      26659,3175
13:12:53.954    230,151      26663,4764
13:12:54.507    230,704      26684,1645
13:12:55.008    231,205      26691,8864
13:12:55.508    231,705      26600,2004
13:12:56.025    232,222      26727,5153
13:12:56.561    232,758      26809,1011
13:12:57.149    233,346      26863,0511
13:12:57.724    233,921      26732,3512
13:12:58.291    234,488      26743,7994
13:12:58.862    235,059      26613,3457
13:12:59.490    235,687      26686,5892
13:13:00.059    236,256      26655,6279
13:13:00.621    236,818      26674,7028
13:13:01.199    237,396      26645,4238
13:13:01.780    237,977      26640,9218
13:13:02.321    238,518      26668,7523
13:13:02.849    239,046      26596,9932
13:13:03.417    239,614      26716,1449
13:13:03.988    240,185      26935,9774
13:13:04.541    240,738      26985,5449
13:13:05.128    241,325      27004,8372
13:13:05.693    241,890      26998,9182
13:13:06.233    242,430      27048,8980
13:13:06.752    242,949      26901,7186
13:13:07.288    243,485      26841,8184
13:13:07.861    244,058      26881,4989
13:13:08.436    244,633      26923,3737
13:13:09.022    245,219      26919,8948
13:13:09.601    245,798      26938,8023
13:13:10.114    246,311      26887,9071
13:13:10.687    246,884      26918,2377
13:13:11.294    247,491      26894,2596
13:13:11.809    248,006      26919,7086
13:13:12.312    248,509      26910,5822
13:13:12.901    249,098      26884,3514
13:13:13.469    249,666      26876,3598
13:13:13.974    250,171      26889,6795
13:13:14.485    250,682      26934,1983
13:13:15.008    251,205      26884,8795
13:13:15.596    251,793      26939,6737
13:13:16.115    252,312      26867,3899
13:13:16.704    252,901      26926,7577
13:13:17.213    253,410      26866,7099
13:13:17.792    253,989      26910,6847
13:13:18.306    254,503      26878,0909
13:13:18.869    255,066      26943,9234
13:13:19.375    255,572      26832,2390
13:13:19.947    256,144      26885,8296
13:13:20.453    256,650      26878,1825
13:13:20.967    257,164      26902,5381
13:13:21.476    257,673      26899,2152
13:13:22.077    258,274      26875,5267
13:13:22.587    258,784      26884,6684
13:13:23.099    259,296      26876,6637
13:13:23.649    259,846      26852,5955
13:13:24.198    260,395      26893,7850
13:13:24.699    260,896      26846,6567
13:13:25.259    261,456      26868,1881
13:13:25.839    262,036      26840,3340
13:13:26.362    262,559      26850,6466
13:13:26.944    263,141      26843,5117
13:13:27.517    263,714      26890,9265
13:13:28.053    264,250      26873,2017
13:13:28.630    264,827      26878,1418
13:13:29.194    265,391      26845,7279
13:13:29.744    265,941      26881,6993
13:13:30.308    266,505      26884,4403
13:13:30.874    267,071      26880,9376
13:13:31.434    267,631      26920,2668
13:13:31.956    268,153      26872,5147
13:13:32.578    268,775      26866,3658
13:13:33.126    269,323      26886,5990
13:13:33.626    269,823      26855,9398
13:13:34.132    270,329      26864,4563
13:13:34.712    270,909      26869,9620
13:13:35.258    271,455      26874,0346
13:13:35.760    271,957      26830,6652
13:13:36.345    272,542      26848,2530
13:13:36.935    273,132      26899,9514
13:13:37.483    273,680      26887,9703
13:13:38.012    274,209      26883,9723
13:13:38.545    274,742      26806,6401
13:13:39.063    275,260      26847,0165
13:13:39.610    275,807      26878,8697
13:13:40.110    276,307      26851,0761
13:13:40.687    276,884      26889,7190
13:13:41.255    277,452      26843,1302
13:13:41.822    278,019      26855,5547
13:13:42.346    278,543      26913,5452
13:13:42.869    279,066      26887,5412
13:13:43.383    279,580      26871,8759
13:13:43.975    280,172      26898,4352
13:13:44.558    280,755      26899,3396
13:13:45.061    281,258      26770,3319
13:13:45.566    281,763      26705,1624
13:13:46.151    282,348      26675,4080
13:13:46.694    282,891      26651,1930
13:13:47.268    283,465      26680,1354
13:13:47.768    283,965      26634,8619
13:13:48.356    284,553      26685,2855
13:13:48.929    285,126      26662,8946
13:13:49.510    285,707      26682,7002
13:13:50.106    286,303      26686,7579
13:13:50.674    286,871      26692,4366
13:13:51.247    287,444      26647,7331
13:13:51.815    288,012      26643,8701
13:13:52.384    288,581      26629,4830
13:13:52.927    289,124      26639,3353
13:13:53.431    289,628      26685,8566
13:13:54.020    290,217      26627,5509
13:13:54.575    290,772      26659,4948
13:13:55.100    291,297      26616,9745
13:13:55.614    291,811      27058,8808
13:13:56.148    292,345      27026,2792
13:13:56.729    292,926      26972,8734
13:13:57.302    293,499      26961,5602
13:13:57.888    294,085      26982,3629
13:13:58.445    294,642      26975,2620
13:13:59.010    295,207      26961,6259
13:13:59.575    295,772      26972,6277
13:14:00.128    296,325      26964,7523
13:14:00.703    296,900      26983,0909
13:14:01.231    297,428      27044,4705
13:14:01.745    297,942      26989,7635
13:14:02.282    298,479      27010,9808
13:14:02.833    299,030      27000,4972
13:14:03.389    299,586      27017,6737
13:14:03.964    300,161      26994,7244
13:14:04.589    300,786      27002,9072
13:14:05.158    301,355      26987,8644
13:14:05.720    301,917      27009,4860
13:14:06.232    302,429      26959,4891
13:14:06.846    303,043      26940,5860
13:14:07.412    303,609      26926,6782
13:14:07.933    304,130      26926,6687
13:14:08.460    304,657      26972,4517
13:14:08.998    305,195      26970,6423
13:14:09.499    305,696      26933,1709
13:14:10.088    306,285      26936,2965
13:14:10.677    306,874      26943,2720
13:14:11.275    307,472      26925,1039
13:14:11.827    308,024      26979,4070
13:14:12.374    308,571      26955,3757
13:14:12.960    309,157      26926,7899
13:14:13.534    309,731      26804,3122
13:14:14.081    310,278      26860,6627
13:14:14.641    310,838      26744,3866
13:14:15.243    311,440      26862,4434
13:14:15.819    312,016      26960,0907
13:14:16.322    312,519      26984,3383
13:14:16.888    313,085      27331,6799
13:14:17.485    313,682      27114,6019
13:14:18.067    314,264      27169,8604
13:14:18.581    314,778      27100,0028
13:14:19.167    315,364      27122,2022
13:14:19.696    315,893      27107,1851
13:14:20.222    316,419      27134,5451
13:14:20.817    317,014      27086,2417
13:14:21.399    317,596      27119,8332
13:14:22.010    318,207      27070,4145
13:14:22.618    318,815      27662,9199
13:14:23.130    319,327      27533,1706
13:14:23.709    319,906      27771,3249
13:14:24.209    320,406      27915,4282
13:14:24.774    320,971      27996,4645
13:14:25.333    321,530      28168,6563
13:14:25.840    322,037      27965,3572
13:14:26.368    322,565      27961,1391
13:14:26.966    323,163      27991,4406
13:14:27.545    323,742      28004,8878
13:14:28.087    324,284      28026,4365
13:14:28.657    324,854      28027,5067
13:14:29.159    325,356      28012,4665
13:14:29.664    325,861      28003,4976
13:14:30.240    326,437      28000,7408
13:14:30.780    326,977      28013,5352
13:14:31.361    327,558      28014,5381
13:14:31.868    328,065      28012,2135
13:14:32.397    328,594      28033,9437
13:14:32.982    329,179      28002,9006
13:14:33.594    329,791      27993,0205
13:14:34.117    330,314      27967,7967
13:14:34.706    330,903      28030,4929
13:14:35.253    331,450      28000,0640
13:14:35.793    331,990      28030,3869
13:14:36.358    332,555      27867,2522
13:14:36.923    333,120      27931,5330
13:14:37.474    333,671      27940,4805
13:14:37.992    334,189      27869,7655
13:14:38.557    334,754      27974,4563
13:14:39.124    335,321      28031,8193
13:14:39.714    335,911      28028,3889
13:14:40.227    336,424      28025,4261
13:14:40.782    336,979      27865,5025
13:14:41.327    337,524      27961,2650
13:14:41.896    338,093      27868,8892
13:14:42.402    338,599      27900,7565
13:14:42.928    339,125      27959,8367
13:14:43.433    339,630      27937,6138
13:14:43.944    340,141      28005,1454
13:14:44.527    340,724      27976,1341
13:14:45.028    341,225      28007,6906
13:14:45.605    341,802      27926,8868
13:14:46.113    342,310      27979,5826
13:14:46.661    342,858      27536,7401
13:14:47.224    343,421      27430,2957
13:14:47.816    344,013      27372,5169
13:14:48.336    344,533      27374,5974
13:14:48.842    345,039      27387,5035
13:14:49.390    345,587      27389,9593
13:14:49.956    346,153      27415,6008
13:14:50.578    346,775      27414,3245
13:14:51.090    347,287      27367,2155
13:14:51.693    347,890      27408,2535
13:14:52.254    348,451      27407,5723
13:14:52.800    348,997      27378,0249
13:14:53.348    349,545      27404,3862
13:14:53.858    350,055      27390,2591
13:14:54.477    350,674      27365,3837
13:14:54.991    351,188      27395,3174
13:14:55.541    351,738      27364,9213
13:14:56.050    352,247      27408,8879
13:14:56.606    352,803      27400,6925
13:14:57.123    353,320      27411,4684
13:14:57.685    353,882      27390,5402
13:14:58.261    354,458      27382,6293
13:14:58.832    355,029      27368,2101
13:14:59.398    355,595      27379,0391
13:14:59.988    356,185      27395,2022
13:15:00.506    356,703      27386,1318
13:15:01.051    357,248      27376,8042
13:15:01.591    357,788      27387,9463
13:15:02.215    358,412      27393,2756
13:15:02.789    358,986      27398,6411
13:15:03.340    359,537      27392,4860
13:15:03.915    360,112      27424,0671
13:15:04.416    360,613      27406,5286
13:15:04.974    361,171      27395,4638
13:15:05.489    361,686      27416,1432
13:15:06.012    362,209      27413,4851
13:15:06.595    362,792      27379,7999
13:15:07.107    363,304      27422,7473
13:15:07.611    363,808      27402,1604
13:15:08.193    364,390      27383,4710
13:15:08.749    364,946      27411,7120
13:15:09.355    365,552      27398,6111
13:15:09.916    366,113      27373,6941
13:15:10.497    366,694      27469,0192
13:15:11.081    367,278      27436,9923
13:15:11.674    367,871      27465,6981
13:15:12.183    368,380      27456,5477
13:15:12.759    368,956      27437,4570
13:15:13.317    369,514      27430,4586
13:15:13.879    370,076      27413,4115
13:15:14.437    370,634      27397,8832
13:15:15.005    371,202      27394,5569
13:15:15.516    371,713      27430,0291
13:15:16.079    372,276      27441,3432
13:15:16.592    372,789      27466,3515
13:15:17.166    373,363      27408,1190
13:15:17.736    373,933      27411,1196
13:15:18.263    374,460      27435,5950
13:15:18.848    375,045      27441,6439
13:15:19.412    375,609      27403,4029
13:15:19.948    376,145      27402,3436
13:15:20.526    376,723      27386,8955
13:15:21.073    377,270      27400,6486
13:15:21.613    377,810      27354,9758
13:15:22.144    378,341      27395,5724
13:15:22.719    378,916      27422,3769
13:15:23.252    379,449      27401,7500
13:15:23.841    380,038      27408,4036
13:15:24.423    380,620      27417,5131
13:15:24.952    381,149      27400,9921
13:15:25.495    381,692      27427,6622
13:15:26.070    382,267      27374,5101
13:15:26.654    382,851      27441,0528
13:15:27.215    383,412      27387,8420
13:15:27.789    383,986      27441,6935
13:15:28.373    384,570      27400,8073
13:15:28.960    385,157      27408,1818
13:15:29.463    385,660      27388,0314
13:15:29.981    386,178      27410,0872
13:15:30.567    386,764      27401,5529
13:15:31.115    387,312      27424,9910
13:15:31.616    387,813      27374,2247
13:15:32.129    388,326      27395,7669
13:15:32.645    388,842      27402,8539
13:15:33.176    389,373      27440,8157
13:15:33.686    389,883      27380,4140
13:15:34.200    390,397      27406,1254
13:15:34.751    390,948      27440,1892
13:15:35.291    391,488      27421,4769
13:15:35.889    392,086      27431,0084
13:15:36.419    392,616      27407,8096
13:15:36.997    393,194      27401,2037
13:15:37.566    393,763      27411,0677
13:15:38.161    394,358      27423,5187
13:15:38.670    394,867      27460,6009
13:15:39.214    395,411      27381,8914
13:15:39.776    395,973      27399,5717
13:15:40.317    396,514      27442,5656
13:15:40.893    397,090      27419,7338
13:15:41.467    397,664      27451,1066
13:15:42.023    398,220      27400,8427
13:15:42.606    398,803      27402,5378
13:15:43.198    399,395      27391,1306
13:15:43.814    400,011      27420,9713
13:15:44.371    400,568      27419,0842
13:15:44.943    401,140      27411,3991
13:15:45.544    401,741      27450,2115
13:15:46.048    402,245      27425,4432
13:15:46.658    402,855      27436,9195
13:15:47.213    403,410      27405,8759
13:15:47.760    403,957      27404,7548
13:15:48.274    404,471      27393,9397
13:15:48.836    405,033      27471,7941
13:15:49.410    405,607      27416,7663
13:15:49.919    406,116      27376,6367
13:15:50.426    406,623      27417,3015
13:15:51.004    407,201      27395,0911
13:15:51.572    407,769      27391,4400
13:15:52.110    408,307      27380,8600
13:15:52.672    408,869      27449,3862
13:15:53.173    409,370      27430,0102
13:15:53.786    409,983      27418,1784
13:15:54.415    410,612      27427,2287
13:15:55.014    411,211      27405,3097
13:15:55.565    411,762      27432,2155
13:15:56.101    412,298      27456,7724
13:15:56.606    412,803      27439,2094
13:15:57.119    413,316      27409,2919
13:15:57.620    413,817      27391,2961
13:15:58.174    414,371      27400,7102
13:15:58.723    414,920      27437,9567
13:15:59.305    415,502      27398,2620
13:15:59.864    416,061      27431,3467
13:16:00.393    416,590      27411,5146
13:16:00.899    417,096      27385,0671
13:16:01.436    417,633      27408,2185
13:16:02.003    418,200      27404,5671
13:16:02.515    418,712      27432,1705
13:16:03.091    419,288      27440,6648
13:16:03.638    419,835      27448,7798
13:16:04.222    420,419      27465,7163
13:16:04.804    421,001      27424,5042
13:16:05.305    421,502      27406,4039
13:16:05.894    422,091      27414,3256
13:16:06.467    422,664      27386,7325
13:16:07.053    423,250      27428,5858
13:16:07.591    423,788      27404,7122
13:16:08.166    424,363      27400,2465
13:16:08.695    424,892      27393,0928
13:16:09.229    425,426      27485,4389
13:16:09.840    426,037      27465,4383
13:16:10.345    426,542      27381,6788
13:16:10.922    427,119      27475,6595
13:16:11.453    427,650      27430,3123
13:16:11.957    428,154      27478,9404
13:16:12.462    428,659      27421,4737
13:16:12.993    429,190      27446,9769
13:16:13.505    429,702      27415,1344
13:16:14.032    430,229      27452,8035
13:16:14.593    430,790      27468,4480
13:16:15.170    431,367      27412,8741
13:16:15.755    431,952      27452,1046
13:16:16.264    432,461      27455,4568
13:16:16.772    432,969      27444,5781
13:16:17.275    433,472      27409,3413
13:16:17.870    434,067      27447,4048
13:16:18.450    434,647      27500,9636
13:16:18.990    435,187      27423,9228
13:16:19.571    435,768      27481,8862
13:16:20.117    436,314      27450,8135
13:16:20.672    436,869      27466,0510
13:16:21.261    437,458      27453,7636
13:16:21.905    438,102      27453,3803
13:16:22.430    438,627      27394,2706
13:16:22.957    439,154      27434,0126
13:16:23.458    439,655      27459,2246
13:16:23.998    440,195      27453,9363
13:16:24.572    440,769      27488,4617
13:16:25.138    441,335      27440,8862
13:16:25.679    441,876      27470,6978
13:16:26.214    442,411      27462,1116
13:16:26.774    442,971      27477,6451
13:16:27.360    443,557      27495,5439
13:16:27.978    444,175      27418,7996
13:16:28.533    444,730      27437,1842
13:16:29.097    445,294      27451,8680
13:16:29.682    445,879      27498,9483
13:16:30.292    446,489      27487,1374
13:16:30.896    447,093      27513,4824
13:16:31.469    447,666      27488,1087
13:16:32.024    448,221      27489,9420
13:16:32.569    448,766      27472,3765
13:16:33.125    449,322      27463,3168
13:16:33.665    449,862      27453,8131
13:16:34.233    450,430      27446,0408
13:16:34.814    451,011      27441,8957
13:16:35.387    451,584      27488,4302
13:16:35.890    452,087      27448,8940
13:16:36.492    452,689      27465,4075
13:16:37.016    453,213      27511,8860
13:16:37.566    453,763      27448,0643
13:16:38.165    454,362      27471,0151
13:16:38.702    454,899      27505,7980
13:16:39.221    455,418      27471,1781
13:16:39.787    455,984      27486,2682
13:16:40.293    456,490      27466,2554
13:16:40.816    457,013      27506,9025
13:16:41.385    457,582      27468,5155
13:16:41.986    458,183      27507,2164
13:16:42.524    458,721      27533,9474
13:16:43.057    459,254      27454,2713
13:16:43.620    459,817      27474,6680
13:16:44.168    460,365      27488,3656
13:16:44.704    460,901      27460,5231
13:16:45.253    461,450      27459,2844
13:16:45.794    461,991      27482,5476
13:16:46.350    462,547      27471,1688
13:16:46.871    463,068      27462,4014
13:16:47.461    463,658      27452,7676
13:16:48.013    464,210      27471,8212
13:16:48.519    464,716      27534,1426
13:16:49.050    465,247      27485,0590
13:16:49.571    465,768      27516,4809
13:16:50.201    466,398      27505,1266
13:16:50.829    467,026      27526,2501
13:16:51.338    467,535      27480,9536
13:16:51.867    468,064      27515,1718
13:16:52.381    468,578      27446,2294
13:16:52.979    469,176      27421,6698
13:16:53.554    469,751      27437,9228
13:16:54.138    470,335      27470,9861
13:16:54.671    470,868      27506,4728
13:16:55.310    471,507      27444,3859
13:16:55.821    472,018      27450,1114
13:16:56.340    472,537      27484,2791
13:16:56.917    473,114      27464,0241
13:16:57.448    473,645      27455,5140
13:16:57.950    474,147      27492,1659
13:16:58.527    474,724      27468,5367
13:16:59.064    475,261      27516,8083
13:16:59.646    475,843      27477,0308
13:17:00.154    476,351      27473,2565
13:17:00.752    476,949      27456,7317
13:17:01.352    477,549      27475,5385
13:17:01.920    478,117      27471,8475
13:17:02.513    478,710      27430,3353
13:17:03.063    479,260      27476,0498
13:17:03.611    479,808      27488,7412
13:17:04.192    480,389      27456,6200
13:17:04.770    480,967      27499,9596
13:17:05.336    481,533      27480,7374
13:17:05.902    482,099      27502,9496
13:17:06.483    482,680      27474,6434
13:17:07.073    483,270      27482,6046
13:17:07.623    483,820      27457,9821
13:17:08.159    484,356      27456,7432
13:17:08.745    484,942      27446,2379
13:17:09.336    485,533      27473,4610
13:17:09.930    486,127      27446,3240
13:17:10.497    486,694      27447,5117
13:17:11.071    487,268      27505,3248
13:17:11.618    487,815      27460,9961
13:17:12.129    488,326      27458,2876
13:17:12.716    488,913      27433,5487
13:17:13.282    489,479      27418,0523
13:17:13.783    489,980      27426,0361
13:17:14.373    490,570      27443,2722
13:17:14.949    491,146      27412,4099
13:17:15.529    491,726      27418,2606
13:17:16.073    492,270      27450,4101
13:17:16.627    492,824      27434,3628
13:17:17.136    493,333      27420,4763
13:17:17.639    493,836      27472,6054
13:17:18.216    494,413      27456,9522
13:17:18.787    494,984      27423,4420
13:17:19.292    495,489      27381,0944
13:17:19.853    496,050      27292,2536
13:17:20.440    496,637      27319,5029
13:17:20.986    497,183      27333,8877
13:17:21.567    497,764      27334,8806
13:17:22.082    498,279      27376,9548
13:17:22.674    498,871      27425,6999
13:17:23.263    499,460      27424,0672
13:17:23.839    500,036      27388,9310
13:17:24.396    500,593      27409,5183
13:17:24.962    501,159      27372,0686
13:17:25.473    501,670      27403,7688
13:17:25.976    502,173      27373,1020
13:17:26.503    502,700      27359,7413
13:17:27.066    503,263      27386,3097
13:17:27.688    503,885      27375,3282
13:17:28.258    504,455      27394,5003
13:17:28.828    505,025      27408,9401
13:17:29.377    505,574      27400,5240
13:17:29.898    506,095      27344,4779
13:17:30.401    506,598      27356,5797
13:17:30.964    507,161      27360,5044
13:17:31.505    507,702      27383,1777
13:17:32.060    508,257      27385,5440
13:17:32.596    508,793      27398,0960
13:17:33.099    509,296      27366,0921
13:17:33.599    509,796      27325,9452
13:17:34.175    510,372      27376,3288
13:17:34.677    510,874      27379,8025
13:17:35.247    511,444      27306,4324
13:17:35.830    512,027      27349,0737
13:17:36.332    512,529      27321,6624
13:17:36.899    513,096      27375,4606
13:17:37.431    513,628      27317,6088
13:17:37.944    514,141      27349,6187
13:17:38.491    514,688      27321,6756
13:17:39.061    515,258      27329,8695
13:17:39.561    515,758      27283,5211
13:17:40.075    516,272      27316,3461
13:17:40.619    516,816      27306,6640
13:17:41.161    517,358      27344,4482
13:17:41.738    517,935      27337,3118
13:17:42.322    518,519      27339,5077
13:17:42.844    519,041      27343,9995
13:17:43.406    519,603      27376,9039
13:17:43.934    520,131      27327,9763
13:17:44.492    520,689      27355,0701
13:17:45.061    521,258      27285,1468
13:17:45.661    521,858      27310,4570
13:17:46.172    522,369      27304,9714
13:17:46.735    522,932      27359,8446
13:17:47.281    523,478      27324,9314
13:17:47.861    524,058      27323,0038
13:17:48.442    524,639      27308,5523
13:17:48.987    525,184      27335,2047
13:17:49.553    525,750      27310,5542
13:17:50.105    526,302      27325,1596
13:17:50.608    526,805      27341,0363
13:17:51.181    527,378      27278,4349
13:17:51.754    527,951      27280,7734
13:17:52.256    528,453      27350,3510
13:17:52.831    529,028      27326,0243
13:17:53.423    529,620      27310,8533
13:17:53.969    530,166      27299,9528
13:17:54.552    530,749      27286,7971
13:17:55.142    531,339      27262,8591
13:17:55.646    531,843      27323,1139
13:17:56.228    532,425      27296,2322
13:17:56.757    532,954      27325,6700
13:17:57.324    533,521      27286,1566
13:17:57.861    534,058      27302,6181
13:17:58.402    534,599      27309,7726
13:17:58.980    535,177      27292,7310
13:17:59.557    535,754      27321,0322
13:18:00.072    536,269      27302,7806
13:18:00.639    536,836      27298,0812
13:18:01.179    537,376      27320,8019
13:18:01.739    537,936      27300,2555
13:18:02.371    538,568      27315,6949
13:18:02.923    539,120      27300,1932
13:18:03.486    539,683      27282,8396
13:18:04.043    540,240      27282,9972
13:18:04.602    540,799      27281,6941
13:18:05.146    541,343      27314,8975
13:18:05.679    541,876      27301,5469
13:18:06.243    542,440      27255,5711
13:18:06.803    543,000      27255,4968
13:18:07.363    543,560      27316,3726
13:18:07.969    544,166      27306,7536
13:18:08.518    544,715      27283,9745
13:18:09.100    545,297      27325,0968
13:18:09.646    545,843      27316,7605
13:18:10.235    546,432      27229,1331
13:18:10.774    546,971      27280,6427
13:18:11.344    547,541      27303,6671
13:18:11.958    548,155      27302,5108
13:18:12.458    548,655      27303,8468
13:18:13.022    549,219      27344,3763
13:18:13.530    549,727      27262,1714
13:18:14.097    550,294      27320,6664
13:18:14.657    550,854      27298,4629
13:18:15.200    551,397      27325,0431
13:18:15.787    551,984      27273,5326
13:18:16.291    552,488      27295,1720
13:18:16.874    553,071      27238,9773
13:18:17.380    553,577      27340,9654
13:18:17.882    554,079      27238,6591
13:18:18.487    554,684      27317,2009
13:18:19.064    555,261      27303,4690
13:18:19.643    555,840      27259,1206
13:18:20.191    556,388      27288,4260
13:18:20.763    556,960      27276,7540
13:18:21.331    557,528      27282,1422
13:18:21.889    558,086      27313,2147
13:18:22.470    558,667        691,4789
13:18:23.041    559,238         33,1041
13:18:23.612    559,809          8,9117
13:18:24.162    560,359          0,3040
13:18:24.721    560,918          3,6390
13:18:25.262    561,459          5,0585
13:18:25.833    562,030         13,5777
13:18:26.383    562,580         -2,9884
13:18:26.942    563,139          6,4541
13:18:27.499    563,696         15,7164
13:18:28.077    564,274          1,6055
13:18:28.652    564,849          5,9443
13:18:29.221    565,418          3,9263
13:18:29.786    565,983          4,8401
13:18:30.332    566,529          5,1020
13:18:30.908    567,105         -1,3745
13:18:31.465    567,662          1,0271
13:18:31.972    568,169         -5,6635
13:18:32.519    568,716         -0,1212
13:18:33.061    569,258          5,2888
13:18:33.629    569,826          9,4402
13:18:34.187    570,384         -5,1690
13:18:34.768    570,965         -8,0993
13:18:35.340    571,537         -4,2648
13:18:35.878    572,075          1,7595
13:18:36.439    572,636         -9,6067
13:18:36.996    573,193         -3,3821
13:18:37.550    573,747         12,1353
13:18:38.115    574,312        -11,0924
13:18:38.662    574,859          8,2601
13:18:39.205    575,402          7,4595
13:18:39.758    575,955         -0,2530
13:18:40.327    576,524          1,5726
13:18:40.889    577,086          2,6465
13:18:41.432    577,629          5,7982
13:18:42.012    578,209        -11,7300
13:18:42.560    578,757         -0,4073
13:18:43.144    579,341          2,8254
13:18:43.686    579,883          5,1606
13:18:44.245    580,442        -12,0259
13:18:44.833    581,030         -7,1360
13:18:45.381    581,578         14,7152
13:18:45.947    582,144      23700,2347
13:18:46.495    582,692      27373,8934
13:18:47.107    583,304      27424,4875
13:18:47.647    583,844      27390,0521
13:18:48.225    584,422      27434,1780
13:18:48.757    584,954      27475,8271
13:18:49.324    585,521      27420,7320
13:18:49.904    586,101      27382,4741
13:18:50.405    586,602      27456,1107
13:18:50.940    587,137      27386,7659
13:18:51.533    587,730      27412,7924
13:18:52.115    588,312      27392,3316
13:18:52.711    588,908      27379,8355
13:18:53.273    589,470      27379,7940
13:18:53.871    590,068      27398,9073
13:18:54.427    590,624      27435,3686
13:18:54.972    591,169      27379,5521
13:18:55.536    591,733      27363,2565
13:18:56.043    592,240      27414,4878
13:18:56.552    592,749      27398,0275
13:18:57.178    593,375      27436,8537
13:18:57.740    593,937      27407,0734
13:18:58.306    594,503      27424,8943
13:18:58.855    595,052      27392,1315
13:18:59.366    595,563      27429,6333
13:18:59.972    596,169      27392,2524
13:19:00.496    596,693      27445,5311
13:19:01.054    597,251      27455,9135
13:19:01.625    597,822      27421,4958
13:19:02.165    598,362      27395,0204
13:19:02.708    598,905      27422,3021
13:19:03.254    599,451      27442,7104
13:19:03.798    599,995      27460,9280
13:19:04.321    600,518      27467,1062
13:19:04.886    601,083      27460,1427
13:19:05.395    601,592      27417,8251
13:19:05.968    602,165      27469,2231
13:19:06.512    602,709      27457,9189
13:19:07.053    603,250      27440,0761
13:19:07.662    603,859      27431,2035
13:19:08.164    604,361      27399,4491
13:19:08.701    604,898      27402,2089
13:19:09.232    605,429      27438,4755
13:19:09.824    606,021      27469,6120
13:19:10.388    606,585      27445,8548
13:19:10.962    607,159      27461,2321
13:19:11.467    607,664      27494,8654
13:19:12.011    608,208      27436,3948
13:19:12.563    608,760      27469,5814
13:19:13.078    609,275      27419,9881
13:19:13.659    609,856      27416,0040
13:19:14.214    610,411      27471,0054
13:19:14.774    610,971      27402,4954
13:19:15.325    611,522      27402,5859
13:19:15.826    612,023      27415,3083
13:19:16.413    612,610      27414,0799
13:19:16.991    613,188      27412,3161
13:19:17.531    613,728      27416,3977
13:19:18.125    614,322      27419,0368
13:19:18.692    614,889      27386,3746
13:19:19.262    615,459      27446,9529
13:19:19.807    616,004      27418,2614
13:19:20.370    616,567      27423,3536
13:19:20.888    617,085      27470,7035
13:19:21.460    617,657      27397,6842
13:19:22.029    618,226      27444,1903
13:19:22.603    618,800      27446,3323
13:19:23.154    619,351      27413,5952
13:19:23.684    619,881      27421,9673
13:19:24.245    620,442      27429,1182
13:19:24.782    620,979      27407,3072
13:19:25.341    621,538      27408,7400
13:19:25.927    622,124      27425,6224
13:19:26.498    622,695      27445,1984
13:19:27.063    623,260      27440,9647
13:19:27.628    623,825      27449,4998
13:19:28.211    624,408      27433,8559
13:19:28.805    625,002      27377,9944
13:19:29.381    625,578      27425,8641
13:19:29.940    626,137      27474,8197
13:19:30.501    626,698      27435,6898
13:19:31.066    627,263      27450,6587
13:19:31.648    627,845      27469,7373
13:19:32.170    628,367      27472,2646
13:19:32.765    628,962      27429,2300
13:19:33.338    629,535      27436,6480
13:19:33.906    630,103      27464,0252
13:19:34.467    630,664      27510,1016
13:19:34.986    631,183      27451,5119
13:19:35.571    631,768      27397,5482
13:19:36.144    632,341      27457,7165
13:19:36.721    632,918      27435,2759
13:19:37.297    633,494      27414,1744
13:19:37.867    634,064      27423,0858
13:19:38.454    634,651      27386,7532
13:19:39.018    635,215      27426,5677
13:19:39.600    635,797      27432,8435
13:19:40.160    636,357      27427,2216
13:19:40.683    636,880      27425,5368
13:19:41.229    637,426      27468,9567
13:19:41.792    637,989      27456,3034
13:19:42.354    638,551      27441,5465
13:19:42.901    639,098      27435,2591
13:19:43.436    639,633      27385,7928
13:19:44.016    640,213      27437,0546
13:19:44.593    640,790      27439,1824
13:19:45.130    641,327      27418,6477
13:19:45.699    641,896      27423,3169
13:19:46.289    642,486      27447,3296
13:19:46.830    643,027      27456,9032
13:19:47.382    643,579      27447,5653
13:19:47.955    644,152      27396,2395
13:19:48.457    644,654      27388,4699
13:19:49.016    645,213      27407,8995
13:19:49.528    645,725      27425,3903
13:19:50.056    646,253      27428,2325
13:19:50.608    646,805      27437,7510
13:19:51.166    647,363      27415,2184
13:19:51.725    647,922      27433,6473
13:19:52.285    648,482      27437,4946
13:19:52.841    649,038      27440,7840
13:19:53.427    649,624      27416,2985
13:19:54.011    650,208      27352,7026
13:19:54.577    650,774      27469,0708
13:19:55.118    651,315      27451,6613
13:19:55.689    651,886      27453,1209
13:19:56.262    652,459      27434,5559
13:19:56.801    652,998      27452,5691
13:19:57.389    653,586      27438,7500
13:19:57.939    654,136      27460,7381
13:19:58.514    654,711      27418,4449
13:19:59.105    655,302      27471,3753
13:19:59.673    655,870      27464,9962
13:20:00.242    656,439      27444,1126
13:20:00.786    656,983      27409,8266
13:20:01.300    657,497      27368,8885
13:20:01.855    658,052      27428,8621
13:20:02.441    658,638      27418,1886
13:20:03.029    659,226      27476,2962
13:20:03.601    659,798      27400,2252
13:20:04.147    660,344      27425,5607
13:20:04.713    660,910      27450,1256
13:20:05.278    661,475      27407,9346
13:20:05.787    661,984      27444,0603
13:20:06.401    662,598      27424,2311
13:20:06.961    663,158      27420,7322
13:20:07.504    663,701      27422,1738
13:20:08.101    664,298      27413,8661
13:20:08.691    664,888      27429,4171
13:20:09.220    665,417      27391,0747
13:20:09.812    666,009      27394,3979
13:20:10.370    666,567      27404,2140
13:20:10.927    667,124      27446,6798
13:20:11.500    667,697      27373,8381
13:20:12.013    668,210      27395,5116
13:20:12.563    668,760      27403,2059
13:20:13.102    669,299      27388,1541
13:20:13.649    669,846      27410,6110
13:20:14.149    670,346      27427,8179
13:20:14.673    670,870      27429,3443
13:20:15.214    671,411      27427,6097
13:20:15.791    671,988      27454,6074
13:20:16.323    672,520      27404,4796
13:20:16.896    673,093      27404,9695
13:20:17.472    673,669      27371,8109
13:20:18.023    674,220      27372,4273
13:20:18.577    674,774      27406,1439
13:20:19.129    675,326      27401,6545
13:20:19.690    675,887      27404,5820
13:20:20.193    676,390      27420,4899
13:20:20.759    676,956      27374,4387
13:20:21.329    677,526      27412,8509
13:20:21.844    678,041      27417,5484
13:20:22.416    678,613      27405,5210
13:20:22.940    679,137      27388,6488
13:20:23.456    679,653      27412,1648
13:20:24.043    680,240      27420,5484
13:20:24.612    680,809      27402,1027
13:20:25.171    681,368      27393,5120
13:20:25.751    681,948      27414,3961
13:20:26.251    682,448      27431,5316
13:20:26.764    682,961      27379,3614
13:20:27.343    683,540      27376,8553
13:20:27.935    684,132      27423,9751
13:20:28.436    684,633      27432,5080
13:20:28.986    685,183      27396,2002
13:20:29.532    685,729      27417,3161
13:20:30.086    686,283      27418,3083
13:20:30.671    686,868      27448,4215
13:20:31.228    687,425      27407,5075
13:20:31.817    688,014      27389,0127
13:20:32.360    688,557      27438,6333
13:20:32.948    689,145      27432,9866
13:20:33.490    689,687      27385,8507
13:20:34.079    690,276      27436,7587
13:20:34.659    690,856      27423,4158
13:20:35.198    691,395      27476,8201
13:20:35.745    691,942      27429,1540
13:20:36.265    692,462      27463,0399
13:20:36.837    693,034      27464,1433
13:20:37.418    693,615      27429,1254
13:20:37.919    694,116      27441,4561
13:20:38.496    694,693      27417,2892
13:20:39.065    695,262      27418,4853
13:20:39.661    695,858      27365,9647
13:20:40.244    696,441      27443,1814
13:20:40.791    696,988      27451,5313
13:20:41.369    697,566      27381,0115
13:20:41.917    698,114      27387,1312
13:20:42.486    698,683      27389,4478
13:20:43.068    699,265      27376,3608
13:20:43.607    699,804      27443,9572
13:20:44.149    700,346      27429,6332
13:20:44.737    700,934      27435,6135
13:20:45.308    701,505      27441,3679
13:20:45.871    702,068      27427,9868
13:20:46.427    702,624      27442,4398
13:20:46.988    703,185      27412,5681
13:20:47.592    703,789      27450,4033
13:20:48.151    704,348      27366,3582
13:20:48.725    704,922      27383,2828
13:20:49.226    705,423      27439,5945
13:20:49.838    706,035      27385,0223
13:20:50.400    706,597      27424,9281
13:20:50.954    707,151      27399,6662
13:20:51.528    707,725      27425,2418
13:20:52.028    708,225      27399,3412
13:20:52.573    708,770      27383,8419
13:20:53.129    709,326      27368,4053
13:20:53.709    709,906      27425,6393
13:20:54.264    710,461      27448,5199
13:20:54.844    711,041      27410,1318
13:20:55.409    711,606      27431,1666
13:20:55.994    712,191      27435,6666
13:20:56.537    712,734      27423,6234
13:20:57.070    713,267      27440,9621
13:20:57.611    713,808      27423,2292
13:20:58.174    714,371      27452,4238
13:20:58.683    714,880      27420,0431
13:20:59.234    715,431      27370,0140
13:20:59.744    715,941      27448,9087
13:21:00.308    716,505      27417,2661
13:21:00.859    717,056      27416,5923
13:21:01.404    717,601      27419,6563
13:21:01.984    718,181      27403,6049
13:21:02.544    718,741      27428,7759
13:21:03.084    719,281      27435,4584
13:21:03.650    719,847      27427,4716
13:21:04.233    720,430      27387,0115
13:21:04.772    720,969      27406,9360
13:21:05.324    721,521      27408,4584
13:21:05.829    722,026      27451,9929
13:21:06.336    722,533      27404,1708
13:21:06.870    723,067      27414,2359
13:21:07.453    723,650      27442,2602
13:21:08.039    724,236      27445,3390
13:21:08.584    724,781      27456,1681
13:21:09.139    725,336      27429,5367
13:21:09.665    725,862      27411,1233
13:21:10.253    726,450      27438,6835
13:21:10.833    727,030      27428,0288
13:21:11.386    727,583      27444,7949
13:21:11.969    728,166      27423,6777
13:21:12.537    728,734      27399,4194
13:21:13.116    729,313      27399,5711
13:21:13.687    729,884      27430,9043
13:21:14.254    730,451      27402,7722
13:21:14.821    731,018      27459,6949
13:21:15.330    731,527      27389,7874
13:21:15.896    732,093      27441,5578
13:21:16.472    732,669      27445,8187
13:21:17.077    733,274      27430,5995
13:21:17.624    733,821      27443,1036
13:21:18.125    734,322      27400,9157
13:21:18.693    734,890      27418,2798
13:21:19.235    735,432      27380,8507
13:21:19.817    736,014      27432,8286
13:21:20.384    736,581      27377,5359
13:21:20.926    737,123      27413,7008
13:21:21.492    737,689      27447,6516
13:21:22.012    738,209      27363,7526
13:21:22.563    738,760      27424,7488
13:21:23.105    739,302      27423,1410
13:21:23.684    739,881      27398,4721
13:21:24.248    740,445      27389,0453
13:21:24.794    740,991      27400,8670
13:21:25.340    741,537      27392,3533
13:21:25.888    742,085      27426,0769
13:21:26.463    742,660      27391,7348
13:21:27.005    743,202      27397,1803
13:21:27.578    743,775      27384,4818
13:21:28.136    744,333      27381,4938
13:21:28.687    744,884      27386,3071
13:21:29.261    745,458      27419,2587
13:21:29.833    746,030      27436,0721
13:21:30.399    746,596      27383,3908
13:21:30.941    747,138      27397,2446
13:21:31.502    747,699      27352,4274
13:21:32.075    748,272      27467,3661
13:21:32.641    748,838      27464,3394
13:21:33.227    749,424      27388,0900
13:21:33.785    749,982      27414,7411
13:21:34.351    750,548      27414,7185
13:21:34.905    751,102      27412,4174
13:21:35.477    751,674      27389,1612
13:21:36.048    752,245      27377,0365
13:21:36.612    752,809      27412,9404
13:21:37.156    753,353      27386,1887
13:21:37.656    753,853      27389,5873
13:21:38.172    754,369      27388,1727
13:21:38.739    754,936      27374,4925
13:21:39.297    755,494      27399,3317
13:21:39.866    756,063      27351,1830
13:21:40.382    756,579      27287,9239
13:21:40.949    757,146      27270,8836
13:21:41.450    757,647      27236,7462
13:21:42.029    758,226      27140,9314
13:21:42.607    758,804      26959,1240
13:21:43.181    759,378      26797,5164
13:21:43.742    759,939      26537,8931
13:21:44.316    760,513      26244,8330
13:21:44.885    761,082      25709,2959
13:21:45.447    761,644      24976,7161
13:21:46.024    762,221      23911,7971
13:21:46.623    762,820      22637,2218
13:21:47.169    763,366      21091,4244
13:21:47.726    763,923      19057,5405
13:21:48.309    764,506      16718,8816
13:21:48.861    765,058      14976,9687
13:21:49.373    765,570      13921,6174
13:21:49.962    766,159      12876,8302
13:21:50.545    766,742      12071,7310
13:21:51.116    767,313      11333,1871
13:21:51.676    767,873      10676,8090
13:21:52.177    768,374      10164,5416
13:21:52.739    768,936       9584,0911
13:21:53.337    769,534       9087,4672
13:21:53.888    770,085       8615,8470
13:21:54.431    770,628       8143,4624
13:21:55.000    771,197       7719,7023
13:21:55.552    771,749       7331,7740
13:21:56.087    772,284       6963,6531
13:21:56.639    772,836       6573,5284
13:21:57.203    773,400       6270,9354
13:21:57.743    773,940       5958,3058
13:21:58.326    774,523       5662,3393
13:21:58.889    775,086       5390,3258
13:21:59.457    775,654       5165,5222
13:22:00.004    776,201       4907,9957
13:22:00.551    776,748       4709,3323
13:22:01.110    777,307       4503,7667
13:22:01.667    777,864       4285,8309
13:22:02.218    778,415       4137,7611
13:22:02.811    779,008       3954,2162
13:22:03.359    779,556       3822,5761
13:22:03.952    780,149       3669,1958
13:22:04.500    780,697       3533,8720
13:22:05.041    781,238       3419,9530
13:22:05.643    781,840       3400,5929
13:22:06.152    782,349       3413,2907
13:22:06.715    782,912       3427,3084
13:22:07.267    783,464       3436,9753
13:22:07.806    784,003       3513,5787
13:22:08.348    784,545       3572,1842
13:22:08.893    785,090       3655,3999
13:22:09.415    785,612       3749,0384
13:22:09.971    786,168       3841,9344
13:22:10.531    786,728       3959,1675
13:22:11.085    787,282       4082,6853
13:22:11.624    787,821       4195,9483
13:22:12.214    788,411       4353,9656
13:22:12.716    788,913       4500,6504
13:22:13.289    789,486       4692,5251
13:22:13.871    790,068       4858,7123
13:22:14.431    790,628       5040,1688
13:22:14.992    791,189       5246,3784
13:22:15.528    791,725       5458,0461
13:22:16.087    792,284       5686,6933
13:22:16.587    792,784       5895,7881
13:22:17.135    793,332       6162,2083
13:22:17.677    793,874       6425,2584
13:22:18.260    794,457       6714,5364
13:22:18.810    795,007       7065,6976
13:22:19.377    795,574       7361,2690
13:22:19.963    796,160       7763,8708
13:22:20.544    796,741       8168,0224
13:22:21.078    797,275       8530,2268
13:22:21.616    797,813       8936,0616
13:22:22.176    798,373       9387,9192
13:22:22.741    798,938       9835,2309
13:22:23.335    799,532      10334,7648
13:22:23.912    800,109      10824,2482
13:22:24.418    800,615      11294,8021
13:22:24.991    801,188      11810,4920
13:22:25.543    801,740      12275,5689
13:22:26.081    802,278      12759,1483
13:22:26.641    802,838      13254,4976
13:22:27.181    803,378      13707,8910
13:22:27.702    803,899      14073,3678
13:22:28.263    804,460      14516,7583
13:22:28.766    804,963      14877,1589
13:22:29.362    805,559      15225,0190
13:22:29.924    806,121      15589,2061
13:22:30.456    806,653      15802,8903
13:22:30.995    807,192      16069,3921
13:22:31.499    807,696      16281,8053
13:22:32.056    808,253      16522,3751
13:22:32.556    808,753      16700,0534
13:22:33.100    809,297      16838,2023
13:22:33.653    809,850      17002,3284
13:22:34.208    810,405      17184,1761
13:22:34.791    810,988      17322,6206
13:22:35.348    811,545      17421,4645
13:22:35.864    812,061      17497,1226
13:22:36.430    812,627      17630,8621
13:22:36.984    813,181      17697,2162
13:22:37.533    813,730      17821,5873
13:22:38.072    814,269      17878,1989
13:22:38.607    814,804      17946,5038
13:22:39.191    815,388      18027,8567
13:22:39.754    815,951      18081,5566
13:22:40.326    816,523      18148,6714
13:22:40.856    817,053      18194,1923
13:22:41.399    817,596      18267,0985
13:22:41.986    818,183      18319,7978
13:22:42.537    818,734      18400,1330
13:22:43.087    819,284      18454,7608
13:22:43.652    819,849      18466,6833
13:22:44.213    820,410      18564,2821
13:22:44.787    820,984      18583,3652
13:22:45.365    821,562      18663,3620
13:22:45.871    822,068      18712,4110
13:22:46.423    822,620      18762,3238
13:22:46.982    823,179      18753,6966
13:22:47.556    823,753      18803,8426
13:22:48.124    824,321      18880,2834
13:22:48.681    824,878      18873,1766
13:22:49.233    825,430      18933,3610
13:22:49.779    825,976      18944,2909
13:22:50.281    826,478      18975,0782
13:22:50.824    827,021      19059,5547
13:22:51.324    827,521      19055,0231
13:22:51.888    828,085      19128,3424
13:22:52.476    828,673      19170,0908
13:22:53.066    829,263      19175,6324
13:22:53.628    829,825      19244,5511
13:22:54.210    830,407      19238,5797
13:22:54.767    830,964      19261,5435
13:22:55.310    831,507      19303,3020
13:22:55.814    832,011      19404,2947
13:22:56.316    832,513      19380,0909
13:22:56.846    833,043      19405,7862
13:22:57.420    833,617      19450,9240
13:22:57.988    834,185      19482,9356
13:22:58.494    834,691      19506,9153
13:22:59.058    835,255      19573,1959
13:22:59.608    835,805      19567,9987
13:23:00.214    836,411      19623,2668
13:23:00.757    836,954      19627,6213
13:23:01.321    837,518      19666,1604
13:23:01.883    838,080      19682,2643
13:23:02.456    838,653      19726,7946
13:23:03.041    839,238      19704,1097
13:23:03.578    839,775      19808,3779
13:23:04.140    840,337      19804,5048
13:23:04.693    840,890      19806,7652
13:23:05.235    841,432      19833,7711
13:23:05.793    841,990      19883,7429
13:23:06.359    842,556      19905,2105
13:23:06.931    843,128      19945,3896
13:23:07.489    843,686      19936,2350
13:23:08.064    844,261      19970,1975
13:23:08.611    844,808      19972,1902
13:23:09.166    845,363      20013,1078
13:23:09.744    845,941      20052,2865
13:23:10.292    846,489      20080,8413
13:23:10.880    847,077      20103,7102
13:23:11.454    847,651      20116,4269
13:23:12.015    848,212      20086,8884
13:23:12.601    848,798      20164,8593
13:23:13.148    849,345      20229,0825
13:23:13.702    849,899      20245,5342
13:23:14.246    850,443      20287,1266
13:23:14.794    850,991      20270,9197
13:23:15.331    851,528      20268,9839
13:23:15.882    852,079      20274,3138
13:23:16.454    852,651      20331,6653
13:23:16.996    853,193      20358,7452
13:23:17.543    853,740      20373,7325
13:23:18.098    854,295      20379,8453
13:23:18.641    854,838      20432,1484
13:23:19.183    855,380      20457,1109
13:23:19.754    855,951      20458,9691
13:23:20.341    856,538      20435,7264
13:23:20.909    857,106      20501,0036
13:23:21.452    857,649      20482,1100
13:23:22.021    858,218      20533,4225
13:23:22.565    858,762      20526,2673
13:23:23.099    859,296      20569,6727
13:23:23.650    859,847      20573,3284
13:23:24.176    860,373      20583,9865
13:23:24.730    860,927      20580,4479
13:23:25.265    861,462      20584,0741
13:23:25.773    861,970      20610,6660
13:23:26.286    862,483      20664,5246
13:23:26.858    863,055      20674,6709
13:23:27.423    863,620      20693,4289
13:23:27.974    864,171      20690,9504
13:23:28.508    864,705      20768,2122
13:23:29.079    865,276      20774,9566
13:23:29.624    865,821      20756,9903
13:23:30.143    866,340      20746,4856
13:23:30.653    866,850      20762,4936
13:23:31.231    867,428      20782,5400
13:23:31.777    867,974      20786,7406
13:23:32.352    868,549      20754,4568
13:23:32.906    869,103      20804,7341
13:23:33.446    869,643      20833,9614
13:23:34.009    870,206      20856,1165
13:23:34.568    870,765      20867,3745
13:23:35.071    871,268      20876,7932
13:23:35.627    871,824      20833,6968
13:23:36.134    872,331      20891,2248
13:23:36.702    872,899      20944,8168
13:23:37.268    873,465      20898,6047
13:23:37.814    874,011      20987,1936
13:23:38.345    874,542      20927,9796
13:23:38.889    875,086      20962,5042
13:23:39.440    875,637      20964,6208
13:23:40.006    876,203      20986,0452
13:23:40.560    876,757      21036,6528
13:23:41.131    877,328      21008,7163
13:23:41.729    877,926      21043,8271
13:23:42.289    878,486      21088,3474
13:23:42.797    878,994      21053,1083
13:23:43.340    879,537      21086,1752
13:23:43.885    880,082      21096,6842
13:23:44.464    880,661      21109,3601
13:23:45.016    881,213      21093,6925
13:23:45.560    881,757      21129,3370
13:23:46.132    882,329      21139,8197
13:23:46.680    882,877      21116,2246
13:23:47.246    883,443      21138,6236
13:23:47.841    884,038      21149,0195
13:23:48.436    884,633      21174,1182
13:23:48.998    885,195      21181,5830
13:23:49.533    885,730      21214,3907
13:23:50.109    886,306      21201,9856
13:23:50.662    886,859      21208,8893
13:23:51.194    887,391      21195,9872
13:23:51.780    887,977      21277,0845
13:23:52.362    888,559      21243,9785
13:23:52.919    889,116      21256,6661
13:23:53.426    889,623      21263,2837
13:23:54.007    890,204      21267,8360
13:23:54.542    890,739      21289,8346
13:23:55.116    891,313      21263,5914
13:23:55.672    891,869      21305,6607
13:23:56.229    892,426      21263,9692
13:23:56.769    892,966      21265,9541
13:23:57.357    893,554      21300,1212
13:23:57.864    894,061      21302,5768
13:23:58.377    894,574      21317,5258
13:23:58.950    895,147      21283,4911
13:23:59.530    895,727      21309,2679
13:24:00.036    896,233      21296,0224
13:24:00.576    896,773      21315,0774
13:24:01.111    897,308      21402,7094
13:24:01.667    897,864      21338,1039
13:24:02.212    898,409      21339,3663
13:24:02.775    898,972      21349,2266
13:24:03.318    899,515      21319,6116
13:24:03.826    900,023      21297,6916
13:24:04.414    900,611      21298,5455
13:24:04.986    901,183      21373,3529
13:24:05.531    901,728      21356,4369
13:24:06.032    902,229      21334,2631
13:24:06.627    902,824      21392,3656
13:24:07.200    903,397      21294,6463
13:24:07.754    903,951      21307,9067
13:24:08.321    904,518      21255,6516
13:24:08.910    905,107      21164,1080
13:24:09.485    905,682      21015,0949
13:24:10.062    906,259      20927,0608
13:24:10.624    906,821      20777,0037
13:24:11.193    907,390      20486,0927
13:24:11.739    907,936      20140,1378
13:24:12.280    908,477      19683,7704
13:24:12.846    909,043      19146,4238
13:24:13.435    909,632      18395,4950
13:24:14.006    910,203      17628,0790
13:24:14.518    910,715      16977,0703
13:24:15.083    911,280      16166,0749
13:24:15.639    911,836      15533,4876
13:24:16.203    912,400      14933,9821
13:24:16.746    912,943      14330,8375
13:24:17.289    913,486      13831,6629
13:24:17.847    914,044      13267,2222
13:24:18.349    914,546      12781,1744
13:24:18.915    915,112      12214,5162
13:24:19.504    915,701      11713,9856
13:24:20.075    916,272      11167,7834
13:24:20.641    916,838      10643,6245
13:24:21.177    917,374      10202,1121
13:24:21.724    917,921       9736,8259
13:24:22.240    918,437       9325,7424
13:24:22.777    918,974       8918,8058
13:24:23.277    919,474       8504,2610
13:24:23.828    920,025       8150,4470
13:24:24.381    920,578       7728,2304
13:24:24.971    921,168       7382,7095
13:24:25.513    921,710       7009,5775
13:24:26.084    922,281       6673,5454
13:24:26.637    922,834       6375,3614
13:24:27.167    923,364       6054,8659
13:24:27.733    923,930       5771,5956
13:24:28.293    924,490       5499,0054
13:24:28.839    925,036       5267,5790
13:24:29.341    925,538       5015,1487
13:24:29.885    926,082       4818,7285
13:24:30.449    926,646       4600,3343
13:24:31.008    927,205       4405,7859
13:24:31.580    927,777       4194,4390
13:24:32.126    928,323       4035,2949
13:24:32.636    928,833       3913,4826
13:24:33.176    929,373       3753,6628
13:24:33.732    929,929       3588,4641
13:24:34.287    930,484       3487,1175
13:24:34.860    931,057       3337,2633
13:24:35.402    931,599       3253,9481
13:24:35.968    932,165       3216,4262
13:24:36.540    932,737       3199,8382
13:24:37.082    933,279       3226,7628
13:24:37.648    933,845       3290,5401
13:24:38.198    934,395       3358,7790
13:24:38.747    934,944       3392,1464
13:24:39.325    935,522       3505,3609
13:24:39.905    936,102       3631,1377
13:24:40.407    936,604       3702,3085
13:24:40.955    937,152       3817,4763
13:24:41.511    937,708       3948,6002
13:24:42.059    938,256       4103,0458
13:24:42.649    938,846       4248,7530
13:24:43.197    939,394       4355,0732
13:24:43.751    939,948       4581,4644
13:24:44.338    940,535       4745,6360
13:24:44.886    941,083       4951,0689
13:24:45.425    941,622       5118,4753
13:24:45.971    942,168       5343,2531
13:24:46.513    942,710       5580,6669
13:24:47.101    943,298       5826,3692
13:24:47.638    943,835       6084,1606
13:24:48.187    944,384       6361,7389
13:24:48.738    944,935       6681,1367
13:24:49.341    945,538       7006,1924
13:24:49.949    946,146       7366,9655
13:24:50.500    946,697       7746,0721
13:24:51.035    947,232       8109,5005
13:24:51.590    947,787       8479,5120
13:24:52.144    948,341       8876,9655
13:24:52.709    948,906       9342,0216
13:24:53.252    949,449       9785,0854
13:24:53.805    950,002      10229,7385
13:24:54.386    950,583      10726,4182
13:24:54.925    951,122      11221,5425
13:24:55.464    951,661      11698,5352
13:24:56.019    952,216      12185,6222
13:24:56.572    952,769      12681,0218
13:24:57.077    953,274      13124,3952
13:24:57.639    953,836      13675,8447
13:24:58.148    954,345      14110,7067
13:24:58.715    954,912      14596,9830
13:24:59.282    955,479      15110,9877
13:24:59.826    956,023      15481,6741
13:25:00.396    956,593      15939,5563
13:25:00.954    957,151      16350,2268
13:25:01.504    957,701      16721,9531
13:25:02.073    958,270      17118,1816
13:25:02.579    958,776      17432,1070
13:25:03.124    959,321      17764,9789
13:25:03.671    959,868      18077,8501
13:25:04.191    960,388      18314,1730
13:25:04.772    960,969      18575,7689
13:25:05.311    961,508      18850,9018
13:25:05.845    962,042      19051,1266
13:25:06.411    962,608      19279,3606
13:25:06.957    963,154      19510,3848
13:25:07.501    963,698      19652,0396
13:25:08.077    964,274      19838,5333
13:25:08.620    964,817      20014,2599
13:25:09.189    965,386      20234,4628
13:25:09.775    965,972      20321,7291
13:25:10.336    966,533      20506,2553
13:25:10.889    967,086      20637,7165
13:25:11.467    967,664      20797,9673
13:25:12.033    968,230      20893,2209
13:25:12.571    968,768      21011,1919
13:25:13.135    969,332      21108,4932
13:25:13.697    969,894      21255,1418
13:25:14.253    970,450      21300,1757
13:25:14.793    970,990      21365,4537
13:25:15.366    971,563      21499,0132
13:25:15.928    972,125      21564,5460
13:25:16.458    972,655      21658,1462
13:25:17.065    973,262      21737,4944
13:25:17.614    973,811      21839,0183
13:25:18.170    974,367      21932,9565
13:25:18.731    974,928      21981,9207
13:25:19.288    975,485      22020,2859
13:25:19.847    976,044      22162,4861
13:25:20.414    976,611      22184,6491
13:25:20.970    977,167      22290,4973
13:25:21.535    977,732      22298,0142
13:25:22.109    978,306      22341,1011
13:25:22.686    978,883      22409,3781
13:25:23.231    979,428      22517,5335
13:25:23.777    979,974      22513,6772
13:25:24.334    980,531      22566,8354
13:25:24.913    981,110      22634,4173
13:25:25.445    981,642      22666,5662
13:25:26.010    982,207      22755,2606
13:25:26.512    982,709      22754,8116
13:25:27.064    983,261      22824,5618
13:25:27.635    983,832      22875,3699
13:25:28.191    984,388      22918,6765
13:25:28.758    984,955      22948,8568
13:25:29.343    985,540      22970,7736
13:25:29.846    986,043      23010,9288
13:25:30.420    986,617      23088,6984
13:25:30.963    987,160      23117,6631
13:25:31.536    987,733      23148,7357
13:25:32.071    988,268      23178,6902
13:25:32.632    988,829      23207,0599
13:25:33.194    989,391      23233,1811
13:25:33.776    989,973      23292,9127
13:25:34.361    990,558      23366,9490
13:25:34.934    991,131      23397,6501
13:25:35.519    991,716      23367,7259
13:25:36.099    992,296      23448,9117
13:25:36.636    992,833      23466,2855
13:25:37.141    993,338      23465,6773
13:25:37.692    993,889      23499,2164
13:27:17.237   1093,434       5623,4028
13:27:17.786   1093,983       5871,2984
13:27:18.329   1094,526       6141,1438
13:27:18.876   1095,073       6432,0024
13:27:19.435   1095,632       6717,1972
13:27:19.983   1096,180       7047,8444
13:27:20.538   1096,735       7405,4289
13:27:21.107   1097,304       7763,0622
13:27:21.621   1097,818       8087,5743
13:27:22.198   1098,395       8522,6267
13:27:22.746   1098,943       8926,7221
13:27:23.296   1099,493       9370,1790
13:27:23.871   1100,068       9813,0032
13:27:24.428   1100,625      10270,5336
13:27:24.976   1101,173      10763,0229
13:27:25.562   1101,759      11258,9743
13:27:26.111   1102,308      11758,0385
13:27:26.612   1102,809      12228,3118
13:27:27.220   1103,417      12790,5612
13:27:27.762   1103,959      13292,9431
13:27:28.303   1104,500      13806,5439
13:27:28.809   1105,006      14263,9832
13:27:29.384   1105,581      14769,0508
13:27:29.943   1106,140      15328,9147
13:27:30.484   1106,681      15840,7696
13:27:30.990   1107,187      16244,7230
13:27:31.554   1107,751      16747,4694
13:27:32.094   1108,291      17260,2120
13:27:32.631   1108,828      17690,6595
13:27:33.189   1109,386      18125,4444
13:27:33.735   1109,932      18586,4013
13:27:34.312   1110,509      18967,8080
13:27:34.873   1111,070      19423,8208
13:27:35.492   1111,689      19836,7167
13:27:36.088   1112,285      20232,6036
13:27:36.608   1112,805      20585,5755
13:27:37.179   1113,376      20887,5944
13:27:37.773   1113,970      21236,2043
13:27:38.304   1114,501      21498,1480
13:27:38.807   1115,004      21739,3035
13:27:39.372   1115,569      21964,0769
13:27:39.902   1116,099      22226,4839
13:27:40.451   1116,648      22400,7951
13:27:41.032   1117,229      22644,1745
13:27:41.594   1117,791      22859,5859
13:27:42.153   1118,350      22964,1089
13:27:42.667   1118,864      23132,9979
13:27:43.238   1119,435      23231,4226
13:27:43.791   1119,988      23412,2122
13:27:44.402   1120,599      23527,9027
13:27:44.976   1121,173      23637,8841
13:27:45.565   1121,762      23750,4967
13:27:46.083   1122,280      23823,6474
13:27:46.648   1122,845      23926,4926
13:27:47.264   1123,461      24079,0102
13:27:47.795   1123,992      24149,2827
13:27:48.335   1124,532      24107,3433
13:27:48.841   1125,038      24197,5376
13:27:49.460   1125,657      24267,6629
13:27:50.075   1126,272      24394,9031
13:27:50.629   1126,826      24434,3301
13:27:51.272   1127,469      24496,6651
13:27:51.842   1128,039      24566,2666
13:27:52.366   1128,563      24628,0106
13:27:52.937   1129,134      24641,8021
13:27:53.518   1129,715      24767,5207
13:27:54.042   1130,239      24727,2132
13:27:54.668   1130,865      24854,2002
13:27:55.196   1131,393      24877,4324
13:27:55.722   1131,919      24880,3588
13:27:56.222   1132,419      24970,1267
13:27:56.842   1133,039      25000,3106
13:27:57.481   1133,678      25063,9262
13:27:57.987   1134,184      25048,6253
13:27:58.502   1134,699      25030,1399
13:27:59.079   1135,276      25069,8210
13:27:59.642   1135,839      25132,8699
13:28:00.212   1136,409      25174,5820
13:28:00.754   1136,951      25157,5199
13:28:01.309   1137,506      25164,4750
13:28:01.826   1138,023      25207,7288
13:28:02.444   1138,641      25218,3183
13:28:03.032   1139,229      25238,0768
13:28:03.609   1139,806      25237,9360
13:28:04.163   1140,360      25237,3534
13:28:04.685   1140,882      25277,4642
13:28:05.258   1141,455      25203,7336
13:28:05.802   1141,999      25257,2701
13:28:06.381   1142,578      25280,2457
13:28:06.884   1143,081      25316,0105
13:28:07.448   1143,645      25337,6516
13:28:08.036   1144,233      25411,2233
13:28:08.558   1144,755      25466,5822
13:28:09.126   1145,323      25494,5971
13:28:09.715   1145,912      25515,1343
13:28:10.256   1146,453      25547,3883
13:28:10.830   1147,027      25574,1317
13:28:11.380   1147,577      25601,0616
13:28:12.003   1148,200      25581,0382
13:28:12.546   1148,743      25566,1458
13:28:13.092   1149,289      25646,5545
13:28:13.671   1149,868      25640,4710
13:28:14.196   1150,393      25653,1298
13:28:14.761   1150,958      25697,9504
13:28:15.285   1151,482      25648,3373
13:28:15.900   1152,097      25675,9933
13:28:16.473   1152,670      25695,7595
13:28:17.070   1153,267      25748,9672
13:28:17.579   1153,776      25769,3151
13:28:18.123   1154,320      25772,2367
13:28:18.691   1154,888      25757,6688
13:28:19.263   1155,460      25775,0940
13:28:19.829   1156,026      25780,9116
13:28:20.402   1156,599      25810,8026
13:28:20.976   1157,173      25825,6995
13:28:21.623   1157,820      25820,4215
13:28:22.170   1158,367      25861,2699
13:28:22.796   1158,993      25896,7407
13:28:23.313   1159,510      25880,8621
13:28:23.833   1160,030      25888,1554
13:28:24.426   1160,623      25913,4346
13:28:25.004   1161,201      25896,7743
13:28:25.603   1161,800      25926,4896
13:28:26.252   1162,449      25908,6065
13:28:26.781   1162,978      25935,7267
13:28:27.409   1163,606      25987,1258
13:28:27.934   1164,131      25961,0459
13:28:28.532   1164,729      25958,0127
13:28:29.103   1165,300      25986,4761
13:28:29.695   1165,892      26003,3411
13:28:30.265   1166,462      26041,0712
13:28:30.845   1167,042      25963,2893
13:28:31.419   1167,616      26037,1774
13:28:31.925   1168,122      26026,7963
13:28:32.426   1168,623      26028,3308
13:28:32.983   1169,180      26051,9511
13:28:33.572   1169,769      26012,3209
13:28:34.112   1170,309      26060,8763
13:28:34.624   1170,821      26089,9794
13:28:35.179   1171,376      26046,3041
13:28:35.760   1171,957      26090,9273
13:28:36.305   1172,502      26098,8129
13:28:36.882   1173,079      26084,0598
13:28:37.404   1173,601      26123,6001
13:28:37.945   1174,142      26126,7374
13:28:38.511   1174,708      26061,6718
13:28:39.092   1175,289      26128,7513
13:28:39.646   1175,843      26150,8162
13:28:40.207   1176,404      26114,3113
13:28:40.754   1176,951      26140,2412
13:28:41.270   1177,467      26191,6519
13:28:41.832   1178,029      26106,0156
13:28:42.381   1178,578      26175,8584
13:28:42.922   1179,119      26155,0197
13:28:43.506   1179,703      26141,0910
13:28:44.015   1180,212      26163,1011
13:28:44.551   1180,748      26142,6400
13:28:45.105   1181,302      26158,7290
13:28:45.656   1181,853      26158,1513
13:28:46.196   1182,393      26188,9777
13:28:46.733   1182,930      26184,8436
13:28:47.248   1183,445      26189,8639
13:28:47.828   1184,025      26190,5250
13:28:48.418   1184,615      26208,7421
13:28:48.986   1185,183      26202,1309
13:28:49.569   1185,766      26185,2256
13:28:50.131   1186,328      26177,7803
13:28:50.674   1186,871      26223,1599
13:28:51.210   1187,407      26195,1028
13:28:51.719   1187,916      26186,2706
13:28:52.301   1188,498      26223,4228
13:28:52.868   1189,065      26235,3998
13:28:53.435   1189,632      26208,3318
13:28:54.002   1190,199      26237,3240
13:28:54.536   1190,733      26228,9269
13:28:55.122   1191,319      26260,6652
13:28:55.679   1191,876      26176,1974
13:28:56.261   1192,458      26221,6837
13:28:56.827   1193,024      26204,5783
13:28:57.405   1193,602      26236,4340
13:28:57.994   1194,191      26224,6197
13:28:58.506   1194,703      26244,5477
13:28:59.045   1195,242      26227,4833
13:28:59.554   1195,751      26272,9181
13:29:00.101   1196,298      26218,0426
13:29:00.660   1196,857      26243,0774
13:29:01.234   1197,431      26201,6954
13:29:01.773   1197,970      26263,1195
13:29:02.334   1198,531      26169,4799
13:29:02.887   1199,084      26106,6601
13:29:03.448   1199,645      26063,2667
13:29:03.976   1200,173      25986,6404
13:29:04.557   1200,754      25893,4866
13:29:05.070   1201,267      25761,8155
13:29:05.609   1201,806      25551,1096
13:29:06.111   1202,308      25362,4487
13:29:06.648   1202,845      24997,6375
13:29:07.206   1203,403      24670,0203
13:29:07.757   1203,954      24218,2360
13:29:08.318   1204,515      23661,4673
13:29:08.819   1205,016      23076,7516
13:29:09.391   1205,588      22398,4626
13:29:09.992   1206,189      21628,4247
13:29:10.570   1206,767      20864,5374
13:29:11.125   1207,322      20167,5123
13:29:11.640   1207,837      19566,6958
13:29:12.202   1208,399      18871,8431
13:29:12.760   1208,957      18311,4456
13:29:13.262   1209,459      17752,7702
13:29:13.823   1210,020      17190,7266
13:29:14.368   1210,565      16660,8056
13:29:14.912   1211,109      16124,0619
13:29:15.485   1211,682      15556,5500
13:29:16.048   1212,245      15037,1065
13:29:16.579   1212,776      14519,5529
13:29:17.108   1213,305      13963,6987
13:29:17.672   1213,869      13464,8302
13:29:18.239   1214,436      12878,9507
13:29:18.768   1214,965      12396,6739
13:29:19.335   1215,532      11854,1919
13:29:19.917   1216,114      11344,0018
13:29:20.492   1216,689      10850,4525
13:29:21.047   1217,244      10332,1511
13:29:21.649   1217,846       9834,2554
13:29:22.164   1218,361       9431,3169
13:29:22.702   1218,899       9045,4677
13:29:23.305   1219,502       8566,2531
13:29:23.838   1220,035       8180,8129
13:29:24.382   1220,579       7789,1076
13:29:24.921   1221,118       7436,7673
13:29:25.499   1221,696       7083,2744
13:29:26.038   1222,235       6751,7615
13:29:26.580   1222,777       6451,6382
13:29:27.129   1223,326       6131,4765
13:29:27.725   1223,922       5842,7748
13:29:28.279   1224,476       5573,6121
13:29:28.823   1225,020       5322,9728
13:29:29.348   1225,545       5104,8497
13:29:29.892   1226,089       4857,9679
13:29:30.466   1226,663       4657,6153
13:29:31.002   1227,199       4467,5887
13:29:31.553   1227,750       4247,7715
13:29:32.092   1228,289       4100,4717
13:29:32.633   1228,830       3933,6064
13:29:33.201   1229,398       3774,3368
13:29:33.707   1229,904       3616,3627
13:29:34.290   1230,487       3497,8077
13:29:34.826   1231,023       3373,4821
13:29:35.409   1231,606       3249,0094
13:29:35.977   1232,174       3146,3218
13:29:36.526   1232,723       3090,1406
13:29:37.076   1233,273       3093,8163
13:29:37.659   1233,856       3110,1677
13:29:38.208   1234,405       3169,6501
13:29:38.739   1234,936       3223,8159
13:29:39.318   1235,515       3285,4335
13:29:39.872   1236,069       3358,7874
13:29:40.413   1236,610       3467,1242
13:29:40.973   1237,170       3550,7536
13:29:41.529   1237,726       3683,0303
13:29:42.092   1238,289       3778,4214
13:29:42.633   1238,830       3948,4909
13:29:43.218   1239,415       4102,2004
13:29:43.793   1239,990       4253,3059
13:29:44.344   1240,541       4430,1692
13:29:44.887   1241,084       4587,8388
13:29:45.391   1241,588       4735,8659
13:29:45.936   1242,133       4948,7575
13:29:46.485   1242,682       5161,0315
13:29:47.036   1243,233       5385,2100
13:29:47.594   1243,791       5626,4142
13:29:48.155   1244,352       5893,2396
13:29:48.731   1244,928       6149,0692
13:29:49.285   1245,482       6467,0531
13:29:49.854   1246,051       6751,1250
13:29:50.384   1246,581       7067,9387
13:29:50.939   1247,136       7447,5205
13:29:51.520   1247,717       7767,5094
13:29:52.053   1248,250       8137,2879
13:29:52.596   1248,793       8499,8165
13:29:53.168   1249,365       8932,1727
13:29:53.670   1249,867       9321,9283
13:29:54.213   1250,410       9764,6102
13:29:54.791   1250,988      10250,0537
13:29:55.363   1251,560      10790,2923
13:29:55.901   1252,098      11229,4206
13:29:56.456   1252,653      11726,9478
13:29:56.999   1253,196      12253,4804
13:29:57.578   1253,775      12780,0021
13:29:58.121   1254,318      13289,7073
13:29:58.688   1254,885      13824,3298
13:29:59.201   1255,398      14319,7018
13:29:59.786   1255,983      14887,6441
13:30:00.292   1256,489      15338,7410
13:30:00.863   1257,060      15888,7412
13:30:01.428   1257,625      16428,1816
13:30:01.939   1258,136      16915,1501
13:30:02.485   1258,682      17378,8887
13:30:03.059   1259,256      17917,2117
13:30:03.608   1259,805      18356,0534
13:30:04.171   1260,368      18882,3724
13:30:04.734   1260,931      19307,7654
13:30:05.237   1261,434      19746,1694
13:30:05.815   1262,012      20173,2980
13:30:06.361   1262,558      20606,9663
13:30:06.900   1263,097      21007,6867
13:30:07.511   1263,708      21429,8681
13:30:08.090   1264,287      21755,4466
13:30:08.668   1264,865      22106,6132
13:30:09.223   1265,420      22396,0529
13:30:09.790   1265,987      22660,9333
13:30:10.338   1266,535      22939,0235
13:30:10.888   1267,085      23161,8994
13:30:11.437   1267,634      23378,5840
13:30:11.987   1268,184      23616,1127
13:30:12.534   1268,731      23769,0043
13:30:13.119   1269,316      23946,9610
13:30:13.623   1269,820      24101,0022
13:30:14.172   1270,369      24232,2765
13:30:14.712   1270,909      24360,5660
13:30:15.273   1271,470      24496,3736
13:30:15.827   1272,024      24612,8829
13:30:16.375   1272,572      24696,5516
13:30:16.950   1273,147      24756,0595
13:30:17.526   1273,723      24856,7644
13:30:18.058   1274,255      24905,1157
13:30:18.609   1274,806      24994,5043
13:30:19.186   1275,383      25056,5737
13:30:19.701   1275,898      25133,7975
13:30:20.233   1276,430      25167,5439
13:30:20.822   1277,019      25203,1026
13:30:21.402   1277,599      25286,8688
13:30:21.956   1278,153      25338,2745
13:30:22.547   1278,744      25376,3391
13:30:23.104   1279,301      25395,3683
13:30:23.671   1279,868      25432,1236
13:30:24.228   1280,425      25526,1556
13:30:24.773   1280,970      25570,3931
13:30:25.332   1281,529      25552,4700
13:30:25.879   1282,076      25640,3744
13:30:26.401   1282,598      25646,4003
13:30:26.940   1283,137      25652,2597
13:30:27.518   1283,715      25700,3675
13:30:28.072   1284,269      25718,1985
13:30:28.663   1284,860      25748,6763
13:30:29.169   1285,366      25769,0653
13:30:29.765   1285,962      25811,7011
13:30:30.301   1286,498      25812,3703
13:30:30.804   1287,001      25891,2710
13:30:31.382   1287,579      25907,4341
13:30:31.887   1288,084      25906,2609
13:30:32.437   1288,634      25885,6757
13:30:32.976   1289,173      25953,7520
13:30:33.533   1289,730      25962,1291
13:30:34.095   1290,292      25991,9259
13:30:34.651   1290,848      25972,7850
13:30:35.199   1291,396      26029,7128
13:30:35.758   1291,955      26066,2317
13:30:36.328   1292,525      26050,2337
13:30:36.878   1293,075      26060,3952
13:30:37.381   1293,578      26048,1185
13:30:37.930   1294,127      26141,3907
13:30:38.508   1294,705      26124,4930
13:30:39.056   1295,253      26166,1986
13:30:39.612   1295,809      26128,4513
13:30:40.149   1296,346      26148,6329
13:30:40.655   1296,852      26129,1928
13:30:41.167   1297,364      26165,4302
13:30:41.751   1297,948      26195,2399
13:30:42.308   1298,505      26228,8412
13:30:42.862   1299,059      26167,0624
13:30:43.454   1299,651      26226,7892
13:30:43.993   1300,190      26198,7700
13:30:44.581   1300,778      26254,6519
13:30:45.166   1301,363      26222,9118
13:30:45.706   1301,903      26211,9768
13:30:46.274   1302,471      26275,7621
13:30:46.833   1303,030      26263,0497
13:30:47.405   1303,602      26316,0396
13:30:47.987   1304,184      26303,5852
13:30:48.545   1304,742      26310,0514
13:30:49.097   1305,294      26368,8937
13:30:49.629   1305,826      26309,3861
13:30:50.193   1306,390      26383,5306
13:30:50.739   1306,936      26356,3116
13:30:51.310   1307,507      26380,7543
13:30:51.869   1308,066      26308,2128
13:30:52.446   1308,643      26379,3329
13:30:52.951   1309,148      26393,9152
13:30:53.532   1309,729      26380,7988
13:30:54.092   1310,289      26395,5504
13:30:54.662   1310,859      26385,3982
13:30:55.219   1311,416      26379,5318
13:30:55.802   1311,999      26403,0115
13:30:56.328   1312,525      26415,2791
13:30:56.887   1313,084      26395,8590
13:30:57.463   1313,660      26447,0925
13:30:58.026   1314,223      26416,9955
13:30:58.587   1314,784      26411,3241
13:30:59.128   1315,325      26465,0747
13:30:59.643   1315,840      26503,9927
13:31:00.199   1316,396      26483,6682
13:31:00.747   1316,944      26445,2834
13:31:01.251   1317,448      26474,7638
13:31:01.784   1317,981      26512,7642
13:31:02.319   1318,516      26473,8490
13:31:02.857   1319,054      26466,9599
13:31:03.408   1319,605      26446,9442
13:31:03.985   1320,182      26480,5848
13:31:04.530   1320,727      26534,4470
13:31:05.069   1321,266      26554,6467
13:31:05.656   1321,853      26482,5247
13:31:06.235   1322,432      26464,3724
13:31:06.813   1323,010      26514,8421
13:31:07.394   1323,591      26520,1158
13:31:07.976   1324,173      26495,8578
13:31:08.514   1324,711      26547,2556
13:31:09.060   1325,257      26517,4304
13:31:09.636   1325,833      26533,9974
13:31:10.200   1326,397      26549,1130
13:31:10.752   1326,949      26538,9179
13:31:11.328   1327,525      26524,7817
13:31:11.882   1328,079      26513,7634
13:31:12.463   1328,660      26560,3011
13:31:13.009   1329,206      26561,8215
13:31:13.573   1329,770      26501,9397
13:31:14.132   1330,329      26550,7214
13:31:14.636   1330,833      26533,1687
13:31:15.229   1331,426      26543,4211
13:31:15.790   1331,987      26549,4297
13:31:16.357   1332,554      26559,0440
13:31:16.929   1333,126      26572,0446
13:31:17.493   1333,690      26555,3236
13:31:18.032   1334,229      26605,4574
13:31:18.623   1334,820      26585,5579
13:31:19.202   1335,399      26542,0437
13:31:19.704   1335,901      26587,0398
13:31:20.233   1336,430      26578,8537
13:31:20.805   1337,002      26597,0887
13:31:21.362   1337,559      26558,5222
13:31:21.915   1338,112      26580,2688
13:31:22.475   1338,672      26592,1263
13:31:23.029   1339,226      26548,4153
13:31:23.611   1339,808      26605,8058
13:31:24.149   1340,346      26600,7817
13:31:24.689   1340,886      26614,5285
13:31:25.229   1341,426      26581,9990
13:31:25.800   1341,997      26580,5839
13:31:26.347   1342,544      26593,7341
13:31:26.896   1343,093      26585,0832
13:31:27.438   1343,635      26542,3143
13:31:27.987   1344,184      26541,3619
13:31:28.565   1344,762      26559,9664
13:31:29.109   1345,306      26576,4545
13:31:29.697   1345,894      26549,2589
13:31:30.240   1346,437      26530,1570
13:31:30.779   1346,976      26493,6882
13:31:31.378   1347,575      26441,6334
13:31:31.923   1348,120      26410,7287
13:31:32.480   1348,677      26371,6660
13:31:33.032   1349,229      26257,3950
13:31:33.588   1349,785      26232,9034
13:31:34.149   1350,346      26085,0259
13:31:34.738   1350,935      25892,3883
13:31:35.339   1351,536      25707,9348
13:31:35.900   1352,097      25347,0419
13:31:36.476   1352,673      25001,1510
13:31:37.035   1353,232      24585,2706
13:31:37.561   1353,758      24157,1895
13:31:38.132   1354,329      23522,6996
13:31:38.677   1354,874      22894,7158
13:31:39.182   1355,379      22297,6506
13:31:39.728   1355,925      21619,4706
13:31:40.264   1356,461      21007,1922
13:31:40.803   1357,000      20369,2701
13:31:41.354   1357,551      19755,6871
13:31:41.938   1358,135      19134,3693
13:31:42.509   1358,706      18527,8630
13:31:43.056   1359,253      17963,3031
13:31:43.618   1359,815      17413,3840
13:31:44.185   1360,382      16878,5574
13:31:44.737   1360,934      16327,3784
13:31:45.329   1361,526      15757,2329
13:31:45.884   1362,081      15230,0868
13:31:46.431   1362,628      14696,0099
13:31:46.969   1363,166      14106,9378
13:31:47.486   1363,683      13703,3851
13:31:48.110   1364,307      13087,4699
13:31:48.722   1364,919      12490,1617
13:31:49.249   1365,446      11989,8363
13:31:49.807   1366,004      11487,8498
13:31:50.369   1366,566      11022,7452
13:31:50.908   1367,105      10531,1912
13:31:51.512   1367,709      10015,9175
13:31:52.088   1368,285       9566,6570
13:31:52.685   1368,882       9094,0087
13:31:53.275   1369,472       8695,0950
13:31:53.856   1370,053       8275,7999
13:31:54.407   1370,604       7871,2828
13:31:54.928   1371,125       7544,6785
13:31:55.505   1371,702       7161,2291
13:31:56.080   1372,277       6814,6634
13:31:56.632   1372,829       6503,4656
13:31:57.234   1373,431       6189,0670
13:31:57.796   1373,993       5853,5696
13:31:58.372   1374,569       5615,0812
13:31:58.922   1375,119       5343,0239
13:31:59.518   1375,715       5092,0500
13:32:00.062   1376,259       4872,5654
13:32:00.680   1376,877       4639,7410
13:32:01.281   1377,478       4423,5839
13:32:01.850   1378,047       4241,4286
13:32:02.420   1378,617       4049,6254
13:32:03.017   1379,214       3872,6674
13:32:03.670   1379,867       3709,1092
13:32:04.262   1380,459       3545,8101
13:32:04.850   1381,047       3428,9274
13:32:05.465   1381,662       3279,8390
13:32:05.991   1382,188       3166,9433
13:32:06.609   1382,806       3075,7134
13:32:07.168   1383,365       3057,7279
13:32:07.757   1383,954       3040,8596
13:32:08.328   1384,525       3069,8319
13:32:08.904   1385,101       3151,2051
13:32:09.488   1385,685       3230,0941
13:32:10.085   1386,282       3320,2948
13:32:10.662   1386,859       3396,4792
13:32:11.236   1387,433       3499,6430
13:32:11.774   1387,971       3646,5432
13:32:12.357   1388,554       3784,4847
13:32:12.890   1389,087       3874,6459
13:32:13.506   1389,703       4021,7915
13:32:14.071   1390,268       4206,2628
13:32:14.655   1390,852       4363,7514
13:32:15.205   1391,402       4545,8974
13:32:15.768   1391,965       4726,3933
13:32:16.351   1392,548       4948,3829
13:32:16.903   1393,100       5139,8800
13:32:17.426   1393,623       5366,1287
13:32:17.969   1394,166       5578,3148
13:32:18.530   1394,727       5840,5848
13:32:19.125   1395,322       6145,1543
13:32:19.745   1395,942       6469,9455
13:32:20.352   1396,549       6748,7480
13:32:20.922   1397,119       7090,8994
13:32:21.554   1397,751       7546,9587
13:32:22.152   1398,349       7915,0012
13:32:22.746   1398,943       8305,3672
13:32:23.313   1399,510       8763,4437
13:32:23.859   1400,056       9137,8970
13:32:24.418   1400,615       9552,8057
13:32:25.008   1401,205      10069,6200
13:32:25.653   1401,850      10614,9800
13:32:26.214   1402,411      11120,9254
13:32:26.801   1402,998      11615,5940
13:32:27.401   1403,598      12179,5611
13:32:27.934   1404,131      12687,1904
13:32:28.534   1404,731      13243,9628
13:32:29.175   1405,372      13818,0393
13:32:29.749   1405,946      14433,1558
13:32:30.370   1406,567      15002,0523
13:32:30.961   1407,158      15579,8430
13:32:31.531   1407,728      16127,7660
13:32:32.134   1408,331      16672,4993
13:32:32.717   1408,914      17217,0021
13:32:33.299   1409,496      17773,7917
13:32:33.833   1410,030      18233,4136
13:32:34.333   1410,530      18700,0353
13:32:34.842   1411,039      19149,5473
13:32:35.439   1411,636      19624,2292
13:32:36.020   1412,217      20093,1046
13:32:36.610   1412,807      20591,2403
13:32:37.190   1413,387      21029,8739
13:32:37.785   1413,982      21452,4757
13:32:38.378   1414,575      21829,4570
13:32:38.913   1415,110      22161,0694
13:32:39.547   1415,744      22544,2501
13:32:40.067   1416,264      22857,0713
13:32:40.660   1416,857      23133,9904
13:32:41.287   1417,484      23400,3675
13:32:41.824   1418,021      23606,7779
13:32:42.380   1418,577      23835,2744
13:32:42.978   1419,175      24009,4869
13:32:43.576   1419,773      24226,1257
13:32:44.134   1420,331      24360,0133
13:32:44.660   1420,857      24498,0503
13:32:45.160   1421,357      24608,5631
13:32:45.714   1421,911      24729,0394
13:32:46.354   1422,551      24886,2419
13:32:46.919   1423,116      24926,8200
13:32:47.538   1423,735      25022,5993
13:32:48.186   1424,383      25125,4705
13:32:48.752   1424,949      25179,0719
13:32:49.343   1425,540      25299,8148
13:32:49.958   1426,155      25331,7248
13:32:50.473   1426,670      25430,6842
13:32:50.977   1427,174      25467,4881
13:32:51.591   1427,788      25526,2908
13:32:52.210   1428,407      25554,1643
13:32:52.740   1428,937      25568,0603
13:32:53.371   1429,568      25618,8775
13:32:53.920   1430,117      25698,6908
13:32:54.424   1430,621      25681,9279
13:32:54.952   1431,149      25689,9365
13:32:55.497   1431,694      25796,4491
13:32:56.128   1432,325      25779,2357
13:32:56.699   1432,896      25851,2863
13:32:57.312   1433,509      25853,5467
13:32:57.827   1434,024      25889,7018
13:32:58.396   1434,593      25891,0381
13:32:58.922   1435,119      25968,8144
13:32:59.472   1435,669      25965,2411
13:33:00.098   1436,295      26009,2054
13:33:00.623   1436,820      26032,5712
13:33:01.147   1437,344      26057,2562
13:33:01.666   1437,863      26039,8146
13:33:02.290   1438,487      26090,8877
13:33:02.913   1439,110      26121,5280
13:33:03.531   1439,728      26154,2369
13:33:04.041   1440,238      26166,1016
13:33:04.651   1440,848      26185,1938
13:33:05.268   1441,465      26202,0433
13:33:05.833   1442,030      26242,8453
13:33:06.381   1442,578      26229,6661
13:33:06.895   1443,092      26244,6130
13:33:07.455   1443,652      26200,7640
13:33:08.058   1444,255      26279,2916
13:33:08.614   1444,811      26298,6105
13:33:09.193   1445,390      26259,5207
13:33:09.693   1445,890      26333,7619
13:33:10.253   1446,450      26341,7956
13:33:10.829   1447,026      26364,8617
13:33:11.411   1447,608      26364,6893
13:33:11.962   1448,159      26369,6629
13:33:12.506   1448,703      26398,2344
13:33:13.072   1449,269      26386,1179
13:33:13.640   1449,837      26401,8287
13:33:14.202   1450,399      26373,8862
13:33:14.745   1450,942      26381,9113
13:33:15.314   1451,511      26395,4297
13:33:15.904   1452,101      26470,2148
13:33:16.410   1452,607      26420,7147
13:33:16.950   1453,147      26450,1976
13:33:17.513   1453,710      26480,4568
13:33:18.056   1454,253      26439,3207
13:33:18.601   1454,798      26493,8396
13:33:19.152   1455,349      26483,6621
13:33:19.658   1455,855      26433,5969
13:33:20.164   1456,361      26465,3550
13:33:20.737   1456,934      26526,4143
13:33:21.328   1457,525      26539,2292
13:33:21.884   1458,081      26491,6232
13:33:22.500   1458,697      26574,4662
13:33:23.066   1459,263      26520,1904
13:33:23.605   1459,802      26521,6427
13:33:24.190   1460,387      26587,3210
13:33:24.752   1460,949      26536,4534
13:33:25.368   1461,565      26592,2194
13:33:25.949   1462,146      26613,2613
13:33:26.526   1462,723      26597,5165
13:33:27.084   1463,281      26582,7740
13:33:27.637   1463,834      26611,2582
13:33:28.190   1464,387      26584,0658
13:33:28.752   1464,949      26621,1742
13:33:29.303   1465,500      26617,7582
13:33:29.882   1466,079      26625,5686
13:33:30.443   1466,640      26620,0995
13:33:30.995   1467,192      26638,9894
13:33:31.564   1467,761      26588,9132
13:33:32.161   1468,358      26659,2122
13:33:32.734   1468,931      26628,0559
13:33:33.298   1469,495      26650,9000
13:33:33.869   1470,066      26649,6158
13:33:34.405   1470,602      26693,7954
13:33:34.965   1471,162      26684,3082
13:33:35.475   1471,672      26686,0246
13:33:36.049   1472,246      26651,0599
13:33:36.601   1472,798      26674,3917
13:33:37.158   1473,355      26698,4070
13:33:37.732   1473,929      26669,7424
13:33:38.282   1474,479      26708,2127
13:33:38.829   1475,026      26675,2719
13:33:39.396   1475,593      26713,5864
13:33:39.966   1476,163      26713,3296
13:33:40.525   1476,722      26685,2504
13:33:41.066   1477,263      26679,7844
13:33:41.627   1477,824      26684,6086
13:33:42.188   1478,385      26679,5966
13:33:42.741   1478,938      26717,4738
13:33:43.294   1479,491      26681,5387
13:33:43.854   1480,051      26683,5765
13:33:44.442   1480,639      26701,6643
13:33:44.995   1481,192      26709,7595
13:33:45.563   1481,760      26726,1608
13:33:46.146   1482,343      26719,2454
13:33:46.726   1482,923      26729,8135
13:33:47.289   1483,486      26728,7240
13:33:47.871   1484,068      26751,3833
13:33:48.385   1484,582      26775,0091
13:33:48.916   1485,113      26732,2184
13:33:49.494   1485,691      26746,7003
13:33:50.067   1486,264      26738,6873
13:33:50.647   1486,844      26741,2123
13:33:51.192   1487,389      26797,2022
13:33:51.767   1487,964      26741,2406
13:33:52.347   1488,544      26753,5987
13:33:52.918   1489,115      26760,7717
13:33:53.436   1489,633      26732,9139
13:33:53.941   1490,138      26785,3228
13:33:54.514   1490,711      26741,9947
13:33:55.059   1491,256      26757,4311
13:33:55.646   1491,843      26745,5006
13:33:56.200   1492,397      26769,9803
13:33:56.760   1492,957      26749,0275
13:33:57.315   1493,512      26756,1294
13:33:57.895   1494,092      26733,5066
13:33:58.461   1494,658      26744,2199
13:33:59.037   1495,234      26789,1384
13:33:59.594   1495,791      26765,7858
13:34:00.154   1496,351      26728,5303
13:34:00.724   1496,921      26686,7968
13:34:01.236   1497,433      26626,9362
13:34:01.740   1497,937      26612,4651
13:34:02.278   1498,475      26533,6575
13:34:02.823   1499,020      26478,6520
13:34:03.439   1499,636      26389,9513
13:34:03.970   1500,167      26207,0588
13:34:04.558   1500,755      26082,6750
13:34:05.100   1501,297      25807,6115
13:34:05.678   1501,875      25550,7781
13:34:06.247   1502,444      25204,9081
13:34:06.847   1503,044      24743,4955
13:34:07.412   1503,609      24304,9353
13:34:07.986   1504,183      23757,9939
13:34:08.527   1504,724      23185,7039
13:34:09.073   1505,270      22527,9127
13:34:09.578   1505,775      22008,6872
13:34:10.111   1506,308      21256,8034
13:34:10.698   1506,895      20634,4479
13:34:11.280   1507,477      19993,8358
13:34:11.827   1508,024      19383,7221
13:34:12.391   1508,588      18796,5513
13:34:12.940   1509,137      18258,9822
13:34:13.461   1509,658      17748,0739
13:34:13.992   1510,189      17205,2066
13:34:14.563   1510,760      16642,6848
13:34:15.127   1511,324      16087,5814
13:34:15.675   1511,872      15535,3442
13:34:16.227   1512,424      14997,3321
13:34:16.798   1512,995      14516,4797
13:34:17.319   1513,516      13998,0692
13:34:17.881   1514,078      13453,9936
13:34:18.453   1514,650      12928,6120
13:34:18.990   1515,187      12414,7475
13:34:19.578   1515,775      11864,7731
13:34:20.135   1516,332      11414,1387
13:34:20.710   1516,907      10871,0261
13:34:21.277   1517,474      10404,9435
13:34:21.816   1518,013       9956,5590
13:34:22.373   1518,570       9521,4902
13:34:22.946   1519,143       9089,2703
13:34:23.549   1519,746       8651,3530
13:34:24.124   1520,321       8203,9436
13:34:24.684   1520,881       7814,7877
13:34:25.244   1521,441       7446,4906
13:34:25.791   1521,988       7101,6477
13:34:26.305   1522,502       6821,1350
13:34:26.881   1523,078       6476,4897
13:34:27.383   1523,580       6223,9597
13:34:27.917   1524,114       5933,2233
13:34:28.471   1524,668       5653,0979
13:34:29.006   1525,203       5394,3999
13:34:29.537   1525,734       5186,7873
13:34:30.080   1526,277       4962,8879
13:34:30.623   1526,820       4723,9454
13:34:31.177   1527,374       4550,6119
13:34:31.753   1527,950       4367,4641
13:34:32.310   1528,507       4184,4064
13:34:32.877   1529,074       4015,6035
13:34:33.451   1529,648       3844,9084
13:34:33.987   1530,184       3693,3297
13:34:34.529   1530,726       3540,4726
13:34:35.034   1531,231       3408,6175
13:34:35.601   1531,798       3294,8887
13:34:36.144   1532,341       3174,4938
13:34:36.693   1532,890       3081,0912
13:34:37.195   1533,392       3031,5670
13:34:37.769   1533,966       3023,8258
13:34:38.270   1534,467       3031,6355
13:34:38.822   1535,019       3061,0597
13:34:39.340   1535,537       3132,7292
13:34:39.880   1536,077       3197,3334
13:34:40.426   1536,623       3282,5403
13:34:40.979   1537,176       3382,7053
13:34:41.540   1537,737       3477,1739
13:34:42.094   1538,291       3618,6743
13:34:42.641   1538,838       3734,3903
13:34:43.147   1539,344       3834,4540
13:34:43.699   1539,896       3991,3291
13:34:44.221   1540,418       4101,6740
13:34:44.779   1540,976       4269,5671
13:34:45.339   1541,536       4449,6740
13:34:45.956   1542,153       4638,3465
13:34:46.457   1542,654       4829,0891
13:34:46.997   1543,194       5027,8747
13:34:47.542   1543,739       5224,5795
13:34:48.044   1544,241       5439,2508
13:34:48.591   1544,788       5685,5717
13:34:49.129   1545,326       5943,7895
13:34:49.701   1545,898       6192,8239
13:34:50.260   1546,457       6515,7817
13:34:50.841   1547,038       6812,9761
13:34:51.419   1547,616       7153,3601
13:34:51.926   1548,123       7410,1272
13:34:52.460   1548,657       7829,4681
13:34:52.985   1549,182       8173,9823
13:34:53.497   1549,694       8523,1506
13:34:54.040   1550,237       8903,2427
13:34:54.608   1550,805       9377,0720
13:34:55.185   1551,382       9806,3393
13:34:55.768   1551,965      10313,5715
13:34:56.314   1552,511      10805,7168
13:34:56.875   1553,072      11261,5383
13:34:57.388   1553,585      11771,7418
13:34:57.940   1554,137      12216,2326
13:34:58.488   1554,685      12706,0544
13:34:59.029   1555,226      13242,4236
13:34:59.606   1555,803      13776,3694
13:35:00.189   1556,386      14363,8127
13:35:00.765   1556,962      14923,3633
13:35:01.340   1557,537      15480,3379
13:35:01.918   1558,115      15976,1033
13:35:02.455   1558,652      16521,3823
13:35:02.974   1559,171      16934,0608
13:35:03.541   1559,738      17456,1367
13:35:04.083   1560,280      18031,5601
13:35:04.655   1560,852      18557,6063
13:35:05.160   1561,357      18992,0323
13:35:05.745   1561,942      19501,5536
13:35:06.316   1562,513      19934,7188
13:35:06.860   1563,057      20389,4753
13:35:07.442   1563,639      20818,9494
13:35:08.000   1564,197      21292,5537
13:35:08.581   1564,778      21680,3101
13:35:09.180   1565,377      22088,0233
13:35:09.723   1565,920      22445,7334
13:35:10.298   1566,495      22732,7812
13:35:10.840   1567,037      23034,9593
13:35:11.363   1567,560      23270,6814
13:35:11.914   1568,111      23510,0009
13:35:12.478   1568,675      23779,3496
13:35:13.017   1569,214      23942,8807
13:35:13.592   1569,789      24099,8226
13:35:14.144   1570,341      24314,0942
13:35:14.731   1570,928      24463,9913
13:35:15.292   1571,489      24625,6129
13:35:15.805   1572,002      24764,3933
13:35:16.366   1572,563      24849,0227
13:35:16.916   1573,113      24990,3490
13:35:17.520   1573,717      25043,8061
13:35:18.072   1574,269      25163,3370
13:35:18.658   1574,855      25226,4848
13:35:19.220   1575,417      25326,6701
13:35:19.769   1575,966      25381,9892
13:35:20.355   1576,552      25445,6023
13:35:20.894   1577,091      25545,3983
13:35:21.450   1577,647      25512,7957
13:35:21.961   1578,158      25618,6493
13:35:22.528   1578,725      25658,1336
13:35:23.112   1579,309      25695,2029
13:35:23.645   1579,842      25723,8579
13:35:24.211   1580,408      25796,9371
13:35:24.712   1580,909      25795,8673
13:35:25.289   1581,486      25841,4706
13:35:25.839   1582,036      25883,5818
13:35:26.402   1582,599      25892,9290
13:35:26.975   1583,172      25896,3072
13:35:27.485   1583,682      25972,8167
13:35:28.053   1584,250      26003,7808
13:35:28.620   1584,817      26028,1354
13:35:29.184   1585,381      26047,0061
13:35:29.735   1585,932      26074,0791
13:35:30.270   1586,467      26052,9413
13:35:30.839   1587,036      26088,5368
13:35:31.438   1587,635      26121,8545
13:35:31.998   1588,195      26127,1685
13:35:32.550   1588,747      26114,4303
13:35:33.115   1589,312      26162,4479
13:35:33.674   1589,871      26186,6805
13:35:34.237   1590,434      26154,0283
13:35:34.783   1590,980      26169,1320
13:35:35.338   1591,535      26222,2211
13:35:35.906   1592,103      26237,0734
13:35:36.487   1592,684      26206,7399
13:35:37.068   1593,265      26199,4622
13:35:37.648   1593,845      26250,6944
13:35:38.197   1594,394      26278,4770
13:35:38.761   1594,958      26330,3978
13:35:39.280   1595,477      26269,1601
13:35:39.853   1596,050      26342,1850
13:35:40.401   1596,598      26367,0552
13:35:40.958   1597,155      26341,6543
13:35:41.539   1597,736      26348,2024
13:35:42.125   1598,322      26382,9280
13:35:42.713   1598,910      26367,5581
13:35:43.266   1599,463      26373,1300
13:35:43.772   1599,969      26377,3226
13:35:44.326   1600,523      26422,5317
13:35:44.863   1601,060      26380,9432
13:35:45.422   1601,619      26455,6706
13:35:45.980   1602,177      26445,2480
13:35:46.525   1602,722      26495,3869
13:35:47.083   1603,280      26440,4094
13:35:47.671   1603,868      26437,9621
13:35:48.218   1604,415      26481,7386
13:35:48.774   1604,971      26468,6684
13:35:49.340   1605,537      26475,1691
13:35:49.888   1606,085      26472,1520
13:35:50.461   1606,658      26533,6047
13:35:51.052   1607,249      26541,0808
13:35:51.658   1607,855      26498,6457
13:35:52.231   1608,428      26526,9699
13:35:52.778   1608,975      26554,8386
13:35:53.357   1609,554      26541,9082
13:35:53.865   1610,062      26510,8453
13:35:54.421   1610,618      26583,5873
13:35:54.926   1611,123      26529,4800
13:35:55.490   1611,687      26568,7846
13:35:56.067   1612,264      26572,8987
13:35:56.622   1612,819      26572,7929
13:35:57.168   1613,365      26578,0805
13:35:57.749   1613,946      26547,2007
13:35:58.292   1614,489      26626,5374
13:35:58.835   1615,032      26581,2047
13:35:59.424   1615,621      26644,1861
13:35:59.999   1616,196      26590,9271
13:36:00.545   1616,742      26605,7114
13:36:01.111   1617,308      26602,2298
13:36:01.689   1617,886      26642,8149
13:36:02.252   1618,449      26641,8819
13:36:02.824   1619,021      26688,6788
13:36:03.375   1619,572      26589,7790
13:36:03.935   1620,132      26681,0821
13:36:04.447   1620,644      26656,9510
13:36:05.021   1621,218      26665,3988
13:36:05.600   1621,797      26707,9144
13:36:06.158   1622,355      26663,7978
13:36:06.727   1622,924      26663,7911
13:36:07.327   1623,524      26715,5703
13:36:07.898   1624,095      26688,0768
13:36:08.453   1624,650      26737,0711
13:36:09.002   1625,199      26681,5575
13:36:09.531   1625,728      26721,4094
13:36:10.102   1626,299      26700,0364
13:36:10.645   1626,842      26705,7642
13:36:11.231   1627,428      26725,7818
13:36:11.776   1627,973      26732,5764
13:36:12.365   1628,562      26715,5835
13:36:12.965   1629,162      26717,9497
13:36:13.475   1629,672      26777,6587
13:36:14.083   1630,280      26706,3795
13:36:14.640   1630,837      26756,9141
13:36:15.209   1631,406      26740,4758
13:36:15.752   1631,949      26756,3038
13:36:16.297   1632,494      26737,0606
13:36:16.836   1633,033      26739,7904
13:36:17.406   1633,603      26741,4491
13:36:17.954   1634,151      26710,6843
13:36:18.521   1634,718      26774,9262
13:36:19.028   1635,225      26753,6951
13:36:19.528   1635,725      26749,8243
13:36:20.107   1636,304      26753,6521
13:36:20.649   1636,846      26714,2476
13:36:21.207   1637,404      26726,3390
13:36:21.721   1637,918      26736,8532
13:36:22.256   1638,453      26771,5369
13:36:22.804   1639,001      26768,8866
13:36:23.312   1639,509      26824,8907
13:36:23.853   1640,050      26740,9872
13:36:24.427   1640,624      26752,9768
13:36:24.988   1641,185      26770,3782
13:36:25.555   1641,752      26741,1803
13:36:26.107   1642,304      26814,1670
13:36:26.681   1642,878      26797,3190
13:36:27.253   1643,450      26806,3616
13:36:27.807   1644,004      26735,1472
13:36:28.360   1644,557      26748,8469
13:36:28.959   1645,156      26772,0717
13:36:29.507   1645,704      26774,2590
13:36:30.056   1646,253      26695,5194
13:36:30.564   1646,761      26732,7942
13:36:31.134   1647,331      26703,8380
13:36:31.697   1647,894      26608,3548
13:36:32.280   1648,477      26530,0613
13:36:32.780   1648,977      26515,0397
13:36:33.337   1649,534      26395,6346
13:36:33.923   1650,120      26251,1614
13:36:34.503   1650,700      26112,6801
13:36:35.073   1651,270      25898,7117
13:36:35.660   1651,857      25573,8759
13:36:36.204   1652,401      25272,0250
13:36:36.752   1652,949      24875,2222
13:36:37.252   1653,449      24565,2588
13:36:37.752   1653,949      24066,4809
13:36:38.315   1654,512      23554,8565
13:36:38.888   1655,085      22882,4744
13:36:39.396   1655,593      22362,4494
13:36:39.966   1656,163      21654,6364
13:36:40.528   1656,725      20965,8450
13:36:41.083   1657,280      20367,2277
13:36:41.671   1657,868      19674,6569
13:36:42.240   1658,437      19118,2837
13:36:42.748   1658,945      18591,8312
13:36:43.293   1659,490      18000,9946
13:36:43.859   1660,056      17454,6418
13:36:44.389   1660,586      16962,6704
13:36:44.951   1661,148      16387,3125
13:36:45.466   1661,663      15873,1539
13:36:46.010   1662,207      15349,0962
13:36:46.561   1662,758      14877,5012
13:36:47.127   1663,324      14317,0738
13:36:47.668   1663,865      13767,8435
13:36:48.234   1664,431      13310,5924
13:36:48.791   1664,988      12769,8615
13:36:49.362   1665,559      12259,4010
13:36:49.938   1666,135      11776,3452
13:36:50.463   1666,660      11224,7156
13:36:51.026   1667,223      10762,6053
13:36:51.611   1667,808      10309,5296
13:36:52.151   1668,348       9849,1428
13:36:52.693   1668,890       9413,1421
13:36:53.279   1669,476       8979,1399
13:36:53.787   1669,984       8603,9923
13:36:54.358   1670,555       8169,8650
13:36:54.906   1671,103       7827,6082
13:36:55.468   1671,665       7462,6563
13:36:56.018   1672,215       7157,3048
13:36:56.603   1672,800       6772,3521
13:36:57.128   1673,325       6458,4683
13:36:57.720   1673,917       6191,0616
13:36:58.316   1674,513       5901,9744
13:36:58.901   1675,098       5577,9205
13:36:59.489   1675,686       5307,5352
13:37:00.037   1676,234       5081,0566
13:37:00.621   1676,818       4840,5534
13:37:01.170   1677,367       4661,7176
13:37:01.720   1677,917       4452,8781
13:37:02.267   1678,464       4275,7185
13:37:02.820   1679,017       4091,1888
13:37:03.381   1679,578       3916,6604
13:37:03.925   1680,122       3782,8817
13:37:04.498   1680,695       3628,5356
13:37:05.068   1681,265       3494,2021
13:37:05.643   1681,840       3348,9915
13:37:06.216   1682,413       3202,5979
13:37:06.770   1682,967       3123,0967
13:37:07.343   1683,540       3017,7835
13:37:07.922   1684,119       2980,1667
13:37:08.489   1684,686       2998,8253
13:37:09.059   1685,256       3017,6503
13:37:09.647   1685,844       3117,2482
13:37:10.205   1686,402       3168,7507
13:37:10.746   1686,943       3266,3459
13:37:11.316   1687,513       3343,5672
13:37:11.884   1688,081       3463,3353
13:37:12.423   1688,620       3579,5574
13:37:12.986   1689,183       3673,9282
13:37:13.503   1689,700       3826,4664
13:37:14.080   1690,277       3950,9728
13:37:14.627   1690,824       4123,4290
13:37:15.192   1691,389       4277,0571
13:37:15.762   1691,959       4421,8948
13:37:16.292   1692,489       4622,0170
13:37:16.835   1693,032       4801,8994
13:37:17.349   1693,546       4991,8755
13:37:17.900   1694,097       5196,0797
13:37:18.471   1694,668       5425,6524
13:37:18.989   1695,186       5634,2394
13:37:19.563   1695,760       5906,4814
13:37:20.137   1696,334       6182,6179
13:37:20.677   1696,874       6445,7968
13:37:21.193   1697,390       6766,9623
13:37:21.743   1697,940       7076,8812
13:37:22.285   1698,482       7383,0999
13:37:22.837   1699,034       7734,4488
13:37:23.407   1699,604       8144,3137
13:37:23.977   1700,174       8544,4014
13:37:24.545   1700,742       8983,5562
13:37:25.099   1701,296       9346,7842
13:37:25.623   1701,820       9784,6343
13:37:26.171   1702,368      10258,7559
13:37:26.704   1702,901      10699,9481
13:37:27.256   1703,453      11183,8585
13:37:27.818   1704,015      11662,2987
13:37:28.384   1704,581      12164,9546
13:37:28.933   1705,130      12724,1663
13:37:29.435   1705,632      13147,9597
13:37:29.976   1706,173      13603,3083
13:37:30.554   1706,751      14137,8523
13:37:31.160   1707,357      14669,5756
13:37:31.747   1707,944      15291,4223
13:37:32.317   1708,514      15823,4662
13:37:32.860   1709,057      16347,4161
13:37:33.377   1709,574      16869,8641
13:37:33.945   1710,142      17359,2691
13:37:34.481   1710,678      17869,9347
13:37:35.074   1711,271      18460,9094
13:37:35.584   1711,781      18871,4290
13:37:36.131   1712,328      19374,8246
13:37:36.695   1712,892      19889,6441
13:37:37.284   1713,481      20336,8743
13:37:37.867   1714,064      20787,4237
13:37:38.401   1714,598      21222,0661
13:37:38.974   1715,171      21686,5637
13:37:39.519   1715,716      22016,8211
13:37:40.065   1716,262      22334,2726
13:37:40.625   1716,822      22735,2744
13:37:41.197   1717,394      22964,5934
13:37:41.766   1717,963      23292,4042
13:37:42.340   1718,537      23569,9178
13:37:42.876   1719,073      23753,5636
13:37:43.463   1719,660      23977,1322
13:37:44.001   1720,198      24186,0802
13:37:44.556   1720,753      24326,2514
13:37:45.102   1721,299      24490,5704
13:37:45.635   1721,832      24643,4781
13:37:46.140   1722,337      24795,3915
13:37:46.707   1722,904      24889,2956
13:37:47.287   1723,484      24993,3808
13:37:47.842   1724,039      25082,8803
13:37:48.417   1724,614      25193,2654
13:37:48.969   1725,166      25284,3539
13:37:49.540   1725,737      25344,4065
13:37:50.107   1726,304      25404,2838
13:37:50.649   1726,846      25488,4817
13:37:51.224   1727,421      25523,5771
13:37:51.777   1727,974      25510,8018
13:37:52.351   1728,548      25602,2330
13:37:52.918   1729,115      25616,7747
13:37:53.431   1729,628      25680,9863
13:37:53.978   1730,175      25716,2008
13:37:54.516   1730,713      25759,8623
13:37:55.111   1731,308      25804,9343
13:37:55.632   1731,829      25859,7995
13:37:56.228   1732,425      25861,9637
13:37:56.795   1732,992      25882,1942
13:37:57.370   1733,567      25940,9588
13:37:57.873   1734,070      25968,8165
13:37:58.447   1734,644      25955,5750
13:37:59.016   1735,213      25978,1435
13:37:59.570   1735,767      25995,1925
13:38:00.072   1736,269      26052,6135
13:38:00.658   1736,855      26049,1313
13:38:01.231   1737,428      26099,2818
13:38:01.788   1737,985      26101,2272
13:38:02.373   1738,570      26132,9742
13:38:02.929   1739,126      26145,6086
13:38:03.517   1739,714      26178,4802
13:38:04.073   1740,270      26178,7671
13:38:04.656   1740,853      26208,1723
13:38:05.229   1741,426      26145,0955
13:38:05.765   1741,962      26221,8215
13:38:06.340   1742,537      26243,4010
13:38:06.902   1743,099      26292,9855
13:38:07.409   1743,606      26260,2326
13:38:07.989   1744,186      26290,4428
13:38:08.533   1744,730      26264,7007
13:38:09.074   1745,271      26305,4055
13:38:09.640   1745,837      26325,2620
13:38:10.142   1746,339      26355,9570
13:38:10.645   1746,842      26343,7182
13:38:11.189   1747,386      26365,2945
13:38:11.746   1747,943      26353,0814
13:38:12.299   1748,496      26366,4293
13:38:12.852   1749,049      26372,6910
13:38:13.415   1749,612      26344,1458
13:38:13.952   1750,149      26352,4313
13:38:14.520   1750,717      26438,2463
13:38:15.099   1751,296      26446,7286
13:38:15.600   1751,797      26417,9590
13:38:16.147   1752,344      26449,1282
13:38:16.697   1752,894      26437,0792
13:38:17.238   1753,435      26424,2502
13:38:17.773   1753,970      26461,5711
13:38:18.312   1754,509      26520,2018
13:38:18.877   1755,074      26509,7435
13:38:19.449   1755,646      26486,6034
13:38:20.021   1756,218      26475,5592
13:38:20.582   1756,779      26477,8416
13:38:21.127   1757,324      26541,9546
13:38:21.678   1757,875      26509,4416
13:38:22.182   1758,379      26471,7341
13:38:22.727   1758,924      26519,7370
13:38:23.326   1759,523      26530,8124
13:38:23.872   1760,069      26507,1647
13:38:24.436   1760,633      26541,1890
13:38:24.998   1761,195      26534,4436
13:38:25.562   1761,759      26524,5109
13:38:26.144   1762,341      26572,1918
13:38:26.709   1762,906      26561,4333
13:38:27.289   1763,486      26566,9557
13:38:27.809   1764,006      26541,3620
13:38:28.366   1764,563      26562,6848
13:38:28.958   1765,155      26552,4836
13:38:29.521   1765,718      26552,2020
13:38:30.074   1766,271      26598,0816
13:38:30.606   1766,803      26581,2158
13:38:31.123   1767,320      26613,1623
13:38:31.685   1767,882      26583,6756
13:38:32.198   1768,395      26580,1380
13:38:32.766   1768,963      26590,7213
13:38:33.316   1769,513      26692,5763
13:38:33.875   1770,072      26771,3722
13:38:34.452   1770,649      26769,2762
13:38:34.981   1771,178      26748,8052
13:38:35.533   1771,730      26744,0712
13:38:36.090   1772,287      26771,9221
13:38:36.654   1772,851      26792,3500
13:38:37.211   1773,408      26739,3183
13:38:37.757   1773,954      26738,5714
13:38:38.302   1774,499      26777,8088
13:38:38.840   1775,037      26736,0160
13:38:39.405   1775,602      26742,6707
13:38:39.991   1776,188      26737,6462
13:38:40.568   1776,765      26763,0092
13:38:41.107   1777,304      26785,1510
13:38:41.694   1777,891      26791,7023
13:38:42.239   1778,436      26760,2151
13:38:42.796   1778,993      26767,7377
13:38:43.351   1779,548      26784,3794
13:38:43.927   1780,124      26757,9786
13:38:44.492   1780,689      26775,6577
13:38:45.021   1781,218      26782,3835
13:38:45.576   1781,773      26812,7334
13:38:46.147   1782,344      26764,9665
13:38:46.693   1782,890      26797,8867
13:38:47.250   1783,447      26743,3207
13:38:47.829   1784,026      26773,1786
13:38:48.397   1784,594      26813,1205
13:38:48.962   1785,159      26773,6745
13:38:49.474   1785,671      26740,0242
13:38:50.024   1786,221      26760,6452
13:38:50.583   1786,780      26786,9372
13:38:51.175   1787,372      26777,0548
13:38:51.756   1787,953      26731,2371
13:38:52.317   1788,514      26701,1432
13:38:52.858   1789,055      26721,2586
13:38:53.412   1789,609      26796,2457
13:38:53.955   1790,152      26789,8304
13:38:54.508   1790,705      26776,2158
13:38:55.060   1791,257      26795,5065
13:38:55.563   1791,760      26761,9699
13:38:56.065   1792,262      26784,8921
13:38:56.620   1792,817      26755,4455
13:38:57.172   1793,369      26779,6316
13:38:57.746   1793,943      26718,9398
13:38:58.330   1794,527      26771,8713
13:38:58.866   1795,063      26749,6839
13:38:59.449   1795,646      26730,2558
13:39:00.054   1796,251      26684,1970
13:39:00.602   1796,799      26728,5035
13:39:01.194   1797,391      26680,9464
13:39:01.744   1797,941      26655,4379
13:39:02.251   1798,448      26542,0866
13:39:02.808   1799,005      26521,5573
13:39:03.359   1799,556      26429,1112
13:39:03.914   1800,111      26297,8318
13:39:04.469   1800,666      26135,8774
13:39:05.033   1801,230      25933,4261
13:39:05.619   1801,816      25669,7775
13:39:06.183   1802,380      25339,8183
13:39:06.754   1802,951      25027,1138
13:39:07.257   1803,454      24614,9112
13:39:07.840   1804,037      24083,4617
13:39:08.411   1804,608      23539,0185
13:39:08.956   1805,153      23047,0521
13:39:09.464   1805,661      22427,9724
13:39:10.013   1806,210      21800,4626
13:39:10.592   1806,789      21163,5584
13:39:11.151   1807,348      20499,9894
13:39:11.713   1807,910      19891,4452
13:39:12.276   1808,473      19267,6225
13:39:12.780   1808,977      18730,1177
13:39:13.343   1809,540      18109,6598
13:39:13.892   1810,089      17603,3129
13:39:14.433   1810,630      17097,1237
13:39:15.002   1811,199      16541,9886
13:39:15.570   1811,767      16037,4819
13:39:16.075   1812,272      15499,1252
13:39:16.632   1812,829      14982,4896
13:39:17.202   1813,399      14479,6791
13:39:17.773   1813,970      13931,8179
13:39:18.352   1814,549      13376,5862
13:39:18.857   1815,054      12908,7785
13:39:19.443   1815,640      12378,1530
13:39:19.981   1816,178      11909,6342
13:39:20.525   1816,722      11419,3003
13:39:21.096   1817,293      10926,5800
13:39:21.672   1817,869      10470,5000
13:39:22.175   1818,372      10102,9948
13:39:22.726   1818,923       9592,0332
13:39:23.288   1819,485       9163,5669
13:39:23.841   1820,038       8750,9058
13:39:24.380   1820,577       8367,2197
13:39:24.937   1821,134       8001,6370
13:39:25.486   1821,683       7627,0045
13:39:26.012   1822,209       7310,9539
13:39:26.559   1822,756       7016,8565
13:39:27.120   1823,317       6661,6208
13:39:27.698   1823,895       6349,5082
13:39:28.244   1824,441       6056,7003
13:39:28.822   1825,019       5777,0237
13:39:29.362   1825,559       5523,9093
13:39:29.908   1826,105       5281,8807
13:39:30.458   1826,655       5053,2549
13:39:30.996   1827,193       4849,7667
13:39:31.576   1827,773       4627,2702
13:39:32.133   1828,330       4443,1188
13:39:32.683   1828,880       4248,2730
13:39:33.228   1829,425       4074,9432
13:39:33.821   1830,018       3908,3158
13:39:34.387   1830,584       3744,4848
13:39:34.934   1831,131       3599,3721
13:39:35.513   1831,710       3463,7587
13:39:36.071   1832,268       3325,8665
13:39:36.622   1832,819       3234,8504
13:39:37.170   1833,367       3110,1228
13:39:37.728   1833,925       3018,0777
13:39:38.290   1834,487       3009,3067
13:39:38.820   1835,017       2993,1040
13:39:39.404   1835,601       3048,8766
13:39:39.936   1836,133       3110,8434
13:39:40.474   1836,671       3163,7617
13:39:41.037   1837,234       3268,0376
13:39:41.643   1837,840       3359,9014
13:39:42.212   1838,409       3448,0157
13:39:42.765   1838,962       3567,7642
13:39:43.327   1839,524       3685,2327
13:39:43.897   1840,094       3816,1086
13:39:44.451   1840,648       3949,4658
13:39:44.999   1841,196       4073,5381
13:39:45.526   1841,723       4260,8202
13:39:46.091   1842,288       4401,2822
13:39:46.653   1842,850       4613,9379
13:39:47.239   1843,436       4801,0805
13:39:47.820   1844,017       4999,0908
13:39:48.351   1844,548       5232,2650
13:39:48.922   1845,119       5465,2936
13:39:49.439   1845,636       5681,9074
13:39:49.985   1846,182       5959,7264
13:39:50.485   1846,682       6210,7964
13:39:51.045   1847,242       6468,5223
13:39:51.576   1847,773       6776,7504
13:39:52.156   1848,353       7108,2332
13:39:52.720   1848,917       7430,4697
13:39:53.300   1849,497       7798,5810
13:39:53.895   1850,092       8221,4149
13:39:54.462   1850,659       8605,6974
13:39:55.005   1851,202       9020,3456
13:39:55.513   1851,710       9393,5973
13:39:56.073   1852,270       9836,0042
13:39:56.633   1852,830      10286,5895
13:39:57.207   1853,404      10764,8591
13:39:57.787   1853,984      11304,8105
13:39:58.358   1854,555      11761,0847
13:39:58.925   1855,122      12294,3708
13:39:59.483   1855,680      12810,8216
13:40:00.052   1856,249      13353,2519
13:40:00.636   1856,833      13900,8474
13:40:01.223   1857,420      14488,0508
13:40:01.814   1858,011      15008,8670
13:40:02.378   1858,575      15537,0226
13:40:02.925   1859,122      16091,2530
13:40:03.535   1859,732      16594,2052
13:40:04.104   1860,301      17176,8032
13:40:04.643   1860,840      17672,6039
13:40:05.204   1861,401      18164,4729
13:40:05.765   1861,962      18704,5195
13:40:06.268   1862,465      19128,6304
13:40:06.812   1863,009      19620,0469
13:40:07.315   1863,512      20081,5976
13:40:07.858   1864,055      20565,8529
13:40:08.403   1864,600      20961,1600
13:40:08.972   1865,169      21356,0847
13:40:09.555   1865,752      21810,7824
13:40:10.162   1866,359      22232,8869
13:40:10.688   1866,885      22578,2292
13:40:11.245   1867,442      22902,1633
13:40:11.817   1868,014      23171,0969
13:40:12.393   1868,590      23468,6087
13:40:12.958   1869,155      23704,0103
13:40:13.537   1869,734      23999,6013
13:40:14.053   1870,250      24171,3022
13:40:14.626   1870,823      24351,2652
13:40:15.195   1871,392      24503,2331
13:40:15.754   1871,951      24656,5255
13:40:16.330   1872,527      24796,3112
13:40:16.860   1873,057      24886,2288
13:40:17.416   1873,613      24964,4977
13:40:17.943   1874,140      25149,8233
13:40:18.512   1874,709      25236,4025
13:40:19.067   1875,264      25309,3667
13:40:19.632   1875,829      25381,2496
13:40:20.209   1876,406      25466,3021
13:40:20.770   1876,967      25508,4652
13:40:21.340   1877,537      25567,2630
13:40:21.888   1878,085      25653,8495
13:40:22.449   1878,646      25702,9724
13:40:22.985   1879,182      25746,6127
13:40:23.549   1879,746      25810,0120
13:40:24.135   1880,332      25827,2435
13:40:24.723   1880,920      25884,7944
13:40:25.225   1881,422      25932,4375
13:40:25.782   1881,979      25968,8715
13:40:26.372   1882,569      25976,0521
13:40:26.923   1883,120      26026,7568
13:40:27.470   1883,667      25998,0502
13:40:28.022   1884,219      26037,9931
13:40:28.569   1884,766      26088,9246
13:40:29.126   1885,323      26124,0518
13:40:29.678   1885,875      26172,1262
13:40:30.211   1886,408      26179,1471
13:40:30.767   1886,964      26254,6320
13:40:31.294   1887,491      26169,8568
13:40:31.874   1888,071      26290,0101
13:40:32.395   1888,592      26250,0798
13:40:32.928   1889,125      26269,3401
13:40:33.503   1889,700      26327,1977
13:40:34.063   1890,260      26309,6830
13:40:34.566   1890,763      26366,0663
13:40:35.123   1891,320      26392,1917
13:40:35.677   1891,874      26383,9961
13:40:36.262   1892,459      26433,0659
13:40:36.768   1892,965      26434,7008
13:40:37.269   1893,466      26463,7243
13:40:37.820   1894,017      26412,8298
13:40:38.370   1894,567      26459,2317
13:40:38.939   1895,136      26435,9168
13:40:39.503   1895,700      26494,1245
13:40:40.006   1896,203      26441,0410
13:40:40.579   1896,776      26533,0724
13:40:41.127   1897,324      26515,1075
13:40:41.704   1897,901      26500,2907
13:40:42.258   1898,455      26526,0031
13:40:42.796   1898,993      26542,9432
13:40:43.380   1899,577      26492,0635
13:40:43.960   1900,157      26515,6570
13:40:44.496   1900,693      26587,8453
13:40:45.049   1901,246      26591,4586
13:40:45.594   1901,791      26543,2047
13:40:46.116   1902,313      26552,9964
13:40:46.665   1902,862      26579,0378
13:40:47.228   1903,425      26631,7249
13:40:47.797   1903,994      26597,9496
13:40:48.334   1904,531      26631,2396
13:40:48.909   1905,106      26642,4291
13:40:49.467   1905,664      26637,4012
13:40:50.016   1906,213      26664,5633
13:40:50.552   1906,749      26641,3946
13:40:51.052   1907,249      26643,2416
13:40:51.567   1907,764      26650,4861
13:40:52.082   1908,279      26652,3334
13:40:52.629   1908,826      26716,3910
13:40:53.217   1909,414      26701,0424
13:40:53.735   1909,932      26678,9450
13:40:54.287   1910,484      26709,8960
13:40:54.832   1911,029      26737,2034
13:40:55.391   1911,588      26704,8515
13:40:55.936   1912,133      26721,3744
13:40:56.489   1912,686      26755,9922
13:40:57.061   1913,258      26706,3588
13:40:57.564   1913,761      26723,3320
13:40:58.125   1914,322      26713,4682
13:40:58.695   1914,892      26742,7922
13:40:59.273   1915,470      26733,7666
13:40:59.845   1916,042      26794,7046
13:41:00.407   1916,604      26787,3173
13:41:00.959   1917,156      26778,2146
13:41:01.522   1917,719      26751,5261
13:41:02.074   1918,271      26815,8476
13:41:02.647   1918,844      26812,2603
13:41:03.249   1919,446      26793,0754
13:41:03.810   1920,007      26830,3211
13:41:04.386   1920,583      26785,9993
13:41:04.954   1921,151      26793,8369
13:41:05.464   1921,661      26805,9476
13:41:06.004   1922,201      26801,8212
13:41:06.537   1922,734      26811,7992
13:41:07.082   1923,279      26837,4166
13:41:07.657   1923,854      26812,6396
13:41:08.203   1924,400      26825,6836
13:41:08.766   1924,963      26839,5391
13:41:09.308   1925,505      26879,6983
13:41:09.868   1926,065      26882,5037
13:41:10.417   1926,614      26917,3896
13:41:10.955   1927,152      26847,0054
13:41:11.535   1927,732      26860,9702
13:41:12.102   1928,299      26852,0633
13:41:12.661   1928,858      26865,7785
13:41:13.230   1929,427      26876,7827
13:41:13.782   1929,979      26895,9800
13:41:14.377   1930,574      26889,2806
13:41:14.930   1931,127      26889,5754
13:41:15.516   1931,713      26850,1659
13:41:16.075   1932,272      26908,2429
13:41:16.611   1932,808      26857,1247
13:41:17.164   1933,361      26864,0717
13:41:17.717   1933,914      26849,1502
13:41:18.258   1934,455      26882,7378
13:41:18.834   1935,031      26827,9833
13:41:19.369   1935,566      26861,5480
13:41:19.919   1936,116      26875,9178
13:41:20.491   1936,688      26911,1334
13:41:21.027   1937,224      26856,0823
13:41:21.602   1937,799      26944,3949
13:41:22.180   1938,377      26933,6830
13:41:22.717   1938,914      26915,6686
13:41:23.228   1939,425      26920,6216
13:41:23.741   1939,938      26933,1496
13:41:24.302   1940,499      26878,6654
13:41:24.803   1941,000      26865,9880
13:41:25.355   1941,552      26892,0491
13:41:25.942   1942,139      26961,5488
13:41:26.491   1942,688      26955,8444
13:41:27.040   1943,237      26915,9921
13:41:27.639   1943,836      26911,8846
13:41:28.186   1944,383      26893,2803
13:41:28.722   1944,919      26894,7861
13:41:29.271   1945,468      26878,9233
13:41:29.851   1946,048      26845,5357
13:41:30.420   1946,617      26880,7734
13:41:30.998   1947,195      26828,9910
13:41:31.575   1947,772      26807,6591
13:41:32.125   1948,322      26727,2316
13:41:32.703   1948,900      26700,2312
13:41:33.279   1949,476      26573,8601
13:41:33.870   1950,067      26408,5006
13:41:34.425   1950,622      26325,9079
13:41:34.984   1951,181      26113,1007
13:41:35.556   1951,753      25875,6856
13:41:36.128   1952,325      25593,6814
13:41:36.656   1952,853      25244,3696
13:41:37.206   1953,403      24857,0491
13:41:37.765   1953,962      24431,9486
13:41:38.346   1954,543      23899,5384
13:41:38.909   1955,106      23364,0129
13:41:39.451   1955,648      22772,7165
13:41:40.032   1956,229      22102,8218
13:41:40.616   1956,813      21460,9046
13:41:41.200   1957,397      20727,5980
13:41:41.770   1957,967      20098,3093
13:41:42.314   1958,511      19471,2876
13:41:42.889   1959,086      18878,7471
13:41:43.399   1959,596      18382,8821
13:41:43.945   1960,142      17794,5808
13:41:44.490   1960,687      17295,0040
13:41:45.051   1961,248      16736,7959
13:41:45.552   1961,749      16251,5988
13:41:46.129   1962,326      15710,8703
13:41:46.706   1962,903      15153,1045
13:41:47.271   1963,468      14621,6728
13:41:47.775   1963,972      14166,5724
13:41:48.395   1964,592      13621,5567
13:41:48.964   1965,161      13038,8110
13:41:49.534   1965,731      12526,2950
13:41:50.095   1966,292      12011,5914
13:41:50.658   1966,855      11530,0408
13:41:51.236   1967,433      11031,1641
13:41:51.831   1968,028      10515,3081
13:41:52.378   1968,575      10036,4638
13:41:52.927   1969,124       9621,9260
13:41:53.497   1969,694       9222,9109
13:41:54.040   1970,237       8792,3234
13:41:54.594   1970,791       8425,3160
13:41:55.094   1971,291       8095,8936
13:41:55.681   1971,878       7696,5846
13:41:56.230   1972,427       7355,9010
13:41:56.761   1972,958       7016,8165
13:41:57.336   1973,533       6718,9637
13:41:57.897   1974,094       6372,6702
13:41:58.447   1974,644       6086,0836
13:41:59.042   1975,239       5824,7888
13:41:59.624   1975,821       5542,9421
13:42:00.213   1976,410       5277,1987
13:42:00.752   1976,949       5051,2551
13:42:01.260   1977,457       4869,8790
13:42:01.837   1978,034       4637,6405
13:42:02.397   1978,594       4454,7632
13:42:02.968   1979,165       4279,8332
13:42:03.521   1979,718       4092,7307
13:42:04.070   1980,267       3936,7542
13:42:04.611   1980,808       3772,0462
13:42:05.192   1981,389       3621,7450
13:42:05.711   1981,908       3506,3736
13:42:06.266   1982,463       3410,0349
13:42:06.812   1983,009       3273,2515
13:42:07.367   1983,564       3140,3323
13:42:07.873   1984,070       3052,1463
13:42:08.426   1984,623       3013,4618
13:42:09.005   1985,202       2988,2656
13:42:09.570   1985,767       3029,1940
13:42:10.130   1986,327       3076,8653
13:42:10.669   1986,866       3146,0257
13:42:11.237   1987,434       3219,4075
13:42:11.793   1987,990       3305,1411
13:42:12.335   1988,532       3402,9123
13:42:12.903   1989,100       3497,4635
13:42:13.465   1989,662       3650,3882
13:42:14.017   1990,214       3769,0232
13:42:14.603   1990,800       3899,0672
13:42:15.163   1991,360       4052,0216
13:42:15.744   1991,941       4217,1209
13:42:16.328   1992,525       4391,0618
13:42:16.898   1993,095       4574,9152
13:42:17.444   1993,641       4741,9976
13:42:18.007   1994,204       4970,3380
13:42:18.575   1994,772       5178,8873
13:42:19.103   1995,300       5380,6266
13:42:19.680   1995,877       5651,5862
13:42:20.220   1996,417       5892,5873
13:42:20.796   1996,993       6157,2246
13:42:21.328   1997,525       6416,1016
13:42:21.865   1998,062       6730,0866
13:42:22.416   1998,613       7019,8176
13:42:22.964   1999,161       7363,7521
13:42:23.522   1999,719       7722,0759
13:42:24.093   2000,290       8056,3966
13:42:24.635   2000,832       8480,4528
13:42:25.204   2001,401       8853,6667
13:42:25.712   2001,909       9248,4782
13:42:26.289   2002,486       9683,7048
13:42:26.850   2003,047      10155,2522
13:42:27.362   2003,559      10581,8874
13:42:27.868   2004,065      11006,9385
13:42:28.447   2004,644      11479,4312
13:42:29.035   2005,232      12015,1219
13:42:29.571   2005,768      12498,4854
13:42:30.134   2006,331      13036,6713
13:42:30.696   2006,893      13538,5935
13:42:31.272   2007,469      14078,4595
13:42:31.827   2008,024      14590,8500
13:42:32.397   2008,594      15165,5890
13:42:32.971   2009,168      15647,0752
13:42:33.576   2009,773      16270,2214
13:42:34.137   2010,334      16813,2422
13:42:34.688   2010,885      17321,6618
13:42:35.237   2011,434      17838,5937
13:42:35.796   2011,993      18350,0824
13:42:36.334   2012,531      18861,3549
13:42:36.844   2013,041      19314,9229
13:42:37.414   2013,611      19815,7899
13:42:37.957   2014,154      20334,6156
13:42:38.531   2014,728      20728,0356
13:42:39.087   2015,284      21180,7060
13:42:39.635   2015,832      21604,4652
13:42:40.207   2016,404      21961,8152
13:42:40.779   2016,976      22413,5354
13:42:41.364   2017,561      22739,3274
13:42:41.893   2018,090      23034,1429
13:42:42.422   2018,619      23331,7546
13:42:42.985   2019,182      23601,0738
13:42:43.567   2019,764      23855,4598
13:42:44.104   2020,301      24056,5984
13:42:44.650   2020,847      24239,3412
13:42:45.239   2021,436      24430,5527
13:42:45.807   2022,004      24582,4851
13:42:46.355   2022,552      24733,1756
13:42:46.918   2023,115      24922,0010
13:42:47.465   2023,662      24970,0616
13:42:48.015   2024,212      25103,0200
13:42:48.600   2024,797      25153,1060
13:42:49.180   2025,377      25276,7085
13:42:49.736   2025,933      25314,7054
13:42:50.250   2026,447      25408,7148
13:42:50.760   2026,957      25503,8443
13:42:51.283   2027,480      25513,0618
13:42:51.874   2028,071      25563,7298
13:42:52.438   2028,635      25664,6221
13:42:52.986   2029,183      25682,4286
13:42:53.507   2029,704      25754,0211
13:42:54.118   2030,315      25794,4251
13:42:54.679   2030,876      25821,7761
13:42:55.269   2031,466      25914,4380
13:42:55.802   2031,999      25899,5940
13:42:56.314   2032,511      25908,3958
13:42:56.875   2033,072      25957,9212
13:42:57.451   2033,648      25965,8299
13:42:57.970   2034,167      25971,3953
13:42:58.529   2034,726      26030,5640
13:42:59.075   2035,272      26002,3659
13:42:59.648   2035,845      26060,9534
13:43:00.197   2036,394      26081,1961
13:43:00.753   2036,950      26073,2283
13:43:01.331   2037,528      26085,7579
13:43:01.832   2038,029      26111,9587
13:43:02.408   2038,605      26148,5547
13:43:02.962   2039,159      26175,2723
13:43:03.505   2039,702      26255,8493
13:43:04.090   2040,287      26276,1197
13:43:04.605   2040,802      26282,7880
13:43:05.191   2041,388      26322,6310
13:43:05.732   2041,929      26317,4011
13:43:06.284   2042,481      26367,2918
13:43:06.838   2043,035      26298,2775
13:43:57.422   2093,619      26839,4905
13:43:57.998   2094,195      26810,2867
13:43:58.540   2094,737      26827,3391
13:43:59.084   2095,281      26831,8799
13:43:59.649   2095,846      26778,6034
13:44:00.224   2096,421      26764,6895
13:44:00.787   2096,984      26729,8747
13:44:01.351   2097,548      26694,6270
13:44:01.897   2098,094      26730,9915
13:44:02.450   2098,647      26682,9059
13:44:02.981   2099,178      26595,3325
13:44:03.540   2099,737      26498,0125
13:44:04.052   2100,249      26408,8787
13:44:04.599   2100,796      26220,8904
13:44:05.127   2101,324      26051,5921
13:44:05.632   2101,829      25864,4181
13:44:06.177   2102,374      25606,4593
13:44:06.729   2102,926      25241,3533
13:44:07.293   2103,490      24897,1508
13:44:07.870   2104,067      24489,2487
13:44:08.406   2104,603      23988,0396
13:44:08.916   2105,113      23525,6297
13:44:09.423   2105,620      23042,1763
13:44:09.968   2106,165      22419,7237
13:44:10.518   2106,715      21778,4159
13:44:11.102   2107,299      21110,9559
13:44:11.648   2107,845      20463,7273
13:44:12.229   2108,426      19823,0335
13:44:12.779   2108,976      19213,5153
13:44:13.371   2109,568      18566,0907
13:44:13.955   2110,152      18019,1163
13:44:14.526   2110,723      17467,0745
13:44:15.097   2111,294      16860,4501
13:44:15.649   2111,846      16349,9039
13:44:16.221   2112,418      15816,1145
13:44:16.773   2112,970      15248,8632
13:44:17.333   2113,530      14759,0804
13:44:17.924   2114,121      14209,4370
13:44:18.488   2114,685      13688,9184
13:44:19.038   2115,235      13167,3252
13:44:19.561   2115,758      12704,5928
13:44:20.107   2116,304      12213,6746
13:44:20.683   2116,880      11653,8263
13:44:21.229   2117,426      11191,6756
13:44:21.749   2117,946      10772,5575
13:44:22.319   2118,516      10339,3519
13:44:22.891   2119,088       9832,1162
13:44:23.465   2119,662       9418,7967
13:44:24.026   2120,223       9006,2655
13:44:24.589   2120,786       8585,2757
13:44:25.163   2121,360       8218,4676
13:44:25.719   2121,916       7812,3019
13:44:26.277   2122,474       7491,4820
13:44:26.860   2123,057       7149,7652
13:44:27.444   2123,641       6798,2442
13:44:28.008   2124,205       6506,2611
13:44:28.594   2124,791       6158,6617
13:44:29.098   2125,295       5962,1923
13:44:29.675   2125,872       5666,5473
13:44:30.176   2126,373       5427,7923
13:44:30.730   2126,927       5189,7954
13:44:31.279   2127,476       4984,2265
13:44:31.837   2128,034       4765,7646
13:44:32.389   2128,586       4558,7133
13:44:32.950   2129,147       4380,2989
13:44:33.520   2129,717       4179,0213
13:44:34.026   2130,223       4043,6922
13:44:34.600   2130,797       3845,8787
13:44:35.161   2131,358       3716,9331
13:44:35.663   2131,860       3583,8173
13:44:36.236   2132,433       3436,5196
13:44:36.749   2132,946       3335,8145
13:44:37.328   2133,525       3219,3116
13:44:37.894   2134,091       3110,5774
13:44:38.443   2134,640       3009,7651
13:44:38.989   2135,186       2974,4395
13:44:39.491   2135,688       2973,5600
13:44:40.140   2136,337       3018,1256
13:44:40.748   2136,945       3078,3469
13:44:41.353   2137,550       3157,4107
13:44:41.961   2138,158       3267,1402
13:44:42.512   2138,709       3363,7485
13:44:43.135   2139,332       3449,1989
13:44:43.754   2139,951       3602,4498
13:44:44.288   2140,485       3719,7746
13:44:44.802   2140,999       3847,5371
13:44:45.447   2141,644       4037,6953
13:44:45.977   2142,174       4160,9969
13:44:46.537   2142,734       4326,7231
13:44:47.151   2143,348       4531,7010
13:44:47.762   2143,959       4742,0155
13:44:48.356   2144,553       4943,0553
13:44:48.967   2145,164       5173,8100
13:44:49.559   2145,756       5408,9825
13:44:50.147   2146,344       5671,4319
13:44:50.700   2146,897       5921,4396
13:44:51.269   2147,466       6215,1937
13:44:51.814   2148,011       6469,8853
13:44:52.384   2148,581       6761,4492
13:44:52.972   2149,169       7097,5686
13:44:53.473   2149,670       7403,6028
13:44:54.028   2150,225       7741,8828
13:44:54.575   2150,772       8110,0620
13:44:55.142   2151,339       8515,1882
13:44:55.714   2151,911       8915,3028
13:44:56.279   2152,476       9344,9878
13:44:56.818   2153,015       9774,9057
13:44:57.376   2153,573      10216,9482
13:44:57.995   2154,192      10720,7113
13:44:58.548   2154,745      11198,0633
13:44:59.106   2155,303      11710,7194
13:44:59.671   2155,868      12212,3404
13:45:00.217   2156,414      12712,9686
13:45:00.751   2156,948      13195,5057
13:45:01.352   2157,549      13763,5190
13:45:01.936   2158,133      14284,6591
13:45:02.470   2158,667      14762,8255
13:45:03.022   2159,219      15323,3597
13:45:03.571   2159,768      15841,8519
13:45:04.126   2160,323      16344,4786
13:45:04.689   2160,886      16905,4801
13:45:05.253   2161,450      17441,3690
13:45:05.754   2161,951      17896,1114
13:45:06.314   2162,511      18416,5570
13:45:06.882   2163,079      18926,6919
13:45:07.489   2163,686      19478,1750
13:45:08.051   2164,248      19965,4113
13:45:08.639   2164,836      20471,3156
13:45:09.187   2165,384      20946,3823
13:45:09.787   2165,984      21383,5566
13:45:10.362   2166,559      21837,9162
13:45:10.902   2167,099      22186,7330
13:45:11.478   2167,675      22568,6992
13:45:12.038   2168,235      22953,0560
13:45:12.576   2168,773      23179,4682
13:45:13.146   2169,343      23491,8886
13:45:13.706   2169,903      23731,7162
13:45:14.258   2170,455      23990,7319
13:45:14.791   2170,988      24163,7632
13:45:15.353   2171,550      24376,1780
13:45:15.935   2172,132      24536,9935
13:45:16.508   2172,705      24718,4105
13:45:17.042   2173,239      24828,5629
13:45:17.561   2173,758      24982,1273
13:45:18.124   2174,321      25095,4137
13:45:18.670   2174,867      25186,2560
13:45:19.230   2175,427      25321,4895
13:45:19.732   2175,929      25391,4811
13:45:20.314   2176,511      25448,2681
13:45:20.859   2177,056      25462,7900
13:45:21.394   2177,591      25577,1675
13:45:21.955   2178,152      25594,4387
13:45:22.529   2178,726      25686,5260
13:45:23.100   2179,297      25704,3467
13:45:23.704   2179,901      25778,4044
13:45:24.266   2180,463      25828,0746
13:45:24.819   2181,016      25881,3064
13:45:25.364   2181,561      25870,9585
13:45:25.920   2182,117      25961,3285
13:45:26.476   2182,673      25910,2887
13:45:27.016   2183,213      25993,1524
13:45:27.548   2183,745      26029,9653
13:45:28.103   2184,300      26063,9867
13:45:28.655   2184,852      26144,7842
13:45:29.211   2185,408      26080,8962
13:45:29.780   2185,977      26105,4110
13:45:30.328   2186,525      26157,7089
13:45:30.875   2187,072      26148,3048
13:45:31.467   2187,664      26222,9599
13:45:32.045   2188,242      26217,3996
13:45:32.621   2188,818      26227,4461
13:45:33.176   2189,373      26256,3754
13:45:33.741   2189,938      26291,2146
13:45:34.293   2190,490      26251,9465
13:45:34.858   2191,055      26349,9829
13:45:35.444   2191,641      26319,6735
13:45:36.010   2192,207      26372,0984
13:45:36.564   2192,761      26351,4093
13:45:37.142   2193,339      26378,3067
13:45:37.729   2193,926      26395,7711
13:45:38.319   2194,516      26465,5787
13:45:38.878   2195,075      26454,7640
13:45:39.430   2195,627      26452,3971
13:45:39.986   2196,183      26461,9688
13:45:40.525   2196,722      26471,1865
13:45:41.072   2197,269      26490,6324
13:45:41.629   2197,826      26484,7878
13:45:42.181   2198,378      26543,4477
13:45:42.686   2198,883      26538,2568
13:45:43.249   2199,446      26516,0786
13:45:43.801   2199,998      26574,7960
13:45:44.305   2200,502      26594,3110
13:45:44.850   2201,047      26550,1087
13:45:45.433   2201,630      26527,2132
13:45:45.933   2202,130      26527,3086
13:45:46.503   2202,700      26581,3329
13:45:47.045   2203,242      26628,8375
13:45:47.604   2203,801      26609,9261
13:45:48.156   2204,353      26615,7595
13:45:48.712   2204,909      26587,6334
13:45:49.243   2205,440      26656,1143
13:45:49.753   2205,950      26634,8306
13:45:50.337   2206,534      26603,0357
13:45:50.912   2207,109      26685,2964
13:45:51.490   2207,687      26642,7628
13:45:52.038   2208,235      26685,6127
13:45:52.622   2208,819      26660,3656
13:45:53.184   2209,381      26706,9044
13:45:53.764   2209,961      26691,2466
13:45:54.329   2210,526      26705,8070
13:45:54.879   2211,076      26747,4637
13:45:55.450   2211,647      26675,0414
13:45:55.958   2212,155      26721,7701
13:45:56.535   2212,732      26738,1096
13:45:57.100   2213,297      26680,2512
13:45:57.663   2213,860      26746,6927
13:45:58.209   2214,406      26754,3404
13:45:58.775   2214,972      26765,6227
13:45:59.276   2215,473      26761,6065
13:45:59.783   2215,980      26776,1298
13:46:00.345   2216,542      26763,5728
13:46:00.883   2217,080      26739,9724
13:46:01.448   2217,645      26750,4451
13:46:01.998   2218,195      26782,7079
13:46:02.547   2218,744      26795,0609
13:46:03.088   2219,285      26763,2200
13:46:03.660   2219,857      26810,2122
13:46:04.228   2220,425      26775,4650
13:46:04.773   2220,970      26774,9702
13:46:05.365   2221,562      26771,1043
13:46:05.934   2222,131      26788,0482
13:46:06.492   2222,689      26806,1904
13:46:07.047   2223,244      26805,2723
13:46:07.598   2223,795      26840,8270
13:46:08.175   2224,372      26765,3992
13:46:08.735   2224,932      26838,3891
13:46:09.284   2225,481      26817,7828
13:46:09.845   2226,042      26822,3465
13:46:10.391   2226,588      26824,1834
13:46:10.984   2227,181      26842,7841
13:46:11.499   2227,696      26780,4105
13:46:12.051   2228,248      26843,6900
13:46:12.586   2228,783      26854,7129
13:46:13.128   2229,325      26836,2347
13:46:13.710   2229,907      26834,7980
13:46:14.253   2230,450      26811,0144
13:46:14.826   2231,023      26827,9857
13:46:15.416   2231,613      26825,7671
13:46:15.976   2232,173      26832,7993
13:46:16.566   2232,763      26831,6484
13:46:17.126   2233,323      26812,1210
13:46:17.689   2233,886      26872,4970
13:46:18.232   2234,429      26817,8451
13:46:18.792   2234,989      26821,1533
13:46:19.366   2235,563      26845,4287
13:46:19.939   2236,136      26812,2542
13:46:20.475   2236,672      26876,1339
13:46:21.038   2237,235      26850,6132
13:46:21.611   2237,808      26862,2565
13:46:22.154   2238,351      26825,4650
13:46:22.714   2238,911      26841,7832
13:46:23.291   2239,488      26878,8861
13:46:23.791   2239,988      26851,2425
13:46:24.361   2240,558      26819,0065
13:46:24.915   2241,112      26864,4340
13:46:25.417   2241,614      26843,7356
13:46:25.979   2242,176      26850,6033
13:46:26.520   2242,717      26831,8053
13:46:27.060   2243,257      26849,7172
13:46:27.560   2243,757      26840,6693
13:46:28.145   2244,342      26886,9798
13:46:28.700   2244,897      26867,5252
13:46:29.230   2245,427      26851,9910
13:46:29.778   2245,975      26856,3582
13:46:30.331   2246,528      26776,0607
13:46:30.873   2247,070      26741,9335
13:46:31.448   2247,645      26764,6341
13:46:32.020   2248,217      26748,6810
13:46:32.566   2248,763      26749,1193
13:46:33.067   2249,264      26633,2807
13:46:33.667   2249,864      26542,4527
13:46:34.218   2250,415      26448,7238
13:46:34.751   2250,948      26259,6207
13:46:35.301   2251,498      26077,4335
13:46:35.883   2252,080      25854,0510
13:46:36.425   2252,622      25656,3036
13:46:36.995   2253,192      25271,1407
13:46:37.580   2253,777      24891,2820
13:46:38.156   2254,353      24459,7324
13:46:38.703   2254,900      23963,0947
13:46:39.274   2255,471      23448,5482
13:46:39.813   2256,010      22988,1985
13:46:40.342   2256,539      22326,6443
13:46:40.871   2257,068      21738,3941
13:46:41.419   2257,616      21068,6182
13:46:41.955   2258,152      20448,0500
13:46:42.541   2258,738      19737,4466
13:46:43.078   2259,275      19181,1590
13:46:43.599   2259,796      18621,2750
13:46:44.178   2260,375      18041,8314
13:46:44.755   2260,952      17438,0811
13:46:45.297   2261,494      16887,3131
13:46:45.881   2262,078      16339,8884
13:46:46.437   2262,634      15837,9366
13:46:46.982   2263,179      15322,9886
13:46:47.542   2263,739      14842,1897
13:46:48.083   2264,280      14309,9988
13:46:48.624   2264,821      13761,0413
13:46:49.197   2265,394      13270,3529
13:46:49.767   2265,964      12767,7801
13:46:50.373   2266,570      12260,5825
13:46:50.976   2267,173      11723,3621
13:46:51.541   2267,738      11222,7791
13:46:52.080   2268,277      10743,4278
13:46:52.656   2268,853      10262,5861
13:46:53.190   2269,387       9870,9467
13:46:53.769   2269,966       9405,9778
13:46:54.328   2270,525       8996,7438
13:46:54.907   2271,104       8587,4581
13:46:55.431   2271,628       8277,6206
13:46:56.013   2272,210       7879,8770
13:46:56.551   2272,748       7492,8838
13:46:57.087   2273,284       7193,7755
13:46:57.634   2273,831       6899,8128
13:46:58.199   2274,396       6589,2541
13:46:58.748   2274,945       6265,0796
13:46:59.248   2275,445       6022,4339
13:46:59.827   2276,024       5752,6836
13:47:00.362   2276,559       5502,2436
13:47:00.923   2277,120       5244,4138
13:47:01.479   2277,676       5028,2859
13:47:01.979   2278,176       4851,6653
13:47:02.518   2278,715       4645,9965
13:47:03.082   2279,279       4428,9538
13:47:03.593   2279,790       4254,9899
13:47:04.141   2280,338       4087,9344
13:47:04.690   2280,887       3926,9957
13:47:05.273   2281,470       3753,2987
13:47:05.846   2282,043       3640,2257
13:47:06.429   2282,626       3503,5436
13:47:07.016   2283,213       3349,6086
13:47:07.603   2283,800       3221,4486
13:47:08.146   2284,343       3137,0091
13:47:08.689   2284,886       3017,8199
13:47:09.243   2285,440       2978,6511
13:47:09.793   2285,990       2999,7875
13:47:10.339   2286,536       3002,6443
13:47:10.904   2287,101       3067,7913
13:47:11.508   2287,705       3173,9753
13:47:12.062   2288,259       3240,6295
13:47:12.564   2288,761       3298,1098
13:47:13.133   2289,330       3398,0408
13:47:13.634   2289,831       3504,1752
13:47:14.198   2290,395       3621,3886
13:47:14.726   2290,923       3743,5645
13:47:15.297   2291,494       3870,5879
13:47:15.840   2292,037       4028,3245
13:47:16.383   2292,580       4204,3630
13:47:16.934   2293,131       4328,0662
13:47:17.512   2293,709       4528,6811
13:47:18.088   2294,285       4719,5708
13:47:18.657   2294,854       4891,4511
13:47:19.203   2295,400       5132,4522
13:47:19.782   2295,979       5356,0275
13:47:20.323   2296,520       5573,8740
13:47:20.865   2297,062       5825,8914
13:47:21.470   2297,667       6103,4196
13:47:22.012   2298,209       6398,1267
13:47:22.577   2298,774       6659,3294
13:47:23.123   2299,320       7004,4784
13:47:23.701   2299,898       7324,3431
13:47:24.272   2300,469       7690,9724
13:47:24.833   2301,030       8040,8261
13:47:25.378   2301,575       8432,1820
13:47:25.919   2302,116       8813,2776
13:47:26.461   2302,658       9188,9429
13:47:27.016   2303,213       9606,1379
13:47:27.583   2303,780      10096,2649
13:47:28.121   2304,318      10508,9968
13:47:28.679   2304,876      10979,6768
13:47:29.262   2305,459      11482,1670
13:47:29.796   2305,993      11936,1272
13:47:30.332   2306,529      12433,5765
13:47:30.865   2307,062      12915,7715
13:47:31.365   2307,562      13394,8353
13:47:31.934   2308,131      13885,1424
13:47:32.487   2308,684      14428,6113
13:47:33.037   2309,234      14929,8449
13:47:33.593   2309,790      15463,9229
13:47:34.142   2310,339      15964,5985
13:47:34.704   2310,901      16541,7358
13:47:35.259   2311,456      17048,1710
13:47:35.828   2312,025      17591,2843
13:47:36.370   2312,567      18073,0564
13:47:36.935   2313,132      18642,9613
13:47:37.515   2313,712      19141,3098
13:47:38.056   2314,253      19663,3094
13:47:38.614   2314,811      20150,9841
13:47:39.188   2315,385      20620,8181
13:47:39.746   2315,943      21095,6628
13:47:40.319   2316,516      21561,3427
13:47:40.910   2317,107      21944,1043
13:47:41.514   2317,711      22397,4064
13:47:42.061   2318,258      22730,3333
13:47:42.658   2318,855      23038,0340
13:47:43.225   2319,422      23409,6540
13:47:43.737   2319,934      23633,4365
13:47:44.287   2320,484      23918,5625
13:47:44.908   2321,105      24081,9031
13:47:45.461   2321,658      24358,7391
13:47:46.013   2322,210      24537,4572
13:47:46.593   2322,790      24722,9842
13:47:47.100   2323,297      24838,5471
13:47:47.659   2323,856      24986,2533
13:47:48.202   2324,399      25123,4156
13:47:48.779   2324,976      25261,3164
13:47:49.339   2325,536      25308,7797
13:47:49.902   2326,099      25359,3661
13:47:50.444   2326,641      25514,8246
13:47:50.999   2327,196      25565,2658
13:47:51.533   2327,730      25660,4102
13:47:52.116   2328,313      25655,9678
13:47:52.655   2328,852      25729,4378
13:47:53.181   2329,378      25801,9849
13:47:53.755   2329,952      25843,1707
13:47:54.330   2330,527      25886,4943
13:47:54.837   2331,034      25926,4810
13:47:55.427   2331,624      25990,7351
13:47:55.970   2332,167      26016,4985
13:47:56.484   2332,681      26024,7981
13:47:57.034   2333,231      26045,6820
13:47:57.537   2333,734      26094,8778
13:47:58.095   2334,292      26106,3590
13:47:58.637   2334,834      26166,4602
13:47:59.172   2335,369      26166,4771
13:47:59.684   2335,881      26176,4062
13:48:00.242   2336,439      26211,5094
13:48:00.781   2336,978      26222,7810
13:48:01.418   2337,615      26169,1658
13:48:01.984   2338,181      26280,5575
13:48:02.535   2338,732      26284,8786
13:48:03.091   2339,288      26334,9665
13:48:03.651   2339,848      26348,2896
13:48:04.176   2340,373      26334,0535
13:48:04.716   2340,913      26339,0802
13:48:05.223   2341,420      26373,0963
13:48:05.725   2341,922      26445,5252
13:48:06.276   2342,473      26379,6559
13:48:06.828   2343,025      26398,9427
13:48:07.339   2343,536      26455,1625
13:48:07.917   2344,114      26409,6715
13:48:08.492   2344,689      26447,3994
13:48:09.044   2345,241      26430,5203
13:48:09.600   2345,797      26463,9297
13:48:10.128   2346,325      26490,5184
13:48:10.708   2346,905      26540,7490
13:48:11.253   2347,450      26491,1903
13:48:11.821   2348,018      26510,7411
13:48:12.380   2348,577      26513,1948
13:48:12.884   2349,081      26520,2322
13:48:13.470   2349,667      26543,7838
13:48:14.045   2350,242      26549,2731
13:48:14.612   2350,809      26536,9560
13:48:15.137   2351,334      26584,5072
13:48:15.695   2351,892      26556,2531
13:48:16.243   2352,440      26561,2722
13:48:16.824   2353,021      26558,1561
13:48:17.444   2353,641      26543,0753
13:48:17.989   2354,186      26599,1675
13:48:18.549   2354,746      26637,1626
13:48:19.102   2355,299      26608,1549
13:48:19.602   2355,799      26621,5458
13:48:20.173   2356,370      26666,2207
13:48:20.754   2356,951      26662,2538
13:48:21.284   2357,481      26620,0988
13:48:21.842   2358,039      26643,1141
13:48:22.399   2358,596      26673,3156
13:48:22.940   2359,137      26668,9761
13:48:23.520   2359,717      26718,4345
13:48:24.090   2360,287      26658,4170
13:48:24.659   2360,856      26697,6518
13:48:25.232   2361,429      26710,3399
13:48:25.732   2361,929      26720,3450
13:48:26.278   2362,475      26703,1196
13:48:26.809   2363,006      26715,8156
13:48:27.411   2363,608      26703,7820
13:48:27.959   2364,156      26689,7049
13:48:28.506   2364,703      26716,7479
13:48:29.045   2365,242      26743,2952
13:48:29.553   2365,750      26786,5566
13:48:30.148   2366,345      26755,3032
13:48:30.702   2366,899      26757,1381
13:48:31.244   2367,441      26781,7068
13:48:31.825   2368,022      26786,3780
13:48:32.364   2368,561      26775,1977
13:48:32.940   2369,137      26753,7548
13:48:33.533   2369,730      26785,7301
13:48:34.067   2370,264      26770,0387
13:48:34.660   2370,857      26763,0210
13:48:35.207   2371,404      26792,2604
13:48:35.766   2371,963      26833,4874
13:48:36.333   2372,530      26819,9512
13:48:36.865   2373,062      26811,4695
13:48:37.426   2373,623      26806,0575
13:48:37.972   2374,169      26796,5914
13:48:38.527   2374,724      26847,2767
13:48:39.100   2375,297      26839,2461
13:48:39.603   2375,800      26818,8122
13:48:40.104   2376,301      26840,1874
13:48:40.656   2376,853      26862,3791
13:48:41.233   2377,430      26844,9168
13:48:41.800   2377,997      26858,1570
13:48:42.352   2378,549      26886,6407
13:48:42.921   2379,118      26821,0448
13:48:43.485   2379,682      26874,0485
13:48:44.027   2380,224      26842,8238
13:48:44.566   2380,763      26875,4288
13:48:45.139   2381,336      26872,7492
13:48:45.657   2381,854      26880,6576
13:48:46.232   2382,429      26824,7365
13:48:46.783   2382,980      26855,4875
13:48:47.328   2383,525      26838,7149
13:48:47.894   2384,091      26816,1391
13:48:48.455   2384,652      26837,0111
13:48:48.988   2385,185      26859,9441
13:48:49.561   2385,758      26842,5260
13:48:50.119   2386,316      26888,2586
13:48:50.671   2386,868      26897,2623
13:48:51.220   2387,417      26886,0389
13:48:51.760   2387,957      26901,7861
13:48:52.348   2388,545      26877,0314
13:48:52.854   2389,051      26925,9514
13:48:53.410   2389,607      26897,5845
13:48:53.993   2390,190      26888,7266
13:48:54.524   2390,721      26910,3049
13:48:55.046   2391,243      26973,3247
13:48:55.553   2391,750      26938,6681
13:48:56.104   2392,301      26911,1800
13:48:56.708   2392,905      26932,9342
13:48:57.297   2393,494      26882,0610
13:48:57.848   2394,045      26915,5144
13:48:58.415   2394,612      26942,1903
13:48:58.957   2395,154      26935,6460
13:48:59.470   2395,667      26887,9897
13:49:00.009   2396,206      26910,1803
13:49:00.562   2396,759      26902,4072
13:49:01.114   2397,311      26867,5743
13:49:01.646   2397,843      26867,0680
13:49:02.219   2398,416      26818,6974
13:49:02.794   2398,991      26762,6379
13:49:03.374   2399,571      26707,6963
13:49:03.910   2400,107      26573,0351
13:49:04.470   2400,667      26469,1498
13:49:05.069   2401,266      26300,9366
13:49:05.623   2401,820      26108,0639
13:49:06.179   2402,376      25916,4800
13:49:06.718   2402,915      25630,2806
13:49:07.263   2403,460      25293,7275
13:49:07.770   2403,967      24953,9628
13:49:08.285   2404,482      24585,7560
13:49:08.851   2405,048      24157,6039
13:49:09.411   2405,608      23689,1675
13:49:09.998   2406,195      23048,3799
13:49:10.558   2406,755      22475,6965
13:49:11.108   2407,305      21825,1843
13:49:11.667   2407,864      21143,7756
13:49:12.244   2408,441      20517,5081
13:49:12.788   2408,985      19778,8114
13:49:13.380   2409,577      19192,5512
13:49:13.897   2410,094      18625,1603
13:49:14.487   2410,684      18051,2539
13:49:15.024   2411,221      17486,2523
13:49:15.539   2411,736      16996,1643
13:49:16.123   2412,320      16472,2272
13:49:16.676   2412,873      15923,9861
13:49:17.218   2413,415      15384,6307
13:49:17.735   2413,932      14912,5943
13:49:18.282   2414,479      14406,7052
13:49:18.833   2415,030      13872,0481
13:49:19.407   2415,604      13386,5678
13:49:19.961   2416,158      12888,4896
13:49:20.501   2416,698      12390,6314
13:49:21.060   2417,257      11930,2247
13:49:21.630   2417,827      11416,1074
13:49:22.191   2418,388      10932,4835
13:49:22.743   2418,940      10469,1328
13:49:23.363   2419,560      10032,0191
13:49:23.918   2420,115       9567,9988
13:49:24.487   2420,684       9120,0799
13:49:25.049   2421,246       8718,6497
13:49:25.627   2421,824       8325,8503
13:49:26.180   2422,377       7976,9666
13:49:26.763   2422,960       7597,7101
13:49:27.368   2423,565       7231,9923
13:49:27.931   2424,128       6904,9540
13:49:28.471   2424,668       6607,6407
13:49:29.022   2425,219       6329,0797
13:49:29.568   2425,765       6061,5010
13:49:30.153   2426,350       5770,3203
13:49:30.722   2426,919       5490,0516
13:49:31.263   2427,460       5278,6266
13:49:31.764   2427,961       5061,8489
13:49:32.345   2428,542       4822,2323
13:49:32.889   2429,086       4663,5618
13:49:33.450   2429,647       4440,8192
13:49:34.026   2430,223       4245,7297
13:49:34.584   2430,781       4085,1458
13:49:35.136   2431,333       3938,7737
13:49:35.645   2431,842       3791,9657
13:49:36.204   2432,401       3658,3133
13:49:36.786   2432,983       3503,5354
13:49:37.294   2433,491       3384,7283
13:49:37.799   2433,996       3256,3434
13:49:38.366   2434,563       3153,6862
13:49:38.931   2435,128       3046,8959
13:49:39.476   2435,673       2998,8723
13:49:40.023   2436,220       2974,8395
13:49:40.591   2436,788       2995,3780
13:49:41.158   2437,355       3062,1365
13:49:41.758   2437,955       3122,6961
13:49:42.308   2438,505       3215,5682
13:49:42.854   2439,051       3305,6909
13:49:43.406   2439,603       3389,8940
13:49:43.986   2440,183       3496,6772
13:49:44.540   2440,737       3623,5755
13:49:45.089   2441,286       3759,2208
13:49:45.651   2441,848       3905,2712
13:49:46.204   2442,401       4036,1159
13:49:46.744   2442,941       4216,2104
13:49:47.286   2443,483       4362,0321
13:49:47.853   2444,050       4541,5554
13:49:48.367   2444,564       4692,1760
13:49:48.959   2445,156       4927,1498
13:49:49.532   2445,729       5116,7732
13:49:50.066   2446,263       5355,4002
13:49:50.612   2446,809       5551,6575
13:49:51.177   2447,374       5792,2898
13:49:51.692   2447,889       6053,9045
13:49:52.249   2448,446       6320,5545
13:49:52.804   2449,001       6610,7639
13:49:53.347   2449,544       6888,6318
13:49:53.852   2450,049       7207,7496
13:49:54.426   2450,623       7543,4790
13:49:54.958   2451,155       7915,7623
13:49:55.524   2451,721       8276,9794
13:49:56.105   2452,302       8651,4641
13:49:56.669   2452,866       9075,9446
13:49:57.224   2453,421       9472,2157
13:49:57.732   2453,929       9880,4604
13:49:58.287   2454,484      10336,0346
13:49:58.835   2455,032      10771,1127
13:49:59.430   2455,627      11307,8862
13:49:59.976   2456,173      11786,5047
13:50:00.543   2456,740      12270,1642
13:50:01.092   2457,289      12754,5589
13:50:01.658   2457,855      13253,0386
13:50:02.206   2458,403      13800,6969
13:50:02.748   2458,945      14290,1165
13:50:03.364   2459,561      14859,3199
13:50:03.944   2460,141      15457,6427
13:50:04.476   2460,673      15919,7403
13:50:05.037   2461,234      16478,0112
13:50:05.543   2461,740      16935,3693
13:50:06.099   2462,296      17497,2077
13:50:06.641   2462,838      18025,4201
13:50:07.188   2463,385      18500,3933
13:50:07.768   2463,965      19023,7951
13:50:08.317   2464,514      19579,2654
13:50:08.883   2465,080      20041,5556
13:50:09.468   2465,665      20614,6831
13:50:10.023   2466,220      20984,4976
13:50:10.594   2466,791      21457,3509
13:50:11.139   2467,336      21862,5616
13:50:11.703   2467,900      22275,8029
13:50:12.257   2468,454      22623,8508
13:50:12.812   2469,009      22936,5341
13:50:13.391   2469,588      23269,4629
13:50:13.968   2470,165      23559,0079
13:50:14.545   2470,742      23855,4989
13:50:15.088   2471,285      24105,9486
13:50:15.603   2471,800      24263,7349
13:50:16.144   2472,341      24462,3953
13:50:16.655   2472,852      24653,9176
13:50:17.202   2473,399      24810,3191
13:50:17.705   2473,902      24946,7223
13:50:18.242   2474,439      25042,1595
13:50:18.751   2474,948      25149,8540
13:50:19.292   2475,489      25271,9132
13:50:19.842   2476,039      25339,4868
13:50:20.406   2476,603      25461,9596
13:50:20.973   2477,170      25558,2243
13:50:21.550   2477,747      25562,0536
13:50:22.122   2478,319      25622,3967
13:50:22.681   2478,878      25739,6620
13:50:23.217   2479,414      25758,9772
13:50:23.723   2479,920      25825,9629
13:50:24.227   2480,424      25814,1528
13:50:24.800   2480,997      25879,0669
13:50:25.388   2481,585      25955,3396
13:50:25.945   2482,142      25967,1666
13:50:26.481   2482,678      25985,5921
13:50:27.046   2483,243      26037,7106
13:50:27.609   2483,806      26063,7851
13:50:28.194   2484,391      26080,4747
13:50:28.761   2484,958      26140,7193
13:50:29.339   2485,536      26179,1338
13:50:29.904   2486,101      26187,8220
13:50:30.480   2486,677      26173,8459
13:50:31.027   2487,224      26234,2617
13:50:31.571   2487,768      26243,2213
13:50:32.135   2488,332      26289,1153
13:50:32.671   2488,868      26273,5417
13:50:33.176   2489,373      26310,1892
13:50:33.751   2489,948      26324,2419
13:50:34.296   2490,493      26286,8293
13:50:34.827   2491,024      26351,6815
13:50:35.392   2491,589      26380,7266
13:50:35.892   2492,089      26394,4581
13:50:36.433   2492,630      26360,3881
13:50:36.969   2493,166      26414,8427
13:50:37.488   2493,685      26439,7299
13:50:38.069   2494,266      26403,2453
13:50:38.631   2494,828      26492,5109
13:50:39.214   2495,411      26422,4562
13:50:39.845   2496,042      26467,1128
13:50:40.410   2496,607      26460,7390
13:50:41.010   2497,207      26485,1541
13:50:41.522   2497,719      26484,7881
13:50:42.095   2498,292      26510,7823
13:50:42.640   2498,837      26539,5256
13:50:43.144   2499,341      26533,0036
13:50:43.652   2499,849      26518,7622
13:50:44.194   2500,391      26534,2948
13:50:44.771   2500,968      26535,3659
13:50:45.336   2501,533      26515,6551
13:50:45.884   2502,081      26556,0590
13:50:46.445   2502,642      26589,1682
13:50:46.987   2503,184      26542,0497
13:50:47.554   2503,751      26555,5718
13:50:48.112   2504,309      26565,4176
13:50:48.720   2504,917      26602,5300
13:50:49.285   2505,482      26601,2067
13:50:49.787   2505,984      26562,8714
13:50:50.342   2506,539      26616,2912
13:50:50.892   2507,089      26617,5270
13:50:51.440   2507,637      26655,2883
13:50:51.993   2508,190      26642,4282
13:50:52.590   2508,787      26609,7561
13:50:53.119   2509,316      26652,0643
13:50:53.700   2509,897      26679,4540
13:50:54.240   2510,437      26672,1736
13:50:54.810   2511,007      26667,2848
13:50:55.401   2511,598      26651,5380
13:50:55.980   2512,177      26668,0758
13:50:56.567   2512,764      26715,3454
13:50:57.093   2513,290      26723,2098
13:50:57.631   2513,828      26684,7992
13:50:58.185   2514,382      26712,5466
13:50:58.723   2514,920      26699,3674
13:50:59.322   2515,519      26722,0865
13:50:59.907   2516,104      26710,7010
13:51:00.489   2516,686      26667,4247
13:51:01.040   2517,237      26707,9352
13:51:01.555   2517,752      26737,6614
13:51:02.096   2518,293      26754,5511
13:51:02.628   2518,825      26722,7345
13:51:03.138   2519,335      26740,7746
13:51:03.707   2519,904      26767,2566
13:51:04.279   2520,476      26772,7327
13:51:04.863   2521,060      26755,9458
13:51:05.421   2521,618      26727,9282
13:51:06.008   2522,205      26770,0313
13:51:06.563   2522,760      26781,4973
13:51:07.120   2523,317      26754,8657
13:51:07.628   2523,825      26742,5196
13:51:08.172   2524,369      26774,5540
13:51:08.740   2524,937      26777,5327
13:51:09.275   2525,472      26786,8624
13:51:09.847   2526,044      26795,6673
13:51:10.391   2526,588      26827,9259
13:51:10.944   2527,141      26825,6249
13:51:11.460   2527,657      26741,1666
13:51:12.009   2528,206      26802,5762
13:51:12.590   2528,787      26777,4768
13:51:13.167   2529,364      26827,9533
13:51:13.739   2529,936      26823,8165
13:51:14.315   2530,512      26770,6541
13:51:14.888   2531,085      26877,7154
13:51:15.487   2531,684      26858,8055
13:51:16.047   2532,244      26818,3524
13:51:16.653   2532,850      26869,0688
13:51:17.201   2533,398      26833,6358
13:51:17.762   2533,959      26838,9460
13:51:18.312   2534,509      26817,1435
13:51:18.866   2535,063      26830,1221
13:51:19.465   2535,662      26804,5873
13:51:20.012   2536,209      26881,2396
13:51:20.543   2536,740      26840,3894
13:51:21.087   2537,284      26850,4646
13:51:21.610   2537,807      26840,6427
13:51:22.188   2538,385      26876,4425
13:51:22.748   2538,945      26875,0899
13:51:23.340   2539,537      26811,7336
13:51:23.915   2540,112      26854,0386
13:51:24.464   2540,661      26855,2101
13:51:24.995   2541,192      26841,3930
13:51:25.499   2541,696      26808,1473
13:51:26.038   2542,235      26852,5275
13:51:26.538   2542,735      26845,7548
13:51:27.093   2543,290      26830,0745
13:51:27.622   2543,819      26834,7593
13:51:28.169   2544,366      26832,2545
13:51:28.718   2544,915      26824,3942
13:51:29.258   2545,455      26868,7442
13:51:29.767   2545,964      26824,3531
13:51:30.307   2546,504      26811,9661
13:51:30.858   2547,055      26800,9487
13:51:31.448   2547,645      26788,9526
13:51:32.019   2548,216      26740,1099
13:51:32.587   2548,784      26771,4801
13:51:33.152   2549,349      26710,4983
13:51:33.758   2549,955      26581,7442
13:51:34.258   2550,455      26550,0888
13:51:34.831   2551,028      26369,0293
13:51:35.390   2551,587      26191,3562
13:51:35.939   2552,136      25992,0642
13:51:36.504   2552,701      25794,2913
13:51:37.040   2553,237      25507,9335
13:51:37.594   2553,791      25197,9747
13:51:38.152   2554,349      24834,6953
13:51:38.699   2554,896      24393,6526
13:51:39.277   2555,474      23974,8523
13:51:39.858   2556,055      23430,4341
13:51:40.425   2556,622      22856,1393
13:51:40.971   2557,168      22218,0112
13:51:41.526   2557,723      21600,3169
13:51:42.058   2558,255      21007,4726
13:51:42.602   2558,799      20334,6387
13:51:43.151   2559,348      19672,5349
13:51:43.720   2559,917      19042,0211
13:51:44.270   2560,467      18444,1813
13:51:44.848   2561,045      17897,2963
13:51:45.431   2561,628      17325,1866
13:51:45.992   2562,189      16773,5868
13:51:46.540   2562,737      16237,9146
13:51:47.127   2563,324      15728,4208
13:51:47.688   2563,885      15181,6298
13:51:48.219   2564,416      14704,3934
13:51:48.771   2564,968      14175,5260
13:51:49.375   2565,572      13634,5872
13:51:49.955   2566,152      13150,5672
13:51:50.518   2566,715      12598,3744
13:51:51.066   2567,263      12147,7187
13:51:51.588   2567,785      11653,2965
13:51:52.140   2568,337      11184,8290
13:51:52.667   2568,864      10753,5503
13:51:53.220   2569,417      10296,9344
13:51:53.781   2569,978       9873,2597
13:51:54.354   2570,551       9398,5315
13:51:54.907   2571,104       9032,7864
13:51:55.519   2571,716       8591,0532
13:51:56.072   2572,269       8212,7720
13:51:56.649   2572,846       7854,6229
13:51:57.204   2573,401       7487,0427
13:51:57.706   2573,903       7193,2831
13:51:58.250   2574,447       6892,4242
13:51:58.789   2574,986       6618,4346
13:51:59.389   2575,586       6304,6058
13:51:59.962   2576,159       6016,7150
13:52:00.511   2576,708       5756,5012
13:52:01.084   2577,281       5474,4480
13:52:01.649   2577,846       5246,6776
13:52:02.224   2578,421       5015,5946
13:52:02.796   2578,993       4778,0680
13:52:03.356   2579,553       4592,4481
13:52:03.916   2580,113       4418,7067
13:52:04.453   2580,650       4209,6416
13:52:04.995   2581,192       4078,6042
13:52:05.514   2581,711       3904,2518
13:52:06.030   2582,227       3802,0941
13:52:06.626   2582,823       3626,6317
13:52:07.165   2583,362       3494,1683
13:52:07.666   2583,863       3375,1238
13:52:08.248   2584,445       3254,8307
13:52:08.792   2584,989       3132,8221
13:52:09.338   2585,535       3058,2061
13:52:09.882   2586,079       2999,1797
13:52:10.439   2586,636       2984,7552
13:52:11.021   2587,218       3017,4613
13:52:11.598   2587,795       3057,9566
13:52:12.170   2588,367       3123,6837
13:52:12.732   2588,929       3214,0724
13:52:13.302   2589,499       3312,9989
13:52:13.823   2590,020       3417,9038
13:52:14.398   2590,595       3546,8173
13:52:14.933   2591,130       3631,8466
13:52:15.499   2591,696       3748,6063
13:52:16.045   2592,242       3889,5604
13:52:16.627   2592,824       4068,1967
13:52:17.159   2593,356       4185,9016
13:52:17.664   2593,861       4346,6092
13:52:18.174   2594,371       4495,2367
13:52:18.748   2594,945       4707,4733
13:52:19.356   2595,553       4894,4273
13:52:19.920   2596,117       5132,8053
13:52:20.450   2596,647       5339,8783
13:52:21.020   2597,217       5574,1889
13:52:21.585   2597,782       5809,9604
13:52:22.164   2598,361       6052,9097
13:52:22.711   2598,908       6351,4699
13:52:23.272   2599,469       6647,1696
13:52:23.852   2600,049       6970,2849
13:52:24.359   2600,556       7226,8308
13:52:24.956   2601,153       7619,0218
13:52:25.524   2601,721       7986,0188
13:52:26.068   2602,265       8312,4375
13:52:26.616   2602,813       8725,6678
13:52:27.175   2603,372       9127,1491
13:52:27.755   2603,952       9539,1282
13:52:28.301   2604,498      10002,2740
13:52:28.857   2605,054      10378,2920
13:52:29.446   2605,643      10918,6914
13:52:30.002   2606,199      11379,4708
13:52:30.592   2606,789      11890,8079
13:52:31.136   2607,333      12414,8394
13:52:31.692   2607,889      12917,7370
13:52:32.253   2608,450      13411,0581
13:52:32.845   2609,042      13961,9420
13:52:33.430   2609,627      14474,5117
13:52:33.995   2610,192      14971,1106
13:52:34.533   2610,730      15543,4158
13:52:35.132   2611,329      16108,4803
13:52:35.636   2611,833      16567,7766
13:52:36.210   2612,407      17130,6559
13:52:36.777   2612,974      17627,6227
13:52:37.343   2613,540      18182,4631
13:52:37.925   2614,122      18718,0173
13:52:38.495   2614,692      19251,3596
13:52:39.058   2615,255      19759,1878
13:52:39.630   2615,827      20264,7859
13:52:40.137   2616,334      20682,6423
13:52:40.714   2616,911      21134,9235
13:52:41.265   2617,462      21572,9384
13:52:41.851   2618,048      21985,8587
13:52:42.351   2618,548      22342,0385
13:52:42.879   2619,076      22708,7508
13:52:43.480   2619,677      23027,9260
13:52:44.065   2620,262      23381,0769
13:52:44.641   2620,838      23638,1869
13:52:45.201   2621,398      23877,5841
13:52:45.725   2621,922      24122,0140
13:52:46.277   2622,474      24330,9666
13:52:46.840   2623,037      24537,0999
13:52:47.424   2623,621      24646,0515
13:52:47.980   2624,177      24819,3291
13:52:48.529   2624,726      24971,4696
13:52:49.076   2625,273      25034,7594
13:52:49.654   2625,851      25121,3303
13:52:50.187   2626,384      25215,6499
13:52:50.748   2626,945      25331,3047
13:52:51.322   2627,519      25360,0928
13:52:51.895   2628,092      25494,9666
13:52:52.457   2628,654      25534,1218
13:52:53.000   2629,197      25581,2652
13:52:53.525   2629,722      25645,6962
13:52:54.050   2630,247      25620,9774
13:52:54.585   2630,782      25752,8523
13:52:55.141   2631,338      25754,4321
13:52:55.654   2631,851      25826,7642
13:52:56.210   2632,407      25839,8802
13:52:56.798   2632,995      25899,3575
13:52:57.383   2633,580      25886,6261
13:52:57.935   2634,132      25951,4234
13:52:58.472   2634,669      25978,5341
13:52:59.015   2635,212      25957,0271
13:52:59.560   2635,757      26023,3604
13:53:00.128   2636,325      26042,3560
13:53:00.689   2636,886      26095,1022
13:53:01.232   2637,429      26125,8838
13:53:01.814   2638,011      26105,2243
13:53:02.357   2638,554      26131,7792
13:53:02.914   2639,111      26170,1630
13:53:03.477   2639,674      26197,6877
13:53:04.072   2640,269      26207,3203
13:53:04.649   2640,846      26218,2458
13:53:05.170   2641,367      26270,4655
13:53:05.731   2641,928      26244,7891
13:53:06.336   2642,533      26308,7242
13:53:06.897   2643,094      26311,3437
13:53:07.463   2643,660      26274,6187
13:53:08.050   2644,247      26368,4901
13:53:08.591   2644,788      26323,3614
13:53:09.152   2645,349      26330,0995
13:53:09.715   2645,912      26378,1621
13:53:10.255   2646,452      26369,8650
13:53:10.781   2646,978      26342,5143
13:53:11.382   2647,579      26415,8619
13:53:11.950   2648,147      26399,4914
13:53:12.502   2648,699      26392,6748
13:53:13.087   2649,284      26447,8039
13:53:13.659   2649,856      26465,3654
13:53:14.197   2650,394      26477,8833
13:53:14.797   2650,994      26467,0453
13:53:15.402   2651,599      26490,3940
13:53:15.970   2652,167      26508,4901
13:53:16.534   2652,731      26560,5611
13:53:17.077   2653,274      26539,2524
13:53:17.644   2653,841      26530,1247
13:53:18.191   2654,388      26559,8178
13:53:18.787   2654,984      26545,4964
13:53:19.351   2655,548      26570,9497
13:53:19.940   2656,137      26541,0265
13:53:20.519   2656,716      26592,1521
13:53:21.079   2657,276      26619,3912
13:53:21.625   2657,822      26604,1892
13:53:22.161   2658,358      26588,3771
13:53:22.715   2658,912      26646,2763
13:53:23.273   2659,470      26621,5907
13:53:23.858   2660,055      26628,7382
13:53:24.427   2660,624      26610,8190
13:53:24.997   2661,194      26639,7842
13:53:25.573   2661,770      26648,8076
13:53:26.118   2662,315      26638,2380
13:53:26.646   2662,843      26642,5508
13:53:27.181   2663,378      26658,1880
13:53:27.770   2663,967      26717,3148
13:53:28.322   2664,519      26640,6707
13:53:28.866   2665,063      26658,7119
13:53:29.375   2665,572      26681,7260
13:53:29.915   2666,112      26687,3896
13:53:30.460   2666,657      26691,1491
13:53:31.027   2667,224      26705,8403
13:53:31.621   2667,818      26691,1842
13:53:32.151   2668,348      26690,2754
13:53:32.693   2668,890      26685,5089
13:53:33.245   2669,442      26679,5595
13:53:33.749   2669,946      26674,0509
13:53:34.296   2670,493      26699,8632
13:53:34.864   2671,061      26719,5532
13:53:35.388   2671,585      26702,6333
13:53:35.926   2672,123      26715,1828
13:53:36.482   2672,679      26714,7759
13:53:37.032   2673,229      26711,0857
13:53:37.597   2673,794      26765,1067
13:53:38.140   2674,337      26701,7771
13:53:38.683   2674,880      26705,7517
13:53:39.184   2675,381      26731,5880
13:53:39.757   2675,954      26754,6498
13:53:40.329   2676,526      26758,2029
13:53:40.829   2677,026      26764,7951
13:53:41.337   2677,534      26753,2748
13:53:41.910   2678,107      26736,0082
13:53:42.488   2678,685      26760,2356
13:53:43.039   2679,236      26770,7905
13:53:43.614   2679,811      26777,4973
13:53:44.146   2680,343      26785,3822
13:53:44.711   2680,908      26732,8120
13:53:45.294   2681,491      26785,6636
13:53:45.812   2682,009      26778,6285
13:53:46.371   2682,568      26802,3893
13:53:46.947   2683,144      26804,9186
13:53:47.456   2683,653      26780,2258
13:53:48.038   2684,235      26777,9313
13:53:48.585   2684,782      26792,0887
13:53:49.116   2685,313      26797,3158
13:53:49.663   2685,860      26797,2065
13:53:50.222   2686,419      26826,1042
13:53:50.762   2686,959      26753,0226
13:53:51.327   2687,524      26859,1185
13:53:51.906   2688,103      26826,6750
13:53:52.492   2688,689      26815,6674
13:53:53.053   2689,250      26786,9598
13:53:53.586   2689,783      26808,6397
13:53:54.131   2690,328      26833,4225
13:53:54.641   2690,838      26835,1503
13:53:55.193   2691,390      26834,1562
13:53:55.702   2691,899      26822,6909
13:53:56.269   2692,466      26768,5183
13:53:56.796   2692,993      26828,4413
13:53:57.398   2693,595      26812,3597
13:53:57.962   2694,159      26825,9321
13:53:58.508   2694,705      26801,0030
13:53:59.126   2695,323      26823,1482
13:53:59.681   2695,878      26777,2600
13:54:00.189   2696,386      26805,1208
13:54:00.726   2696,923      26766,3265
13:54:01.268   2697,465      26810,6067
13:54:01.808   2698,005      26764,5962
13:54:02.369   2698,566      26709,7452
13:54:02.945   2699,142      26667,3541
13:54:03.532   2699,729      26623,6279
13:54:04.086   2700,283      26525,9287
13:54:04.625   2700,822      26463,0709
13:54:05.167   2701,364      26330,5312
13:54:05.676   2701,873      26188,8923
13:54:06.206   2702,403      25945,6955
13:54:06.758   2702,955      25762,4301
13:54:07.296   2703,493      25458,1629
13:54:07.808   2704,005      25231,0066
13:54:08.357   2704,554      24852,1637
13:54:08.929   2705,126      24478,5771
13:54:09.480   2705,677      24039,0478
13:54:10.056   2706,253      23470,0401
13:54:10.596   2706,793      22974,0377
13:54:11.169   2707,366      22384,7139
13:54:11.726   2707,923      21756,2461
13:54:12.282   2708,479      21104,3994
13:54:12.843   2709,040      20379,3521
13:54:13.367   2709,564      19810,3394
13:54:13.930   2710,127      19164,1981
13:54:14.473   2710,670      18529,0906
13:54:15.064   2711,261      17973,5115
13:54:15.586   2711,783      17439,7105
13:54:16.128   2712,325      16971,8412
13:54:16.708   2712,905      16377,1954
13:54:17.256   2713,453      15824,5708
13:54:17.818   2714,015      15312,0786
13:54:18.386   2714,583      14816,3909
13:54:18.928   2715,125      14273,2782
13:54:19.517   2715,714      13726,6588
13:54:20.080   2716,277      13261,3597
13:54:20.639   2716,836      12744,9351
13:54:21.183   2717,380      12276,2444
13:54:21.776   2717,973      11759,5494
13:54:22.319   2718,516      11312,8872
13:54:22.860   2719,057      10820,5521
13:54:23.441   2719,638      10368,4842
13:54:24.002   2720,199       9931,6091
13:54:24.568   2720,765       9515,2527
13:54:25.144   2721,341       9099,9779
13:54:25.669   2721,866       8698,9848
13:54:26.219   2722,416       8337,2420
13:54:26.755   2722,952       7998,1294
13:54:27.353   2723,550       7636,8142
13:54:27.937   2724,134       7278,7015
13:54:28.466   2724,663       6972,3625
13:54:29.024   2725,221       6647,1297
13:54:29.544   2725,741       6384,8243
13:54:30.122   2726,319       6110,8220
13:54:30.684   2726,881       5809,2200
13:54:31.255   2727,452       5552,0659
13:54:31.760   2727,957       5347,4705
13:54:32.334   2728,531       5125,0826
13:54:32.863   2729,060       4902,1762
13:54:33.365   2729,562       4729,8195
13:54:33.914   2730,111       4515,7381
13:54:34.474   2730,671       4347,1238
13:54:35.024   2731,221       4177,6924
13:54:35.644   2731,841       3996,1237
13:54:36.210   2732,407       3823,8600
13:54:36.766   2732,963       3687,9292
13:54:37.363   2733,560       3526,2129
13:54:37.916   2734,113       3415,5554
13:54:38.459   2734,656       3300,1660
13:54:39.001   2735,198       3185,5229
13:54:39.561   2735,758       3057,5398
13:54:40.128   2736,325       2966,0855
13:54:40.678   2736,875       2989,9318
13:54:41.228   2737,425       2973,1790
13:54:41.729   2737,926       3039,3806
13:54:42.275   2738,472       3114,8158
13:54:42.814   2739,011       3175,1271
13:54:43.373   2739,570       3275,8713
13:54:43.928   2740,125       3389,9120
13:54:44.485   2740,682       3478,1287
13:54:45.022   2741,219       3571,7954
13:54:45.577   2741,774       3686,7457
13:54:46.122   2742,319       3845,4328
13:54:46.622   2742,819       3935,2849
13:54:47.191   2743,388       4094,3553
13:54:47.755   2743,952       4253,9958
13:54:48.312   2744,509       4422,2670
13:54:48.873   2745,070       4626,8048
13:54:49.452   2745,649       4804,0291
13:54:49.994   2746,191       5002,9158
13:54:50.542   2746,739       5219,7837
13:54:51.113   2747,310       5430,1249
13:54:51.689   2747,886       5699,5288
13:54:52.239   2748,436       5929,3236
13:54:52.808   2749,005       6231,9632
13:54:53.388   2749,585       6515,6739
13:54:53.938   2750,135       6839,5000
13:54:54.507   2750,704       7141,7640
13:54:55.051   2751,248       7429,7677
13:54:55.591   2751,788       7785,8376
13:54:56.133   2752,330       8109,1802
13:54:56.674   2752,871       8495,0089
13:54:57.246   2753,443       8914,7446
13:54:57.793   2753,990       9311,2576
13:54:58.351   2754,548       9751,7729
13:54:58.901   2755,098      10174,6879
13:54:59.450   2755,647      10589,1805
13:55:00.044   2756,241      11078,3410
13:55:00.576   2756,773      11577,7442
13:55:01.130   2757,327      12051,1484
13:55:01.693   2757,890      12545,8792
13:55:02.251   2758,448      13050,0462
13:55:02.816   2759,013      13500,7685
13:55:03.373   2759,570      14037,5900
13:55:03.920   2760,117      14568,3506
13:55:04.481   2760,678      15127,8630
13:55:05.010   2761,207      15601,9568
13:55:05.550   2761,747      16053,2856
13:55:06.090   2762,287      16580,1450
13:55:06.651   2762,848      17170,7965
13:55:07.185   2763,382      17654,4160
13:55:07.770   2763,967      18174,5288
13:55:08.342   2764,539      18686,2211
13:55:08.878   2765,075      19224,2708
13:55:09.452   2765,649      19741,6122
13:55:09.999   2766,196      20254,2399
13:55:10.562   2766,759      20717,3362
13:55:11.103   2767,300      21121,6577
13:55:11.673   2767,870      21559,2400
13:55:12.221   2768,418      21949,0142
13:55:12.759   2768,956      22282,5959
13:55:13.330   2769,527      22683,6127
13:55:13.891   2770,088      22983,2821
13:55:14.432   2770,629      23281,0609
13:55:14.982   2771,179      23584,2028
13:55:15.501   2771,698      23826,4174
13:55:16.078   2772,275      24035,3126
13:55:16.617   2772,814      24249,1090
13:55:17.192   2773,389      24419,1323
13:55:17.779   2773,976      24625,5778
13:55:18.299   2774,496      24798,0974
13:55:18.840   2775,037      24873,8951
13:55:19.368   2775,565      25005,0163
13:55:19.965   2776,162      25108,5285
13:55:20.519   2776,716      25204,1156
13:55:21.066   2777,263      25350,5306
13:55:21.633   2777,830      25394,5077
13:55:22.184   2778,381      25467,1241
13:55:22.770   2778,967      25532,2138
13:55:23.378   2779,575      25611,7140
13:55:23.917   2780,114      25655,0115
13:55:24.468   2780,665      25663,1640
13:55:25.046   2781,243      25721,6388
13:55:25.629   2781,826      25778,1826
13:55:26.167   2782,364      25801,0844
13:55:26.701   2782,898      25878,2696
13:55:27.238   2783,435      25884,3214
13:55:27.754   2783,951      25951,7269
13:55:28.305   2784,502      25991,9386
13:55:28.842   2785,039      25978,5585
13:55:29.406   2785,603      26011,2871
13:55:29.957   2786,154      26040,3752
13:55:30.514   2786,711      26057,9960
13:55:31.058   2787,255      26105,1069
13:55:31.631   2787,828      26157,0113
13:55:32.199   2788,396      26126,9984
13:55:32.795   2788,992      26192,2526
13:55:33.385   2789,582      26163,1202
13:55:33.963   2790,160      26239,0128
13:55:34.527   2790,724      26175,0247
13:55:35.075   2791,272      26217,9599
13:55:35.654   2791,851      26251,8930
13:55:36.214   2792,411      26293,5537
13:55:36.750   2792,947      26307,9177
13:55:37.299   2793,496      26322,3751
13:55:37.888   2794,085      26301,4096
13:55:38.413   2794,610      26299,1735
13:55:38.984   2795,181      26374,7300
13:55:39.553   2795,750      26326,3321
13:55:40.107   2796,304      26369,6922
13:55:40.639   2796,836      26389,0111
13:55:41.218   2797,415      26433,5217
13:55:41.786   2797,983      26391,0828
13:55:42.346   2798,543      26436,0017
13:55:42.897   2799,094      26408,7956
13:55:43.455   2799,652      26394,4768
13:55:44.027   2800,224      26471,9555
13:55:44.583   2800,780      26485,7069
13:55:45.156   2801,353      26449,4646
13:55:45.668   2801,865      26431,6404
13:55:46.223   2802,420      26466,9020
13:55:46.806   2803,003      26513,9015
13:55:47.382   2803,579      26497,4012
13:55:47.942   2804,139      26490,8238
13:55:48.501   2804,698      26533,9241
13:55:49.050   2805,247      26581,4809
13:55:49.608   2805,805      26570,5204
13:55:50.145   2806,342      26540,9848
13:55:50.720   2806,917      26566,9822
13:55:51.290   2807,487      26563,3273
13:55:51.870   2808,067      26628,2631
13:55:52.443   2808,640      26590,3142
13:55:52.980   2809,177      26593,5871
13:55:53.491   2809,688      26638,5978
13:55:54.041   2810,238      26605,1420
13:55:54.598   2810,795      26607,5376
13:55:55.098   2811,295      26624,8603
13:55:55.627   2811,824      26661,2030
13:55:56.200   2812,397      26662,2495
13:55:56.762   2812,959      26657,5864
13:55:57.296   2813,493      26648,6655
13:55:57.879   2814,076      26658,0845
13:55:58.428   2814,625      26707,9090
13:55:58.996   2815,193      26675,5188
13:55:59.570   2815,767      26705,9737
13:56:00.127   2816,324      26700,3303
13:56:00.689   2816,886      26661,7836
13:56:01.265   2817,462      26734,6776
13:56:01.785   2817,982      26679,9766
13:56:02.352   2818,549      26698,4186
13:56:02.900   2819,097      26709,6996
13:56:03.469   2819,666      26712,5302
13:56:03.975   2820,172      26725,0568
13:56:04.566   2820,763      26727,9263
13:56:05.117   2821,314      26770,4772
13:56:05.637   2821,834      26755,5262
13:56:06.202   2822,399      26701,6823
13:56:06.761   2822,958      26722,7346
13:56:07.290   2823,487      26813,0205
13:56:07.870   2824,067      26757,4049
13:56:08.449   2824,646      26809,6467
13:56:08.999   2825,196      26793,9689
13:56:09.512   2825,709      26769,5217
13:56:10.054   2826,251      26794,0201
13:56:10.585   2826,782      26796,5399
13:56:11.143   2827,340      26850,0415
13:56:11.719   2827,916      26785,4141
13:56:12.279   2828,476      26804,0298
13:56:12.847   2829,044      26834,3875
13:56:13.436   2829,633      26818,5117
13:56:13.983   2830,180      26820,5783
13:56:14.555   2830,752      26811,3832
13:56:15.121   2831,318      26818,2749
13:56:15.667   2831,864      26827,3743
13:56:16.204   2832,401      26836,1359
13:56:16.750   2832,947      26836,1486
13:56:17.346   2833,543      26764,5619
13:56:17.882   2834,079      26794,1155
13:56:18.426   2834,623      26816,4876
13:56:18.975   2835,172      26803,7316
13:56:19.475   2835,672      26832,7061
13:56:19.985   2836,182      26801,4578
13:56:20.552   2836,749      26794,1796
13:56:21.134   2837,331      26794,3702
13:56:21.742   2837,939      26750,3768
13:56:22.307   2838,504      26780,6260
13:56:22.859   2839,056      26829,5500
13:56:23.418   2839,615      26803,1388
13:56:23.925   2840,122      26827,4196
13:56:24.469   2840,666      26800,1209
13:56:25.043   2841,240      26844,9942
13:56:25.609   2841,806      26809,7844
13:56:26.131   2842,328      26802,9354
13:56:26.702   2842,899      26796,6433
13:56:27.277   2843,474      26833,0658
13:56:27.777   2843,974      26834,8648
13:56:28.356   2844,553      26808,9069
13:56:28.864   2845,061      26813,6621
13:56:29.418   2845,615      26807,8293
13:56:29.999   2846,196      26806,0676
13:56:30.552   2846,749      26821,0200
13:56:31.147   2847,344      26793,7954
13:56:31.724   2847,921      26764,7720
13:56:32.285   2848,482      26759,8216
13:56:32.856   2849,053      26715,7855
13:56:33.364   2849,561      26699,6350
13:56:33.869   2850,066      26580,9666
13:56:34.452   2850,649      26531,7491
13:56:34.990   2851,187      26449,1097
13:56:35.537   2851,734      26253,1874
13:56:36.087   2852,284      26094,5602
13:56:36.665   2852,862      25891,9259
13:56:37.275   2853,472      25626,1083
13:56:37.799   2853,996      25371,3152
13:56:38.348   2854,545      25031,6785
13:56:38.908   2855,105      24653,7229
13:56:39.495   2855,692      24196,9082
13:56:40.101   2856,298      23713,6727
13:56:40.665   2856,862      23221,8577
13:56:41.240   2857,437      22637,1228
13:56:41.762   2857,959      22038,0873
13:56:42.334   2858,531      21380,7479
13:56:42.901   2859,098      20651,9549
13:56:43.516   2859,713      19939,4988
13:56:44.071   2860,268      19266,5015
13:56:44.646   2860,843      18659,5117
13:56:45.231   2861,428      18094,5041
13:56:45.846   2862,043      17475,6654
13:56:46.424   2862,621      16913,6056
13:56:46.990   2863,187      16372,2909
13:56:47.574   2863,771      15832,0502
13:56:48.145   2864,342      15292,5632
13:56:48.696   2864,893      14795,0145
13:56:49.246   2865,443      14281,4520
13:56:49.831   2866,028      13743,2902
13:56:50.379   2866,576      13266,1786
13:56:50.928   2867,125      12777,8642
13:56:51.477   2867,674      12291,6556
13:56:52.046   2868,243      11797,2152
13:56:52.590   2868,787      11317,3262
13:56:53.138   2869,335      10909,2791
13:56:53.727   2869,924      10406,4466
13:56:54.274   2870,471      10020,9132
13:56:54.823   2871,020       9559,6929
13:56:55.407   2871,604       9158,3819
13:56:55.907   2872,104       8785,4528
13:56:56.482   2872,679       8398,3916
13:56:57.036   2873,233       8023,3892
13:56:57.606   2873,803       7707,9100
13:56:58.179   2874,376       7327,5845
13:56:58.739   2874,936       7024,2414
13:56:59.289   2875,486       6732,3351
13:56:59.816   2876,013       6437,0941
13:57:00.379   2876,576       6143,6728
13:57:00.958   2877,155       5864,7181
13:57:01.458   2877,655       5614,1709
13:57:02.012   2878,209       5405,8370
13:57:02.565   2878,762       5179,1616
13:57:03.108   2879,305       4954,0237
13:57:03.695   2879,892       4743,5065
13:57:04.240   2880,437       4576,3152
13:57:04.772   2880,969       4363,0472
13:57:05.353   2881,550       4195,1065
13:57:05.941   2882,138       4023,4376
13:57:06.501   2882,698       3855,0006
13:57:07.079   2883,276       3720,3034
13:57:07.673   2883,870       3562,3293
13:57:08.249   2884,446       3415,8859
13:57:08.798   2884,995       3307,3727
13:57:09.365   2885,562       3184,5637
13:57:09.905   2886,102       3082,4138
13:57:10.479   2886,676       3004,0386
13:57:11.033   2887,230       2989,6370
13:57:11.547   2887,744       3030,1699
13:57:12.062   2888,259       3032,5186
13:57:12.618   2888,815       3125,8164
13:57:13.171   2889,368       3180,9929
13:57:13.694   2889,891       3267,1486
13:57:14.242   2890,439       3367,4549
13:57:14.796   2890,993       3487,1698
13:57:15.392   2891,589       3587,9464
13:57:15.927   2892,124       3696,2795
13:57:16.489   2892,686       3853,5110
13:57:17.036   2893,233       3986,8796
13:57:17.550   2893,747       4113,2098
13:57:18.102   2894,299       4278,0660
13:57:18.673   2894,870       4443,6222
13:57:19.235   2895,432       4643,3469
13:57:19.752   2895,949       4815,7997
13:57:20.340   2896,537       4972,2797
13:57:20.881   2897,078       5245,2050
13:57:21.458   2897,655       5448,2619
13:57:21.997   2898,194       5690,2743
13:57:22.543   2898,740       5890,0424
13:57:23.099   2899,296       6189,9860
13:57:23.608   2899,805       6466,4773
13:57:24.137   2900,334       6706,6801
13:57:24.701   2900,898       7039,1877
13:57:25.244   2901,441       7347,7058
13:57:25.771   2901,968       7660,6525
13:57:26.335   2902,532       7998,8571
13:57:26.875   2903,072       8345,1049
13:57:27.452   2903,649       8802,9496
13:57:28.055   2904,252       9191,6627
13:57:28.596   2904,793       9607,7216
13:57:29.157   2905,354      10040,3993
13:57:29.669   2905,866      10449,1857
13:57:30.175   2906,372      10858,1744
13:57:30.732   2906,929      11345,4855
13:57:31.280   2907,477      11797,7135
13:57:31.870   2908,067      12335,8060
13:57:32.419   2908,616      12795,1302
13:57:32.967   2909,164      13297,1772
13:57:33.562   2909,759      13795,1808
13:57:34.094   2910,291      14341,7428
13:57:34.598   2910,795      14757,8451
13:57:35.161   2911,358      15331,6567
13:57:35.732   2911,929      15873,3925
13:57:36.288   2912,485      16358,4188
13:57:36.865   2913,062      16969,3874
13:57:37.430   2913,627      17487,0293
13:57:38.002   2914,199      17972,2908
13:57:38.557   2914,754      18538,1238
13:57:39.100   2915,297      19079,0087
13:57:39.608   2915,805      19508,7754
13:57:40.148   2916,345      19998,1952
13:57:40.731   2916,928      20470,0605
13:57:41.268   2917,465      20899,2173
13:57:41.775   2917,972      21321,2938
13:57:42.297   2918,494      21666,7721
13:57:42.852   2919,049      22095,2643
13:57:43.421   2919,618      22440,8899
13:57:43.962   2920,159      22815,2870
13:57:44.503   2920,700      23100,6293
13:57:45.052   2921,249      23411,8594
13:57:45.616   2921,813      23689,3404
13:57:46.199   2922,396      23933,4228
13:57:46.755   2922,952      24158,3695
13:57:47.370   2923,567      24350,5806
13:57:47.927   2924,124      24539,7360
13:57:48.462   2924,659      24697,4214
13:57:49.019   2925,216      24848,8502
13:57:49.541   2925,738      24967,5644
13:57:50.041   2926,238      25035,8535
13:57:50.613   2926,810      25183,6167
13:57:51.192   2927,389      25236,6100
13:57:51.746   2927,943      25313,8894
13:57:52.325   2928,522      25404,7113
13:57:52.926   2929,123      25513,6801
13:57:53.438   2929,635      25540,4114
13:57:53.938   2930,135      25571,2862
13:57:54.523   2930,720      25647,0624
13:57:55.067   2931,264      25670,0554
13:57:55.584   2931,781      25726,6849
13:57:56.140   2932,337      25793,9046
13:57:56.704   2932,901      25842,5543
13:57:57.253   2933,450      25875,0923
13:57:57.840   2934,037      25934,4973
13:57:58.372   2934,569      25917,6370
13:57:58.951   2935,148      25986,2273
13:57:59.527   2935,724      25949,2945
13:58:00.100   2936,297      26023,2047
13:58:00.639   2936,836      26021,3829
13:58:01.207   2937,404      26027,7615
13:58:01.713   2937,910      26087,1862
13:58:02.280   2938,477      26055,5622
13:58:02.863   2939,060      26111,0296
13:58:03.457   2939,654      26148,1211
13:58:04.026   2940,223      26156,0289
13:58:04.564   2940,761      26193,7164
13:58:05.111   2941,308      26208,0313
13:58:05.711   2941,908      26246,7997
13:58:06.247   2942,444      26253,9116
13:58:06.787   2942,984      26260,1855
13:58:07.360   2943,557      26248,1446
13:58:07.952   2944,149      26275,7282
13:58:08.454   2944,651      26268,7234
13:58:08.989   2945,186      26325,7006
13:58:09.496   2945,693      26308,0914
13:58:10.030   2946,227      26358,2546
13:58:10.596   2946,793      26371,4237
13:58:11.159   2947,356      26384,1918
13:58:11.743   2947,940      26467,5970
13:58:12.320   2948,517      26362,6928
13:58:12.882   2949,079      26443,8885
13:58:13.388   2949,585      26424,2370
13:58:13.994   2950,191      26441,8581
13:58:14.532   2950,729      26417,6435
13:58:15.081   2951,278      26477,5635
13:58:15.613   2951,810      26498,1576
13:58:16.180   2952,377      26511,8100
13:58:16.725   2952,922      26529,5713
13:58:17.282   2953,479      26498,2734
13:58:17.856   2954,053      26532,5620
13:58:18.366   2954,563      26516,3466
13:58:18.921   2955,118      26483,3706
13:58:19.523   2955,720      26533,3336
13:58:20.087   2956,284      26588,6798
13:58:20.623   2956,820      26547,4878
13:58:21.196   2957,393      26593,8437
13:58:21.780   2957,977      26569,9578
13:58:22.350   2958,547      26558,2591
13:58:22.892   2959,089      26581,9702
13:58:23.449   2959,646      26586,7944
13:58:23.971   2960,168      26615,7227
13:58:24.522   2960,719      26608,6578
13:58:25.079   2961,276      26594,7943
13:58:25.621   2961,818      26598,3855
13:58:26.161   2962,358      26643,9338
13:58:26.731   2962,928      26644,4309
13:58:27.267   2963,464      26631,8172
13:58:27.795   2963,992      26631,6150
13:58:28.342   2964,539      26622,2504
13:58:28.881   2965,078      26602,1361
13:58:29.452   2965,649      26647,1650
13:58:30.006   2966,203      26696,6545
13:58:30.569   2966,766      26626,3215
13:58:31.126   2967,323      26611,9101
13:58:31.710   2967,907      26661,4781
13:58:32.289   2968,486      26702,2071
13:58:32.880   2969,077      26633,0660
13:58:33.455   2969,652      26656,6388
13:58:33.992   2970,189      26685,9881
13:58:34.526   2970,723      26675,6440
13:58:35.102   2971,299      26701,0343
13:58:35.613   2971,810      26674,6003
13:58:36.172   2972,369      26747,9364
13:58:36.731   2972,928      26710,1737
13:58:37.293   2973,490      26708,0951
13:58:37.868   2974,065      26719,2342
13:58:38.368   2974,565      26703,3618
13:58:38.907   2975,104      26746,0764
13:58:39.480   2975,677      26724,8276
13:58:39.995   2976,192      26753,4841
13:58:40.554   2976,751      26754,0139
13:58:41.110   2977,307      26734,1586
13:58:41.623   2977,820      26743,8753
13:58:42.127   2978,324      26768,3344
13:58:42.679   2978,876      26787,3834
13:58:43.273   2979,470      26756,9306
13:58:43.802   2979,999      26773,4422
13:58:44.342   2980,539      26716,6308
13:58:44.888   2981,085      26715,6506
13:58:45.486   2981,683      26768,2163
13:58:46.025   2982,222      26781,9339
13:58:46.536   2982,733      26797,0994
13:58:47.070   2983,267      26765,5953
13:58:47.659   2983,856      26735,6515
13:58:48.161   2984,358      26770,9560
13:58:48.720   2984,917      26748,6532
13:58:49.270   2985,467      26772,7564
13:58:49.808   2986,005      26821,5061
13:58:50.395   2986,592      26747,3510
13:58:50.930   2987,127      26828,0693
13:58:51.503   2987,700      26809,6454
13:58:52.081   2988,278      26816,2352
13:58:52.652   2988,849      26860,0869
13:58:53.197   2989,394      26774,6536
13:58:53.772   2989,969      26792,4525
13:58:54.331   2990,528      26790,0408
13:58:54.865   2991,062      26827,7917
13:58:55.430   2991,627      26756,8802
13:58:55.961   2992,158      26772,3944
13:58:56.529   2992,726      26839,0072
13:58:57.089   2993,286      26816,2857
13:58:57.594   2993,791      26780,7270
13:58:58.155   2994,352      26839,3620
13:58:58.711   2994,908      26783,1602
13:58:59.252   2995,449      26846,6729
13:58:59.790   2995,987      26809,6091
13:59:00.359   2996,556      26771,0291
13:59:00.924   2997,121      26795,7338
13:59:01.497   2997,694      26766,5071
13:59:02.047   2998,244      26806,5039
13:59:02.621   2998,818      26740,6763
13:59:03.181   2999,378      26711,3185
13:59:03.754   2999,951      26673,5497
13:59:04.320   3000,517      26562,4098
13:59:04.861   3001,058      26484,3473
13:59:05.419   3001,616      26366,2648
13:59:05.945   3002,142      26248,1728
13:59:06.489   3002,686      26077,2212
13:59:07.025   3003,222      25831,0120
13:59:07.615   3003,812      25598,3393
13:59:08.148   3004,345      25317,6299
13:59:08.669   3004,866      25006,6978
13:59:09.216   3005,413      24646,7721
13:59:09.753   3005,950      24189,6507
13:59:10.297   3006,494      23774,5551
13:59:10.868   3007,065      23267,0623
13:59:11.443   3007,640      22690,3770
13:59:11.988   3008,185      22084,0038
13:59:12.581   3008,778      21431,6662
13:59:13.141   3009,338      20667,0020
13:59:13.768   3009,965      19953,6646
13:59:14.346   3010,543      19298,4343
13:59:14.848   3011,045      18716,4880
13:59:15.416   3011,613      18167,6916
13:59:15.971   3012,168      17592,8136
13:59:16.509   3012,706      17124,1946
13:59:17.045   3013,242      16615,8828
13:59:17.629   3013,826      16066,3239
13:59:18.188   3014,385      15516,6598
13:59:18.753   3014,950      14997,8278
13:59:19.335   3015,532      14517,8998
13:59:19.836   3016,033      14032,4448
13:59:20.414   3016,611      13491,7181
13:59:20.917   3017,114      13031,5276
13:59:21.427   3017,624      12646,3633
13:59:21.984   3018,181      12146,8857
13:59:22.485   3018,682      11706,3292
13:59:23.030   3019,227      11239,2503
13:59:23.616   3019,813      10796,7623
13:59:24.146   3020,343      10346,0271
13:59:24.663   3020,860       9988,2151
13:59:25.195   3021,392       9517,5167
13:59:25.776   3021,973       9123,5785
13:59:26.318   3022,515       8770,3631
13:59:26.878   3023,075       8364,5877
13:59:27.445   3023,642       8001,1170
13:59:28.013   3024,210       7648,1216
13:59:28.558   3024,755       7321,5666
13:59:29.104   3025,301       7005,2947
13:59:29.661   3025,858       6709,5265
13:59:30.237   3026,434       6378,7034
13:59:30.786   3026,983       6127,0155
13:59:31.379   3027,576       5837,8492
13:59:31.937   3028,134       5577,7651
13:59:32.485   3028,682       5332,1810
13:59:33.060   3029,257       5105,0982
13:59:33.567   3029,764       4919,4780
13:59:34.166   3030,363       4701,5863
13:59:34.666   3030,863       4536,2440
13:59:35.224   3031,421       4330,3492
13:59:35.792   3031,989       4169,6245
13:59:36.361   3032,558       3994,3851
13:59:36.929   3033,126       3859,4086
13:59:37.500   3033,697       3698,1592
13:59:38.066   3034,263       3558,0155
13:59:38.579   3034,776       3431,1369
13:59:39.150   3035,347       3306,5759
13:59:39.684   3035,881       3185,6573
13:59:40.240   3036,437       3117,2530
13:59:40.789   3036,986       3018,1438
13:59:41.346   3037,543       3008,5996
13:59:41.915   3038,112       3011,2473
13:59:42.446   3038,643       3062,1529
13:59:43.022   3039,219       3108,4354
13:59:43.539   3039,736       3196,5193
13:59:44.131   3040,328       3257,5636
13:59:44.635   3040,832       3360,4250
13:59:45.208   3041,405       3477,3606
13:59:45.788   3041,985       3576,4972
13:59:46.329   3042,526       3709,5805
13:59:46.888   3043,085       3855,6231
13:59:47.485   3043,682       3989,3500
13:59:48.053   3044,250       4128,5935
13:59:48.606   3044,803       4310,0483
13:59:49.154   3045,351       4468,1226
13:59:49.724   3045,921       4652,5700
13:59:50.265   3046,462       4847,0683
13:59:50.767   3046,964       5023,2498
13:59:51.294   3047,491       5242,1211
13:59:51.876   3048,073       5491,5718
13:59:52.441   3048,638       5716,6628
13:59:53.008   3049,205       5967,7061
13:59:53.576   3049,773       6247,8232
13:59:54.118   3050,315       6506,4801
13:59:54.677   3050,874       6783,1395
13:59:55.189   3051,386       7072,9790
13:59:55.755   3051,952       7408,4174
13:59:56.282   3052,479       7711,9823
13:59:56.860   3053,057       8090,2246
13:59:57.413   3053,610       8473,3744
13:59:57.993   3054,190       8866,7726
13:59:58.563   3054,760       9291,8572
13:59:59.113   3055,310       9693,9610
13:59:59.642   3055,839      10109,0348
14:00:00.206   3056,403      10581,3655
14:00:00.760   3056,957      10992,4036
14:00:01.322   3057,519      11480,7456
14:00:01.827   3058,024      11943,8639
14:00:02.382   3058,579      12439,9635
14:00:02.968   3059,165      12906,9562
14:00:03.537   3059,734      13425,3853
14:00:04.079   3060,276      13941,5798
14:00:04.662   3060,859      14431,3131
14:00:05.223   3061,420      14997,3504
14:00:05.728   3061,925      15460,7786
14:00:06.271   3062,468      15954,5064
14:00:06.816   3063,013      16487,4027
14:00:07.396   3063,593      17041,4102
14:00:07.940   3064,137      17546,2588
14:00:08.485   3064,682      18092,4812
14:00:09.035   3065,232      18616,6723
14:00:09.541   3065,738      19068,4787
14:00:10.110   3066,307      19586,1940
14:00:10.663   3066,860      20053,3560
14:00:11.221   3067,418      20540,9273
14:00:11.812   3068,009      21006,9931
14:00:12.427   3068,624      21467,7806
14:00:12.973   3069,170      21860,8076
14:00:13.499   3069,696      22285,6228
14:00:14.054   3070,251      22617,0311
14:00:14.591   3070,788      22955,1838
14:00:15.131   3071,328      23198,7395
14:00:15.691   3071,888      23521,2797
14:00:16.263   3072,460      23793,1157
14:00:16.869   3073,066      23960,2451
14:00:17.451   3073,648      24310,1565
14:00:18.030   3074,227      24394,2001
14:00:18.612   3074,809      24613,9375
14:00:19.176   3075,373      24755,1743
14:00:19.729   3075,926      24875,2521
14:00:20.288   3076,485      24967,3560
14:00:20.857   3077,054      25124,1187
14:00:21.432   3077,629      25211,4551
14:00:22.046   3078,243      25287,9508
14:00:22.593   3078,790      25401,7697
14:00:23.150   3079,347      25436,9740
14:00:23.674   3079,871      25500,2922
14:00:24.210   3080,407      25547,3885
14:00:24.784   3080,981      25590,9557
14:00:25.359   3081,556      25638,1302
14:00:25.863   3082,060      25686,8050
14:00:26.400   3082,597      25764,9152
14:00:26.972   3083,169      25757,3634
14:00:27.555   3083,752      25809,5355
14:00:28.134   3084,331      25855,6054
14:00:28.683   3084,880      25877,2155
14:00:29.199   3085,396      25886,0601
14:00:29.773   3085,970      25941,0283
14:00:30.345   3086,542      25957,7346
14:00:30.903   3087,100      26040,2880
14:00:31.407   3087,604      25931,2644
14:00:31.984   3088,181      26056,0569
14:00:32.551   3088,748      26070,7691
14:00:33.112   3089,309      26087,4395
14:00:33.627   3089,824      26101,7971
14:00:34.174   3090,371      26070,5756
14:00:34.756   3090,953      26113,9767
14:00:35.379   3091,576      26130,5023
14:00:35.942   3092,139      26116,0700
14:00:36.488   3092,685      26149,4772
14:00:37.033   3093,230      26213,1655
14:00:37.616   3093,813      26205,0469
14:00:38.185   3094,382      26244,0497
14:00:38.720   3094,917      26260,6426
14:00:39.311   3095,508      26271,9414
14:00:39.906   3096,103      26267,8269
14:00:40.466   3096,663      26368,3582
14:00:41.038   3097,235      26288,4741
14:00:41.573   3097,770      26352,8619
14:00:42.122   3098,319      26334,0375
14:00:42.713   3098,910      26345,5410
14:00:43.300   3099,497      26384,4413
14:00:43.849   3100,046      26392,3341
14:00:44.402   3100,599      26367,6659
14:00:44.932   3101,129      26413,5851
14:00:45.505   3101,702      26381,1243
14:00:46.081   3102,278      26374,4908
14:00:46.623   3102,820      26428,4088
14:00:47.148   3103,345      26450,0310
14:00:47.719   3103,916      26456,2585
14:00:48.285   3104,482      26432,7939
14:00:48.844   3105,041      26456,8922
14:00:49.470   3105,667      26508,0956
14:00:49.986   3106,183      26441,9692
14:00:50.518   3106,715      26546,4653
14:00:51.065   3107,262      26486,6322
14:00:51.634   3107,831      26511,7358
14:00:52.193   3108,390      26535,3646
14:00:52.738   3108,935      26538,4872
14:00:53.276   3109,473      26509,6252
14:00:53.795   3109,992      26539,9913
14:00:54.383   3110,580      26492,7887
14:00:54.926   3111,123      26546,0188
14:00:55.454   3111,651      26562,9025
14:00:56.044   3112,241      26554,2421
14:00:56.619   3112,816      26585,6692
14:00:57.190   3113,387      26561,5072
14:00:57.696   3113,893      26585,4014
14:00:58.291   3114,488      26538,4373
14:00:58.840   3115,037      26632,9298
14:00:59.399   3115,596      26555,0702
14:00:59.966   3116,163      26595,8047
14:01:00.478   3116,675      26612,7425
14:01:01.050   3117,247      26614,4290
14:01:01.630   3117,827      26654,7537
14:01:02.204   3118,401      26616,6365
14:01:02.739   3118,936      26612,1922
14:01:03.294   3119,491      26625,3645
14:01:03.811   3120,008      26595,8689
14:01:04.384   3120,581      26627,7850
14:01:04.945   3121,142      26619,3775
14:01:05.519   3121,716      26622,3746
14:01:06.081   3122,278      26620,5381
14:01:06.628   3122,825      26654,0052
14:01:07.172   3123,369      26625,1646
14:01:07.726   3123,923      26655,1168
14:01:08.323   3124,520      26655,7647
14:01:08.905   3125,102      26663,0470
14:01:09.424   3125,621      26665,0182
14:01:09.958   3126,155      26631,4732
14:01:10.501   3126,698      26686,1775
14:01:11.037   3127,234      26654,3680
14:01:11.573   3127,770      26701,2819
14:01:12.075   3128,272      26663,5311
14:01:12.619   3128,816      26730,0685
14:01:13.174   3129,371      26631,0420
14:01:13.699   3129,896      26676,9811
14:01:14.199   3130,396      26681,3758
14:01:14.743   3130,940      26712,6078
14:01:15.275   3131,472      26659,4755
14:01:15.862   3132,059      26695,2328
14:01:16.375   3132,572      26727,8795
14:01:16.930   3133,127      26679,1940
14:01:17.437   3133,634      26730,4704
14:01:18.014   3134,211      26690,6227
14:01:18.615   3134,812      26696,1320
14:01:19.171   3135,368      26738,9186
14:01:19.703   3135,900      26685,9250
14:01:20.248   3136,445      26751,0635
14:01:20.798   3136,995      26716,5793
14:01:21.366   3137,563      26733,2955
14:01:21.879   3138,076      26714,4007
14:01:22.393   3138,590      26745,1858
14:01:22.955   3139,152      26724,7979
14:01:23.524   3139,721      26765,1369
14:01:24.118   3140,315      26712,4167
14:01:24.685   3140,882      26740,2391
14:01:25.275   3141,472      26743,9585
14:01:25.864   3142,061      26735,0296
14:01:26.396   3142,593      26710,4623
14:01:26.952   3143,149      26789,8043
14:01:27.534   3143,731      26750,2315
14:01:28.046   3144,243      26716,1881
14:01:28.627   3144,824      26745,3419
14:01:29.156   3145,353      26753,7460
14:01:29.743   3145,940      26749,1207
14:01:30.305   3146,502      26730,1933
14:01:30.847   3147,044      26721,9079
14:01:31.403   3147,600      26723,5849
14:01:31.994   3148,191      26681,5459
14:01:32.541   3148,738      26703,3750
14:01:33.112   3149,309      26656,0756
14:01:33.618   3149,815      26667,3936
14:01:34.190   3150,387      26596,7695
14:01:34.722   3150,919      26523,4684
14:01:35.277   3151,474      26416,5030
14:01:35.831   3152,028      26264,2850
14:01:36.409   3152,606      26097,4290
14:01:36.967   3153,164      25923,6471
14:01:37.535   3153,732      25685,9248
14:01:38.086   3154,283      25414,0386
14:01:38.590   3154,787      25129,8975
14:01:39.169   3155,366      24842,7817
14:01:39.717   3155,914      24463,4312
14:01:40.228   3156,425      23999,6568
14:01:40.804   3157,001      23512,2879
14:01:41.404   3157,601      23031,3635
14:01:41.950   3158,147      22401,1002
14:01:42.521   3158,718      21735,0972
14:01:43.088   3159,285      21117,0255
14:01:43.652   3159,849      20370,4405
14:01:44.201   3160,398      19743,5219
14:01:44.753   3160,950      19105,1685
14:01:45.300   3161,497      18549,3277
14:01:45.864   3162,061      18026,0122
14:01:46.415   3162,612      17467,8610
14:01:46.979   3163,176      16928,6449
14:01:47.546   3163,743      16407,7620
14:01:48.105   3164,302      15857,6203
14:01:48.656   3164,853      15316,5453
14:01:49.200   3165,397      14867,3862
14:01:49.717   3165,914      14392,0617
14:01:50.283   3166,480      13861,5968
14:01:50.848   3167,045      13402,2438
14:01:51.400   3167,597      12899,2071
14:01:51.969   3168,166      12397,2570
14:01:52.520   3168,717      11920,4833
14:01:53.082   3169,279      11449,2510
14:01:53.606   3169,803      11003,0212
14:01:54.177   3170,374      10561,8431
14:01:54.708   3170,905      10135,4984
14:01:55.245   3171,442       9754,4215
14:01:55.770   3171,967       9371,0960
14:01:56.342   3172,539       8967,4429
14:01:56.908   3173,105       8570,9575
14:01:57.486   3173,683       8201,7975
14:01:58.060   3174,257       7829,5906
14:01:58.596   3174,793       7512,4892
14:01:59.164   3175,361       7169,6134
14:01:59.731   3175,928       6860,7150
14:02:00.284   3176,481       6556,4128
14:02:00.845   3177,042       6260,5418
14:02:01.412   3177,609       6019,6325
14:02:01.967   3178,164       5772,7414
14:02:02.543   3178,740       5488,2301
14:02:03.062   3179,259       5269,3557
14:02:03.562   3179,759       5067,4300
14:02:04.099   3180,296       4853,4871
14:02:04.660   3180,857       4662,3537
14:02:05.234   3181,431       4492,8234
14:02:05.792   3181,989       4312,4343
14:02:06.337   3182,534       4104,3411
14:02:06.904   3183,101       3978,1521
14:02:07.489   3183,686       3810,1122
14:02:08.033   3184,230       3675,7148
14:02:08.589   3184,786       3511,3802
14:02:09.155   3185,352       3375,4261
14:02:09.745   3185,942       3268,6899
14:02:10.248   3186,445       3170,5654
14:02:10.779   3186,976       3055,3697
14:02:11.396   3187,593       3024,9891
14:02:11.977   3188,174       2983,5705
14:02:12.532   3188,729       3007,8511
14:02:13.074   3189,271       3062,8063
14:02:13.599   3189,796       3138,7210
14:02:14.198   3190,395       3224,3641
14:02:14.731   3190,928       3333,5924
14:02:15.298   3191,495       3423,2880
14:02:15.873   3192,070       3540,2185
14:02:16.433   3192,630       3662,4125
14:02:16.967   3193,164       3795,5628
14:02:17.481   3193,678       3909,3276
14:02:18.053   3194,250       4052,1568
14:02:18.628   3194,825       4208,3349
14:02:19.195   3195,392       4392,1006
14:02:19.737   3195,934       4549,9371
14:02:20.295   3196,492       4718,0051
14:02:20.895   3197,092       4943,7413
14:02:21.471   3197,668       5147,6146
14:02:22.024   3198,221       5396,4169
14:02:22.578   3198,775       5603,7634
14:02:23.120   3199,317       5833,1771
14:02:23.682   3199,879       6089,1692
14:02:24.227   3200,424       6393,7495
14:02:24.798   3200,995       6703,9054
14:02:25.334   3201,531       6924,9289
14:02:25.892   3202,089       7276,3541
14:02:26.458   3202,655       7634,7769
14:02:27.041   3203,238       7982,2477
14:02:27.626   3203,823       8334,7232
14:02:28.228   3204,425       8770,8892
14:02:28.775   3204,972       9134,6972
14:02:29.376   3205,573       9562,2872
14:02:29.945   3206,142      10028,5760
14:02:30.454   3206,651      10391,1942
14:02:30.997   3207,194      10848,9301
14:02:31.507   3207,704      11244,7469
14:02:32.074   3208,271      11777,4463
14:02:32.617   3208,814      12236,2996
14:02:33.172   3209,369      12744,8105
14:02:33.737   3209,934      13216,8720
14:02:34.320   3210,517      13737,2029
14:02:34.900   3211,097      14288,0915
14:02:35.404   3211,601      14694,3641
14:02:35.909   3212,106      15202,7621
14:02:36.477   3212,674      15729,1646
14:02:37.046   3213,243      16264,2696
14:02:37.637   3213,834      16805,2852
14:02:38.148   3214,345      17304,8379
14:02:38.734   3214,931      17862,8863
14:02:39.271   3215,468      18365,9668
14:02:39.845   3216,042      18905,6301
14:02:40.363   3216,560      19407,9278
14:02:40.925   3217,122      19907,7534
14:02:41.496   3217,693      20398,1638
14:02:41.996   3218,193      20776,7521
14:02:42.581   3218,778      21271,3538
14:02:43.124   3219,321      21623,3531
14:02:43.659   3219,856      22007,0713
14:02:44.213   3220,410      22411,3871
14:02:44.749   3220,946      22761,8826
14:02:45.293   3221,490      23041,9666
14:02:45.859   3222,056      23309,1976
14:02:46.418   3222,615      23588,9372
14:02:46.975   3223,172      23869,4154
14:02:47.580   3223,777      24061,8075
14:02:48.146   3224,343      24303,1370
14:02:48.702   3224,899      24414,5247
14:02:49.234   3225,431      24643,8736
14:02:49.735   3225,932      24768,4460
14:02:50.286   3226,483      24846,4169
14:02:50.832   3227,029      24964,6413
14:02:51.349   3227,546      25079,4597
14:02:51.930   3228,127      25175,2591
14:02:52.473   3228,670      25323,1909
14:02:53.047   3229,244      25318,8835
14:02:53.612   3229,809      25394,6591
14:02:54.163   3230,360      25417,9432
14:02:54.711   3230,908      25561,2349
14:02:55.292   3231,489      25605,8441
14:02:55.866   3232,063      25631,9279
14:02:56.433   3232,630      25663,7848
14:02:57.040   3233,237      25680,4261
14:02:57.618   3233,815      25769,6740
14:02:58.190   3234,387      25763,9970
14:02:58.742   3234,939      25852,8363
14:02:59.338   3235,535      25859,4246
14:02:59.919   3236,116      25873,0755
14:03:00.443   3236,640      25929,6217
14:03:00.997   3237,194      25896,0106
14:03:01.574   3237,771      26004,1408
14:03:02.110   3238,307      26009,9568
14:03:02.667   3238,864      26038,2503
14:03:03.217   3239,414      26037,9241
14:03:03.784   3239,981      26041,8297
14:03:04.389   3240,586      26060,6137
14:03:04.973   3241,170      26087,8483
14:03:05.560   3241,757      26058,6500
14:03:06.125   3242,322      26094,8090
14:03:06.665   3242,862      26092,7313
14:03:07.220   3243,417      26179,9421
14:03:07.722   3243,919      26138,8383
14:03:08.260   3244,457      26116,4697
14:03:08.841   3245,038      26174,3617
14:03:09.342   3245,539      26172,0145
14:03:09.909   3246,106      26222,5026
14:03:10.441   3246,638      26264,9866
14:03:10.948   3247,145      26205,6491
14:03:11.526   3247,723      26306,5752
14:03:12.089   3248,286      26246,6149
14:03:12.641   3248,838      26283,3742
14:03:13.192   3249,389      26297,7910
14:03:13.725   3249,922      26334,7787
14:03:14.276   3250,473      26338,7972
14:03:14.835   3251,032      26341,8757
14:03:15.349   3251,546      26361,4304
14:03:15.849   3252,046      26380,8435
14:03:16.424   3252,621      26405,8949
14:03:16.964   3253,161      26359,3923
14:03:17.540   3253,737      26372,0382
14:03:18.087   3254,284      26341,6654
14:03:18.662   3254,859      26397,2070
14:03:19.232   3255,429      26365,1901
14:03:19.809   3256,006      26412,2787
14:03:20.311   3256,508      26409,5396
14:03:20.858   3257,055      26383,1665
14:03:21.444   3257,641      26405,5459
14:03:22.013   3258,210      26415,3118
14:03:22.551   3258,748      26473,7796
14:03:23.117   3259,314      26452,3511
14:03:23.625   3259,822      26487,3564
14:03:24.155   3260,352      26490,9640
14:03:24.668   3260,865      26431,5706
14:03:25.225   3261,422      26447,9419
14:03:25.765   3261,962      26519,9769
14:03:26.345   3262,542      26468,8999
14:03:26.896   3263,093      26481,0804
14:03:27.409   3263,606      26505,9851
14:03:27.952   3264,149      26526,0120
14:03:28.535   3264,732      26500,6388
14:03:29.076   3265,273      26491,1579
14:03:29.654   3265,851      26531,0526
14:03:30.157   3266,354      26538,1418
14:03:30.732   3266,929      26517,1260
14:03:31.345   3267,542      26527,4038
14:03:31.919   3268,116      26543,5832
14:03:32.465   3268,662      26539,7411
14:03:33.041   3269,238      26559,6281
14:03:33.544   3269,741      26560,9598
14:03:34.109   3270,306      26590,0107
14:03:34.692   3270,889      26567,5660
14:03:35.287   3271,484      26617,9299
14:03:35.831   3272,028      26576,8412
14:03:36.379   3272,576      26564,8756
14:03:36.925   3273,122      26634,0683
14:03:37.486   3273,683      26645,9228
14:03:38.011   3274,208      26621,7492
14:03:38.575   3274,772      26630,5220
14:03:39.151   3275,348      26658,9942
14:03:39.654   3275,851      26617,6403
14:03:40.227   3276,424      26622,2269
14:03:40.770   3276,967      26645,3714
14:03:41.290   3277,487      26606,1154
14:03:41.821   3278,018      26599,8082
14:03:42.412   3278,609      26575,2074
14:03:42.995   3279,192      26664,3763
14:03:43.598   3279,795      26674,2144
14:03:44.158   3280,355      26672,0270
14:03:44.706   3280,903      26653,2077
14:03:45.249   3281,446      26682,3014
14:03:45.763   3281,960      26677,0260
14:03:46.272   3282,469      26672,7442
14:03:46.859   3283,056      26665,0370
14:03:47.359   3283,556      26655,5984
14:03:47.909   3284,106      26641,2461
14:03:48.479   3284,676      26644,5030
14:03:49.080   3285,277      26657,4671
14:03:49.654   3285,851      26654,3732
14:03:50.232   3286,429      26662,1097
14:03:50.775   3286,972      26644,9992
14:03:51.351   3287,548      26646,7224
14:03:51.904   3288,101      26640,4472
14:03:52.468   3288,665      26688,3954
14:03:53.019   3289,216      26655,8779
14:03:53.551   3289,748      26733,4065
14:03:54.083   3290,280      26640,8834
14:03:54.663   3290,860      26695,7871
14:03:55.218   3291,415      26659,5448
14:03:55.801   3291,998      26696,2167
14:03:56.382   3292,579      26685,5935
14:03:56.935   3293,132      26649,3242
14:03:57.449   3293,646      26686,1206
14:03:58.024   3294,221      26686,8708
14:03:58.603   3294,800      26675,5816
14:03:59.106   3295,303      26659,1682
14:03:59.626   3295,823      26656,9531
14:04:00.176   3296,373      26692,9821
14:04:00.718   3296,915      26710,1876
14:04:01.291   3297,488      26685,4158
14:04:01.873   3298,070      26675,2942
14:04:02.436   3298,633      26651,2202
14:04:03.006   3299,203      26651,6816
14:04:03.598   3299,795      26605,3447
14:04:04.166   3300,363      26532,3867
14:04:04.751   3300,948      26480,5701
14:04:05.322   3301,519      26390,5645
14:04:05.889   3302,086      26284,0468
14:04:06.449   3302,646      26148,5155
14:04:06.988   3303,185      25934,9605
14:04:07.504   3303,701      25792,1637
14:04:08.062   3304,259      25494,7128
14:04:08.594   3304,791      25255,8323
14:04:09.157   3305,354      24905,1199
14:04:09.752   3305,949      24594,8532
14:04:10.304   3306,501      24120,9522
14:04:10.877   3307,074      23644,6765
14:04:11.418   3307,615      23181,8237
14:04:11.978   3308,175      22585,1693
14:04:12.536   3308,733      22021,2273
14:04:13.078   3309,275      21375,0369
14:04:13.616   3309,813      20719,2325
14:04:14.159   3310,356      20010,9777
14:04:14.759   3310,956      19387,7592
14:04:15.370   3311,567      18723,2840
14:04:16.008   3312,205      18111,6577
14:04:16.583   3312,780      17596,7588
14:04:17.143   3313,340      17050,4117
14:04:17.717   3313,914      16458,0265
14:04:18.299   3314,496      15943,6692
14:04:18.872   3315,069      15407,4075
14:04:19.440   3315,637      14933,8157
14:04:20.013   3316,210      14393,0164
14:04:20.565   3316,762      13899,0860
14:04:21.134   3317,331      13363,2059
14:04:21.651   3317,848      12915,9031
14:04:22.240   3318,437      12438,0327
14:04:22.805   3319,002      11982,9612
14:04:23.397   3319,594      11493,6771
14:04:23.957   3320,154      11016,3091
14:04:24.523   3320,720      10560,7241
14:04:25.056   3321,253      10116,4713
14:04:25.618   3321,815       9716,3516
14:04:26.192   3322,389       9266,3913
14:04:26.760   3322,957       8905,9857
14:04:27.372   3323,569       8524,6728
14:04:27.937   3324,134       8100,5857
14:04:28.504   3324,701       7755,9328
14:04:29.068   3325,265       7433,9969
14:04:29.569   3325,766       7122,6266
14:04:30.117   3326,314       6810,4889
14:04:30.689   3326,886       6528,5327
14:04:31.262   3327,459       6225,3877
14:04:31.780   3327,977       5983,9476
14:04:32.292   3328,489       5778,3167
14:04:32.849   3329,046       5502,4252
14:04:33.392   3329,589       5290,5257
14:04:33.959   3330,156       5080,8732
14:04:34.533   3330,730       4834,8587
14:04:35.107   3331,304       4661,6440
14:04:35.681   3331,878       4443,8202
14:04:36.242   3332,439       4266,6313
14:04:36.819   3333,016       4074,3492
14:04:37.412   3333,609       3941,3239
14:04:37.979   3334,176       3763,7533
14:04:38.514   3334,711       3653,8253
14:04:39.089   3335,286       3485,5175
14:04:39.661   3335,858       3366,8534
14:04:40.221   3336,418       3264,7510
14:04:40.751   3336,948       3166,0825
14:04:41.327   3337,524       3035,2376
14:04:41.895   3338,092       2984,3531
14:04:42.451   3338,648       2992,1660
14:04:42.995   3339,192       3051,4425
14:04:43.561   3339,758       3113,0402
14:04:44.070   3340,267       3164,2524
14:04:44.611   3340,808       3254,3616
14:04:45.185   3341,382       3343,7676
14:04:45.696   3341,893       3433,8129
14:04:46.234   3342,431       3522,4571
14:04:46.801   3342,998       3683,6188
14:04:47.364   3343,561       3782,4968
14:04:47.919   3344,116       3933,2052
14:04:48.485   3344,682       4066,5558
14:04:49.047   3345,244       4233,6613
14:04:49.636   3345,833       4400,0419
14:04:50.180   3346,377       4582,6684
14:04:50.718   3346,915       4764,8362
14:04:51.283   3347,480       4965,9225
14:04:51.822   3348,019       5169,3654
14:04:52.388   3348,585       5349,3728
14:04:52.938   3349,135       5620,9348
14:04:53.496   3349,693       5842,3360
14:04:54.035   3350,232       6084,3972
14:04:54.594   3350,791       6397,6097
14:04:55.142   3351,339       6637,3920
14:04:55.721   3351,918       6955,9343
14:04:56.241   3352,438       7229,2918
14:04:56.784   3352,981       7571,9895
14:04:57.392   3353,589       7939,5336
14:04:57.901   3354,098       8252,0782
14:04:58.477   3354,674       8644,7639
14:04:59.017   3355,214       9029,5641
14:04:59.521   3355,718       9418,9782
14:05:00.071   3356,268       9825,3660
14:05:00.637   3356,834      10247,3620
14:05:01.177   3357,374      10668,3216
14:05:01.686   3357,883      11118,1054
14:05:02.249   3358,446      11577,6579
14:05:02.808   3359,005      12057,6294
14:05:03.373   3359,570      12500,4025
14:05:03.977   3360,174      13106,3155
14:05:04.526   3360,723      13551,9290
14:05:05.091   3361,288      14108,9704
14:05:05.673   3361,870      14581,1725
14:05:06.242   3362,439      15164,4244
14:05:06.815   3363,012      15607,5458
14:05:07.323   3363,520      16074,2143
14:05:07.830   3364,027      16642,2529
14:05:08.399   3364,596      17139,7131
14:05:08.912   3365,109      17575,6572
14:05:09.495   3365,692      18181,9271
14:05:10.036   3366,233      18720,0403
14:05:10.595   3366,792      19219,8586
14:05:11.138   3367,335      19698,5841
14:05:11.698   3367,895      20162,7092
14:05:12.281   3368,478      20695,4964
14:05:12.862   3369,059      21131,6454
14:05:13.377   3369,574      21478,9887
14:05:13.889   3370,086      21935,5903
14:05:14.429   3370,626      22256,3118
14:05:14.991   3371,188      22648,8890
14:05:15.585   3371,782      22919,3954
14:05:16.143   3372,340      23276,9901
14:05:16.685   3372,882      23539,7994
14:05:17.221   3373,418      23799,3408
14:05:17.801   3373,998      24031,7837
14:05:18.341   3374,538      24226,5005
14:05:18.895   3375,092      24392,5184
14:05:19.451   3375,648      24548,5147
14:05:20.024   3376,221      24741,7898
14:05:20.586   3376,783      24877,5652
14:05:21.148   3377,345      24990,3533
14:05:21.722   3377,919      25089,5135
14:05:22.285   3378,482      25180,3056
14:05:22.835   3379,032      25234,3612
14:05:23.349   3379,546      25363,9440
14:05:23.901   3380,098      25398,8579
14:05:24.456   3380,653      25476,4950
14:05:25.000   3381,197      25501,7187
14:05:25.566   3381,763      25617,7784
14:05:26.113   3382,310      25627,1837
14:05:26.647   3382,844      25651,3626
14:05:27.214   3383,411      25757,2897
14:05:27.721   3383,918      25728,3038
14:05:28.287   3384,484      25793,9404
14:05:28.854   3385,051      25822,6350
14:05:29.458   3385,655      25849,6302
14:05:30.029   3386,226      25889,6179
14:05:30.582   3386,779      25863,7224
14:05:31.147   3387,344      25930,1018
14:05:31.711   3387,908      25944,0015
14:05:32.279   3388,476      25990,8365
14:05:32.852   3389,049      26029,4732
14:05:33.417   3389,614      26012,6441
14:05:33.998   3390,195      26042,5600
14:05:34.542   3390,739      26056,6299
14:05:35.102   3391,299      26119,5234
14:05:35.670   3391,867      26082,6954
14:05:36.242   3392,439      26109,4795
14:05:36.779   3392,976      26126,5490
14:05:37.370   3393,567      26130,6275
14:05:37.925   3394,122      26145,2583
14:05:38.463   3394,660      26169,2174
14:05:39.036   3395,233      26171,9384
14:05:39.612   3395,809      26175,8273
14:05:40.116   3396,313      26202,6990
14:05:40.668   3396,865      26216,8119
14:05:41.223   3397,420      26236,9562
14:05:41.735   3397,932      26219,7342
14:05:42.294   3398,491      26212,4307
14:05:42.855   3399,052      26258,5353
14:05:43.450   3399,647      26264,2710
14:05:44.020   3400,217      26279,2094
14:05:44.591   3400,788      26352,9816
14:05:45.127   3401,324      26311,1525
14:05:45.646   3401,843      26317,8731
14:05:46.273   3402,470      26335,6095
14:05:46.831   3403,028      26330,5338
14:05:47.391   3403,588      26401,1102
14:05:47.905   3404,102      26378,4450
14:05:48.460   3404,657      26357,1029
14:05:49.021   3405,218      26400,5142
14:05:49.600   3405,797      26379,0449
14:05:50.134   3406,331      26366,6466
14:05:50.706   3406,903      26428,2368
14:05:51.211   3407,408      26397,8570
14:05:51.766   3407,963      26409,1285
14:05:52.312   3408,509      26414,1979
14:05:52.826   3409,023      26447,0383
14:05:53.349   3409,546      26448,4218
14:05:53.923   3410,120      26501,4575
14:05:54.458   3410,655      26443,9801
14:05:55.027   3411,224      26455,2105
14:05:55.604   3411,801      26477,4591
14:05:56.156   3412,353      26450,2013
14:05:56.742   3412,939      26522,0302
14:05:57.284   3413,481      26476,8449
14:05:57.821   3414,018      26509,6106
14:05:58.327   3414,524      26461,4840
14:05:58.875   3415,072      26483,9863
14:05:59.377   3415,574      26489,5828
14:05:59.950   3416,147      26515,0203
14:06:00.513   3416,710      26536,2251
14:06:01.068   3417,265      26534,2551
14:06:01.595   3417,792      26523,0371
14:06:02.103   3418,300      26536,6453
14:06:02.660   3418,857      26510,5008
14:06:03.235   3419,432      26500,1333
14:06:03.752   3419,949      26546,2123
14:06:04.309   3420,506      26537,9002
14:06:04.861   3421,058      26592,4899
14:06:05.448   3421,645      26566,1467
14:06:05.989   3422,186      26546,8525
14:06:06.579   3422,776      26540,5465
14:06:07.113   3423,310      26588,4396
14:06:07.675   3423,872      26593,9335
14:06:08.238   3424,435      26550,1703
14:06:08.764   3424,961      26575,5274
14:06:09.269   3425,466      26588,8214
14:06:09.806   3426,003      26571,7330
14:06:10.358   3426,555      26563,8619
14:06:10.906   3427,103      26556,7694
14:06:11.459   3427,656      26610,1055
14:06:12.023   3428,220      26563,2917
14:06:12.573   3428,770      26548,6429
14:06:13.141   3429,338      26603,9682
14:06:13.685   3429,882      26584,5287
14:06:14.241   3430,438      26614,6895
14:06:14.804   3431,001      26555,4021
14:06:15.357   3431,554      26585,2194
14:06:15.905   3432,102      26583,7656
14:06:16.455   3432,652      26590,3418
14:06:16.994   3433,191      26618,6781
14:06:17.559   3433,756      26612,5518
14:06:18.123   3434,320      26574,8698
14:06:18.676   3434,873      26613,0483
14:06:19.256   3435,453      26615,9323
14:06:19.837   3436,034      26647,6897
14:06:20.370   3436,567      26619,4323
14:06:20.920   3437,117      26612,2854
14:06:21.501   3437,698      26554,7683
14:06:22.020   3438,217      26586,7668
14:06:22.559   3438,756      26623,6070
14:06:23.130   3439,327      26603,5916
14:06:23.714   3439,911      26626,2685
14:06:24.233   3440,430      26644,7545
14:06:24.768   3440,965      26567,1581
14:06:25.348   3441,545      26588,4636
14:06:25.940   3442,137      26628,4798
14:06:26.522   3442,719      26610,1928
14:06:27.085   3443,282      26636,9394
14:06:27.586   3443,783      26608,1664
14:06:28.143   3444,340      26616,1179
14:06:28.688   3444,885      26643,1415
14:06:29.225   3445,422      26629,7875
14:06:29.738   3445,935      26666,0148
14:06:30.315   3446,512      26594,8178
14:06:30.854   3447,051      26682,5063
14:06:31.437   3447,634      26587,3022
14:06:32.018   3448,215      26613,0947
14:06:32.567   3448,764      26615,9017
14:06:33.116   3449,313      26581,1411
14:06:33.618   3449,815      26533,3328
14:06:34.176   3450,373      26520,7241
14:06:34.749   3450,946      26444,5793
14:06:35.365   3451,562      26377,8961
14:06:35.912   3452,109      26240,1108
14:06:36.466   3452,663      26132,7417
14:06:37.022   3453,219      25987,3179
14:06:37.608   3453,805      25801,1934
14:06:38.143   3454,340      25556,8537
14:06:38.715   3454,912      25267,0824
14:06:39.274   3455,471      25010,5344
14:06:39.829   3456,026      24591,1239
14:06:40.417   3456,614      24217,1677
14:06:40.984   3457,181      23753,1788
14:06:41.548   3457,745      23237,3531
14:06:42.088   3458,285      22765,7464
14:06:42.691   3458,888      22204,8787
14:06:43.289   3459,486      21416,6175
14:06:43.843   3460,040      20772,3070
14:06:44.382   3460,579      20108,0784
14:06:44.931   3461,128      19518,7820
14:06:45.480   3461,677      18900,4695
14:06:46.029   3462,226      18389,6972
14:06:46.570   3462,767      17816,7428
14:06:47.110   3463,307      17351,8141
14:06:47.620   3463,817      16843,7794
14:06:48.162   3464,359      16339,1605
14:06:48.726   3464,923      15849,5132
14:06:49.273   3465,470      15338,4813
14:06:49.824   3466,021      14804,8410
14:06:50.360   3466,557      14322,2965
14:06:50.921   3467,118      13841,8072
14:06:51.489   3467,686      13347,4687
14:06:52.092   3468,289      12845,9966
14:06:52.625   3468,822      12405,3692
14:06:53.200   3469,397      11909,7970
14:06:53.768   3469,965      11401,1050
14:06:54.320   3470,517      10961,4525
14:06:54.905   3471,102      10523,0194
14:06:55.432   3471,629      10137,9575
14:06:56.017   3472,214       9679,5099
14:06:56.585   3472,782       9261,2075
14:06:57.150   3473,347       8850,8298
14:06:57.678   3473,875       8505,0049
14:06:58.258   3474,455       8104,4476
14:06:58.797   3474,994       7768,5833
14:06:59.382   3475,579       7484,2373
14:06:59.930   3476,127       7144,6383
14:07:00.547   3476,744       6784,3251
14:07:01.113   3477,310       6512,7617
14:07:01.618   3477,815       6244,5390
14:07:02.193   3478,390       5935,6759
14:07:02.697   3478,894       5734,0644
14:07:03.282   3479,479       5498,1772
14:07:03.804   3480,001       5279,0695
14:07:04.377   3480,574       5036,7947
14:07:04.924   3481,121       4813,2647
14:07:05.486   3481,683       4623,7045
14:07:05.999   3482,196       4452,8049
14:07:06.546   3482,743       4301,6187
14:07:07.101   3483,298       4141,3805
14:07:07.662   3483,859       3961,8400
14:07:08.247   3484,444       3792,2250
14:07:08.791   3484,988       3676,0491
14:07:09.368   3485,565       3539,6005
14:07:09.915   3486,112       3409,8884
14:07:10.499   3486,696       3272,6763
14:07:11.048   3487,245       3164,4425
14:07:11.609   3487,806       3074,2044
14:07:12.149   3488,346       3023,4465
14:07:12.692   3488,889       2988,7528
14:07:13.288   3489,485       3016,0444
14:07:13.807   3490,004       3065,8129
14:07:14.369   3490,566       3155,5435
14:07:14.921   3491,118       3226,0591
14:07:15.425   3491,622       3311,8868
14:07:16.019   3492,216       3432,7161
14:07:16.558   3492,755       3523,9484
14:07:17.134   3493,331       3664,7982
14:07:17.707   3493,904       3814,4565
14:07:18.241   3494,438       3932,4491
14:07:18.814   3495,011       4086,7598
14:07:19.391   3495,588       4216,0826
14:07:19.940   3496,137       4402,4316
14:07:20.475   3496,672       4563,2892
14:07:21.011   3497,208       4751,4139
14:07:21.540   3497,737       4927,8606
14:07:22.088   3498,285       5110,7324
14:07:22.631   3498,828       5333,3778
14:07:23.192   3499,389       5556,3050
14:07:23.730   3499,927       5778,2303
14:07:24.273   3500,470       6030,8565
14:07:24.821   3501,018       6282,9042
14:07:25.382   3501,579       6568,8713
14:07:25.952   3502,149       6875,8690
14:07:26.520   3502,717       7182,5378
14:07:27.070   3503,267       7516,2463
14:07:27.598   3503,795       7818,2187
14:07:28.140   3504,337       8157,5302
14:07:28.720   3504,917       8536,7926
14:07:29.295   3505,492       8926,7448
14:07:29.869   3506,066       9363,2841
14:07:30.419   3506,616       9764,7540
14:07:30.994   3507,191      10218,8019
14:07:31.521   3507,718      10624,7119
14:07:32.104   3508,301      11095,7796
14:07:32.676   3508,873      11573,5792
14:07:33.274   3509,471      12078,0248
14:07:33.856   3510,053      12578,6786
14:07:34.427   3510,624      13073,1219
14:07:34.971   3511,168      13546,0626
14:07:35.473   3511,670      13999,3052
14:07:36.012   3512,209      14496,8795
14:07:36.548   3512,745      14964,7547
14:07:37.092   3513,289      15470,8807
14:07:37.598   3513,795      15922,0881
14:07:38.165   3514,362      16530,9852
14:07:38.708   3514,905      17006,3148
14:07:39.256   3515,453      17531,2418
14:07:39.771   3515,968      18029,0842
14:07:40.313   3516,510      18515,2899
14:07:40.847   3517,044      19029,3580
14:07:41.405   3517,602      19512,5632
14:07:41.950   3518,147      19995,2576
14:07:42.512   3518,709      20482,9869
14:07:43.096   3519,293      20953,9468
14:07:43.657   3519,854      21400,2264
14:07:44.161   3520,358      21760,3272
14:07:44.736   3520,933      22171,0371
14:07:45.276   3521,473      22524,8877
14:07:45.860   3522,057      22848,2926
14:07:46.413   3522,610      23161,4198
14:07:46.963   3523,160      23405,4690
14:07:47.543   3523,740      23679,7531
14:07:48.152   3524,349      23944,0658
14:07:48.652   3524,849      24110,4010
14:07:49.203   3525,400      24319,2286
14:07:49.712   3525,909      24460,1135
14:07:50.255   3526,452      24624,4056
14:07:50.834   3527,031      24707,6392
14:07:51.400   3527,597      24878,5423
14:07:51.939   3528,136      24965,0058
14:07:52.495   3528,692      25062,7660
14:07:53.055   3529,252      25187,6238
14:07:53.618   3529,815      25248,6551
14:07:54.175   3530,372      25312,0558
14:07:54.733   3530,930      25368,6912
14:07:55.264   3531,461      25421,3301
14:07:55.800   3531,997      25484,5378
14:07:56.366   3532,563      25501,7746
14:07:56.911   3533,108      25552,7963
14:07:57.480   3533,677      25564,4399
14:07:58.049   3534,246      25662,0924
14:07:58.599   3534,796      25673,9464
14:07:59.162   3535,359      25686,7110
14:07:59.673   3535,870      25717,9396
14:08:00.267   3536,464      25765,3598
14:08:00.817   3537,014      25822,4004
14:08:01.405   3537,602      25785,8168
14:08:01.960   3538,157      25863,9714
14:08:02.519   3538,716      25876,0227
14:08:03.087   3539,284      25932,0109
14:08:03.601   3539,798      25917,8308
14:08:04.107   3540,304      25962,5991
14:08:04.658   3540,855      25936,4851
14:08:05.198   3541,395      25956,8330
14:08:05.765   3541,962      25986,9604
14:08:06.326   3542,523      25985,9198
14:08:06.874   3543,071      25978,9133
14:08:07.459   3543,656      26004,0547
14:08:07.993   3544,190      26041,6207
14:08:08.541   3544,738      26046,4950
14:08:09.071   3545,268      26068,3749
14:08:09.655   3545,852      26136,4838
14:08:10.184   3546,381      26129,9938
14:08:10.771   3546,968      26149,1465
14:08:11.291   3547,488      26186,0849
14:08:11.864   3548,061      26182,2536
14:08:12.447   3548,644      26189,0985
14:08:12.948   3549,145      26188,1537
14:08:13.461   3549,658      26218,0819
14:08:14.003   3550,200      26215,3789
14:08:14.557   3550,754      26237,8869
14:08:15.095   3551,292      26183,5795
14:08:15.614   3551,811      26292,0836
14:08:16.197   3552,394      26263,8402
14:08:16.756   3552,953      26269,9028
14:08:17.387   3553,584      26284,8538
14:08:17.968   3554,165      26335,3807
14:08:18.506   3554,703      26308,4755
14:08:19.079   3555,276      26344,3069
14:08:19.667   3555,864      26329,4028
14:08:20.238   3556,435      26403,1530
14:08:20.776   3556,973      26364,2110
14:08:21.348   3557,545      26406,3770
14:08:21.910   3558,107      26390,5527
14:08:22.460   3558,657      26391,4148
14:08:22.978   3559,175      26354,8069
14:08:23.496   3559,693      26436,3896
14:08:24.032   3560,229      26417,8678
14:08:24.579   3560,776      26415,6873
14:08:25.126   3561,323      26429,9061
14:08:25.739   3561,936      26396,4432
14:08:26.273   3562,470      26461,6616
14:08:26.850   3563,047      26483,1239
14:08:27.386   3563,583      26482,9599
14:08:27.973   3564,170      26461,9050
14:08:28.553   3564,750      26525,2446
14:08:29.099   3565,296      26486,6513
14:08:29.609   3565,806      26493,3387
14:08:30.159   3566,356      26534,2582
14:08:30.703   3566,900      26475,1160
14:08:31.257   3567,454      26547,3462
14:08:31.800   3567,997      26513,5239
14:08:32.352   3568,549      26580,5931
14:08:32.894   3569,091      26575,0429
14:08:33.496   3569,693      26568,3940
14:08:34.026   3570,223      26561,8016
14:08:34.600   3570,797      26560,5159
14:08:35.165   3571,362      26539,0171
14:08:35.731   3571,928      26600,9177
14:08:36.317   3572,514      26573,9689
14:08:36.875   3573,072      26530,7939
14:08:37.448   3573,645      26555,9745
14:08:37.984   3574,181      26590,2939
14:08:38.551   3574,748      26570,1435
14:08:39.113   3575,310      26603,0238
14:08:39.674   3575,871      26550,5519
14:08:40.175   3576,372      26629,5611
14:08:40.748   3576,945      26608,8903
14:08:41.352   3577,549      26597,8660
14:08:41.893   3578,090      26569,8142
14:08:42.480   3578,677      26585,1241
14:08:43.014   3579,211      26588,4418
14:08:43.532   3579,729      26598,1744
14:08:44.080   3580,277      26605,7961
14:08:44.631   3580,828      26593,0568
14:08:45.182   3581,379      26638,5854
14:08:45.752   3581,949      26588,5089
14:08:46.322   3582,519      26639,5256
14:08:46.920   3583,117      26608,8937
14:08:47.494   3583,691      26646,8104
14:08:48.133   3584,330      26630,1981
14:08:48.672   3584,869      26653,3863
14:08:49.244   3585,441      26642,8274
14:08:49.841   3586,038      26638,5853
14:08:50.411   3586,608      26628,5041
14:08:50.971   3587,168      26630,8116
14:08:51.516   3587,713      26679,8275
14:08:52.077   3588,274      26657,6888
14:08:52.670   3588,867      26628,5388
14:08:53.192   3589,389      26667,4653
14:08:53.728   3589,925      26659,4245
14:08:54.298   3590,495      26688,8527
14:08:54.857   3591,054      26644,8089
14:08:55.440   3591,637      26699,9957
14:08:55.992   3592,189      26638,2501
14:08:56.532   3592,729      26639,6211
14:08:57.093   3593,290      26709,9413
14:08:57.658   3593,855      26665,0371
14:08:58.240   3594,437      26677,1345
14:08:58.788   3594,985      26656,0353
14:08:59.410   3595,607      26643,4817
14:08:59.980   3596,177      26635,9049
14:09:00.511   3596,708      26673,9959
14:09:01.068   3597,265      26646,8305
14:09:01.657   3597,854      26671,3584
14:09:02.212   3598,409      26622,6199
14:09:02.772   3598,969      26583,7452
14:09:03.332   3599,529      26570,4246
14:09:03.839   3600,036      26564,0574
14:09:04.388   3600,585      26524,3898
14:09:04.935   3601,132      26489,5714
14:09:05.481   3601,678      26380,5362
14:09:06.033   3602,230      26291,1092
14:09:06.580   3602,777      26184,9678
14:09:07.120   3603,317      26034,9940
14:09:07.694   3603,891      25866,7876
14:09:08.272   3604,469      25588,6634
14:09:08.823   3605,020      25348,8767
14:09:09.442   3605,639      25037,9359
14:09:09.994   3606,191      24693,5116
14:09:10.543   3606,740      24296,5164
14:09:11.110   3607,307      23918,1308
14:09:11.647   3607,844      23428,0059
14:09:12.216   3608,413      22933,1122
14:09:12.787   3608,984      22356,0523
14:09:13.387   3609,584      21651,8340
14:09:13.961   3610,158      20986,6357
14:09:14.524   3610,721      20278,2601
14:09:15.092   3611,289      19638,7858
14:09:15.653   3611,850      19080,9287
14:09:16.232   3612,429      18462,7446
14:09:16.742   3612,939      18013,9179
14:09:17.297   3613,494      17454,0366
14:09:17.880   3614,077      16888,1212
14:09:18.422   3614,619      16410,8667
14:09:19.027   3615,224      15856,3519
14:09:19.570   3615,767      15396,1447
14:09:20.140   3616,337      14847,0397
14:09:20.675   3616,872      14354,7733
14:09:21.216   3617,413      13889,6670
14:09:21.787   3617,984      13414,7419
14:09:22.326   3618,523      12902,6795
14:09:22.871   3619,068      12469,1466
14:09:23.478   3619,675      11956,0548
14:09:24.029   3620,226      11488,0964
14:09:24.575   3620,772      11023,5076
14:09:25.113   3621,310      10634,4025
14:09:25.657   3621,854      10181,1593
14:09:26.188   3622,385       9799,5359
14:09:26.756   3622,953       9372,6001
14:09:27.359   3623,556       8986,2985
14:09:27.933   3624,130       8571,1565
14:09:28.440   3624,637       8273,4831
14:09:29.000   3625,197       7873,0775
14:09:29.583   3625,780       7507,5428
14:09:30.134   3626,331       7198,9497
14:09:30.688   3626,885       6904,6958
14:09:31.232   3627,429       6651,2954
14:09:31.814   3628,011       6327,5060
14:09:32.374   3628,571       6037,8665
14:09:32.937   3629,134       5819,8574
14:09:33.507   3629,704       5567,8032
14:09:34.098   3630,295       5303,4672
14:09:34.638   3630,835       5095,6827
14:09:35.190   3631,387       4902,9149
14:09:35.702   3631,899       4732,9187
14:09:36.271   3632,468       4535,2554
14:09:36.838   3633,035       4323,9874
14:09:37.396   3633,593       4158,1307
14:09:37.908   3634,105       4037,0375
14:09:38.459   3634,656       3874,4821
14:09:39.045   3635,242       3722,2439
14:09:39.604   3635,801       3568,4107
14:09:40.104   3636,301       3438,7423
14:09:40.651   3636,848       3345,9114
14:09:41.182   3637,379       3224,5327
14:09:41.731   3637,928       3131,7371
14:09:42.308   3638,505       2993,0638
14:09:42.844   3639,041       3005,4106
14:09:43.344   3639,541       3003,0987
14:09:43.897   3640,094       3072,3386
14:09:44.437   3640,634       3114,5022
14:09:45.005   3641,202       3199,8374
14:09:45.591   3641,788       3280,8268
14:09:46.132   3642,329       3381,7617
14:09:46.683   3642,880       3486,2429
14:09:47.223   3643,420       3590,1666
14:09:47.791   3643,988       3721,6320
14:09:48.333   3644,530       3866,7471
14:09:48.890   3645,087       3986,4428
14:09:49.450   3645,647       4154,2323
14:09:50.013   3646,210       4301,5584
14:09:50.518   3646,715       4455,1738
14:09:51.080   3647,277       4634,2261
14:09:51.591   3647,788       4817,2485
14:09:52.165   3648,362       5012,2281
14:09:52.756   3648,953       5261,2219
14:09:53.300   3649,497       5464,9611
14:09:53.867   3650,064       5681,6047
14:09:54.409   3650,606       5945,7634
14:09:54.986   3651,183       6201,5130
14:09:55.612   3651,809       6497,4721
14:09:56.118   3652,315       6724,5713
14:09:56.680   3652,877       7081,6292
14:09:57.234   3653,431       7373,7960
14:09:57.734   3653,931       7677,8201
14:09:58.272   3654,469       8018,7500
14:09:58.825   3655,022       8364,8662
14:09:59.398   3655,595       8744,5633
14:09:59.920   3656,117       9122,5313
14:10:00.468   3656,665       9535,8189
14:10:00.968   3657,165       9860,1194
14:10:01.540   3657,737      10339,7817
14:10:02.065   3658,262      10762,3217
14:10:02.630   3658,827      11212,3499
14:10:03.223   3659,420      11704,4688
14:10:03.730   3659,927      12140,7878
14:10:04.262   3660,459      12600,9836
14:10:04.794   3660,991      13081,2129
14:10:05.398   3661,595      13565,2694
14:10:05.983   3662,180      14116,8953
14:10:06.526   3662,723      14601,8954
14:10:07.077   3663,274      15087,7765
14:10:07.585   3663,782      15565,3526
14:10:08.185   3664,382      16099,3853
14:10:08.763   3664,960      16695,8949
14:10:09.352   3665,549      17206,6997
14:10:09.915   3666,112      17776,3998
14:10:10.454   3666,651      18302,3888
14:10:10.957   3667,154      18723,5059
14:10:11.523   3667,720      19284,5021
14:10:12.099   3668,296      19788,5892
14:10:12.638   3668,835      20231,7510
14:10:13.213   3669,410      20736,7953
14:10:13.796   3669,993      21155,0572
14:10:14.387   3670,584      21634,2440
14:10:14.943   3671,140      22045,6384
14:10:15.467   3671,664      22383,3347
14:10:16.014   3672,211      22711,5341
14:10:16.627   3672,824      23109,3109
14:10:17.190   3673,387      23399,9201
14:10:17.764   3673,961      23649,3424
14:10:18.306   3674,503      23888,1050
14:10:18.904   3675,101      24090,8947
14:10:19.511   3675,708      24352,6331
14:10:20.078   3676,275      24499,8982
14:10:20.646   3676,843      24681,9301
14:10:21.195   3677,392      24775,0010
14:10:21.783   3677,980      24950,4785
14:10:22.346   3678,543      24997,5144
14:10:22.930   3679,127      25114,6160
14:10:23.442   3679,639      25240,7928
14:10:24.004   3680,201      25232,5253
14:10:24.555   3680,752      25347,0971
14:10:25.100   3681,297      25406,0310
14:10:25.625   3681,822      25412,6084
14:10:26.200   3682,397      25556,8734
14:10:26.749   3682,946      25549,8953
14:10:27.346   3683,543      25585,0853
14:10:27.904   3684,101      25626,3047
14:10:28.439   3684,636      25677,0677
14:10:28.976   3685,173      25687,5599
14:10:29.530   3685,727      25716,0265
14:10:30.098   3686,295      25792,6221
14:10:30.661   3686,858      25789,2396
14:10:31.235   3687,432      25817,1433
14:10:31.815   3688,012      25875,3253
14:10:32.397   3688,594      25845,7011
14:10:32.962   3689,159      25906,4586
14:10:33.531   3689,728      25948,5945
14:10:34.085   3690,282      25932,7957
14:10:34.590   3690,787      25966,2099
14:10:35.150   3691,347      25973,2708
14:10:35.671   3691,868      25992,8136
14:10:36.218   3692,415      26044,4496
14:10:36.784   3692,981      26004,5297
14:10:37.350   3693,547      26084,7545
14:10:37.900   3694,097      26055,7019
14:10:38.462   3694,659      26162,4837
14:10:38.996   3695,193      26081,7038
14:10:39.572   3695,769      26096,9744
14:10:40.140   3696,337      26138,3334
14:10:40.716   3696,913      26161,6145
14:10:41.336   3697,533      26152,2328
14:10:41.850   3698,047      26227,7753
14:10:42.406   3698,603      26132,9526
14:10:42.942   3699,139      26195,9968
14:10:43.521   3699,718      26258,6242
14:10:44.053   3700,250      26201,5792
14:10:44.610   3700,807      26218,0462
14:10:45.150   3701,347      26278,1615
14:10:45.724   3701,921      26228,7280
14:10:46.259   3702,456      26280,0244
14:10:46.816   3703,013      26259,9388
14:10:47.403   3703,600      26285,0067
14:10:47.977   3704,174      26276,2479
14:10:48.525   3704,722      26213,9503
14:10:49.077   3705,274      26308,9821
14:10:49.645   3705,842      26280,9276
14:10:50.227   3706,424      26288,8624
14:10:50.774   3706,971      26285,2918
14:10:51.400   3707,597      26313,2562
14:10:51.970   3708,167      26323,7797
14:10:52.472   3708,669      26339,9439
14:10:52.983   3709,180      26357,1035
14:10:53.499   3709,696      26354,1909
14:10:54.037   3710,234      26344,4016
14:10:54.620   3710,817      26368,2664
14:10:55.183   3711,380      26349,2889
14:10:55.708   3711,905      26340,6490
14:10:56.246   3712,443      26398,1204
14:10:56.808   3713,005      26406,1562
14:10:57.384   3713,581      26411,2565
14:10:57.939   3714,136      26409,2265
14:10:58.517   3714,714      26421,4612
14:10:59.074   3715,271      26405,8261
14:10:59.660   3715,857      26441,6113
14:11:00.205   3716,402      26418,6459
14:11:00.725   3716,922      26413,4207
14:11:01.284   3717,481      26472,4594
14:11:01.865   3718,062      26454,6212
14:11:02.439   3718,636      26462,7616
14:11:02.997   3719,194      26478,5621
14:11:03.570   3719,767      26500,4909
14:11:04.104   3720,301      26467,5112
14:11:04.680   3720,877      26478,6112
14:11:05.208   3721,405      26519,9680
14:11:05.775   3721,972      26472,4798
14:11:06.277   3722,474      26479,8471
14:11:06.840   3723,037      26526,2492
14:11:07.400   3723,597      26535,5674
14:11:07.963   3724,160      26465,7275
14:11:08.492   3724,689      26528,3969
14:11:09.039   3725,236      26520,9244
14:11:09.632   3725,829      26494,8327
14:11:10.147   3726,344      26529,1596
14:11:10.699   3726,896      26517,1651
14:11:11.244   3727,441      26537,7084
14:11:11.768   3727,965      26551,7751
14:11:12.313   3728,510      26504,9781
14:11:12.861   3729,058      26524,8965
14:11:13.429   3729,626      26518,7097
14:11:13.992   3730,189      26567,7408
14:11:14.527   3730,724      26544,7084
14:11:15.059   3731,256      26562,8992
14:11:15.631   3731,828      26535,1526
14:11:16.210   3732,407      26549,9790
14:11:16.749   3732,946      26581,7767
14:11:17.341   3733,538      26570,1221
14:11:17.880   3734,077      26513,9931
14:11:18.430   3734,627      26606,4843
14:11:18.980   3735,177      26606,8450
14:11:19.553   3735,750      26536,6864
14:11:20.158   3736,355      26572,8687
14:11:20.720   3736,917      26593,4526
14:11:21.264   3737,461      26599,5697
14:11:21.828   3738,025      26595,1600
14:11:22.397   3738,594      26564,4708
14:11:22.965   3739,162      26635,9153
14:11:23.489   3739,686      26566,7558
14:11:24.044   3740,241      26594,0953
14:11:24.585   3740,782      26555,4018
14:11:25.142   3741,339      26582,8261
14:11:25.721   3741,918      26573,9756
14:11:26.260   3742,457      26576,9096
14:11:26.827   3743,024      26592,6232
14:11:27.424   3743,621      26614,1815
14:11:27.985   3744,182      26549,1759
14:11:28.551   3744,748      26563,4744
14:11:29.134   3745,331      26590,8373
14:11:29.706   3745,903      26539,5978
14:11:30.273   3746,470      26573,5115
14:11:30.834   3747,031      26561,6466
14:11:31.409   3747,606      26542,4861
14:11:31.991   3748,188      26582,4360
14:11:32.534   3748,731      26517,6857
14:11:33.091   3749,288      26596,0746
14:11:33.655   3749,852      26550,2325
14:11:34.241   3750,438      26500,4971
14:11:34.798   3750,995      26418,3752
14:11:35.382   3751,579      26402,2796
14:11:35.975   3752,172      26276,5876
14:11:36.532   3752,729      26171,2947
14:11:37.114   3753,311      26089,1949
14:11:37.622   3753,819      25935,7011
14:11:38.197   3754,394      25751,4671
14:11:38.750   3754,947      25486,2139
14:11:39.365   3755,562      25229,4315
14:11:39.930   3756,127      24875,4912
14:11:40.478   3756,675      24534,3951
14:11:41.027   3757,224      24081,7750
14:11:41.541   3757,738      23701,1235
14:11:42.086   3758,283      23231,3647
14:11:42.677   3758,874      22696,8063
14:11:43.268   3759,465      22072,6126
14:11:43.776   3759,973      21492,8111
14:11:44.348   3760,545      20803,8138
14:11:44.914   3761,111      20126,1437
14:11:45.417   3761,614      19619,4566
14:11:45.958   3762,155      19025,2523
14:11:46.503   3762,700      18459,7623
14:11:47.046   3763,243      17955,5830
14:11:47.573   3763,770      17508,8731
14:11:48.126   3764,323      16913,2345
14:11:48.675   3764,872      16438,9166
14:11:49.235   3765,432      15956,4254
14:11:49.808   3766,005      15396,3078
14:11:50.368   3766,565      14898,8007
14:11:50.917   3767,114      14439,7051
14:11:51.438   3767,635      13933,6958
14:11:51.992   3768,189      13449,0630
14:11:52.538   3768,735      13013,5224
14:11:53.077   3769,274      12506,7433
14:11:53.680   3769,877      12090,5130
14:11:54.218   3770,415      11602,3531
14:11:54.748   3770,945      11180,6673
14:11:55.345   3771,542      10741,0252
14:11:55.909   3772,106      10249,4746
14:11:56.456   3772,653       9856,5447
14:11:57.013   3773,210       9428,0244
14:11:57.540   3773,737       9059,7369
14:11:58.095   3774,292       8681,7412
14:11:58.651   3774,848       8332,0078
14:11:59.219   3775,416       7984,4753
14:11:59.797   3775,994       7639,1402
14:12:00.334   3776,531       7306,8387
14:12:00.907   3777,104       7001,6481
14:12:01.531   3777,728       6690,6761
14:12:02.110   3778,307       6366,0708
14:12:02.656   3778,853       6126,2823
14:12:03.222   3779,419       5847,8151
14:12:03.792   3779,989       5583,8425
14:12:04.303   3780,500       5371,5726
14:12:04.855   3781,052       5175,1684
14:12:05.414   3781,611       4936,7547
14:12:06.001   3782,198       4780,9002
14:12:06.551   3782,748       4545,9835
14:12:07.118   3783,315       4373,8337
14:12:07.621   3783,818       4209,9371
14:12:08.165   3784,362       4038,2518
14:12:08.734   3784,931       3906,5039
14:12:09.276   3785,473       3745,6392
14:12:09.779   3785,976       3635,9457
14:12:10.355   3786,552       3488,0071
14:12:10.917   3787,114       3359,5862
14:12:11.520   3787,717       3239,4405
14:12:12.031   3788,228       3150,1431
14:12:12.575   3788,772       3026,5722
14:12:13.155   3789,352       3010,2434
14:12:13.703   3789,900       2999,1424
14:12:14.268   3790,465       3085,4760
14:12:14.801   3790,998       3142,4321
14:12:15.388   3791,585       3201,7828
14:12:15.968   3792,165       3319,2626
14:12:16.471   3792,668       3371,1464
14:12:17.043   3793,240       3490,3948
14:12:17.545   3793,742       3612,5997
14:12:18.125   3794,322       3732,9045
14:12:18.704   3794,901       3878,0769
14:12:19.277   3795,474       4020,0936
14:12:19.854   3796,051       4153,5052
14:12:20.381   3796,578       4341,4199
14:12:20.884   3797,081       4497,6584
14:12:21.389   3797,586       4634,3376
14:12:21.942   3798,139       4808,9732
14:12:22.470   3798,667       4996,8565
14:12:23.014   3799,211       5198,0955
14:12:23.602   3799,799       5406,3678
14:12:24.155   3800,352       5658,3845
14:12:24.702   3800,899       5900,4870
14:12:25.251   3801,448       6136,4826
14:12:25.763   3801,960       6399,6798
14:12:26.349   3802,546       6689,2072
14:12:26.882   3803,079       6978,1128
14:12:27.466   3803,663       7322,6525
14:12:28.010   3804,207       7637,0059
14:12:28.593   3804,790       7988,7159
14:12:29.131   3805,328       8334,6882
14:12:29.634   3805,831       8667,1146
14:12:30.220   3806,417       9062,8360
14:12:30.767   3806,964       9444,4400
14:12:31.373   3807,570       9897,1015
14:12:31.954   3808,151      10336,9187
14:12:32.503   3808,700      10809,1249
14:12:33.008   3809,205      11189,2558
14:12:33.540   3809,737      11658,5962
14:12:34.108   3810,305      12117,8138
14:12:34.681   3810,878      12592,9123
14:12:35.223   3811,420      13064,8850
14:12:35.744   3811,941      13523,5343
14:12:36.291   3812,488      13975,6587
14:12:36.845   3813,042      14525,3321
14:12:37.376   3813,573      14973,9992
14:12:37.944   3814,141      15500,1577
14:12:38.492   3814,689      16041,6739
14:12:39.047   3815,244      16567,2319
14:12:39.548   3815,745      16997,6383
14:12:40.055   3816,252      17472,5022
14:12:40.644   3816,841      18058,6412
14:12:41.208   3817,405      18585,4803
14:12:41.794   3817,991      19122,1402
14:12:42.339   3818,536      19587,2059
14:12:42.912   3819,109      20118,8673
14:12:43.477   3819,674      20573,7175
14:12:44.053   3820,250      21042,2040
14:12:44.593   3820,790      21476,6805
14:12:45.164   3821,361      21903,3364
14:12:45.740   3821,937      22316,1483
14:12:46.345   3822,542      22692,4830
14:12:46.934   3823,131      22978,6981
14:12:47.518   3823,715      23351,9393
14:12:48.032   3824,229      23571,7161
14:12:48.606   3824,803      23841,7595
14:12:49.172   3825,369      24050,9690
14:12:49.693   3825,890      24231,6167
14:12:50.259   3826,456      24460,7546
14:12:50.806   3827,003      24583,9223
14:12:51.386   3827,583      24727,1307
14:12:51.949   3828,146      24866,0817
14:12:52.507   3828,704      24989,8900
14:12:53.062   3829,259      25059,3806
14:12:53.587   3829,784      25197,5297
14:12:54.152   3830,349      25224,6967
14:12:54.682   3830,879      25263,6111
14:12:55.222   3831,419      25365,5376
14:12:55.831   3832,028      25384,8422
14:12:56.375   3832,572      25474,8168
14:12:56.946   3833,143      25566,5612
14:12:57.544   3833,741      25565,3168
14:12:58.121   3834,318      25603,6752
14:12:58.669   3834,866      25647,4166
14:12:59.203   3835,400      25633,0078
14:12:59.742   3835,939      25744,0812
14:13:00.277   3836,474      25770,5351
14:13:00.819   3837,016      25782,8599
14:13:01.328   3837,525      25816,7940
14:13:01.872   3838,069      25825,7554
14:13:02.439   3838,636      25844,0790
14:13:03.008   3839,205      25861,1104
14:13:03.591   3839,788      25874,4960
14:13:04.144   3840,341      25960,8346
14:13:04.684   3840,881      25935,0590
14:13:05.216   3841,413      25970,0822
14:13:05.733   3841,930      25993,1673
14:13:06.275   3842,472      26001,1605
14:13:06.846   3843,043      26003,4167
14:13:07.419   3843,616      26000,1992
14:13:07.928   3844,125      26056,1677
14:13:08.472   3844,669      26106,4490
14:13:09.003   3845,200      26080,0561
14:13:09.579   3845,776      26111,6139
14:13:10.146   3846,343      26109,8244
14:13:10.693   3846,890      26176,7853
14:13:11.260   3847,457      26140,0506
14:13:11.841   3848,038      26114,6202
14:13:12.399   3848,596      26128,4230
14:13:12.944   3849,141      26173,2884
14:13:13.469   3849,666      26176,8164
14:13:14.034   3850,231      26205,8144
14:13:14.609   3850,806      26224,1001
14:13:15.159   3851,356      26214,4425
14:13:15.664   3851,861      26210,4858
14:13:16.247   3852,444      26219,3786
14:13:16.779   3852,976      26232,4717
14:13:17.347   3853,544      26265,3904
14:13:17.942   3854,139      26269,1336
14:13:18.484   3854,681      26289,7604
14:13:19.028   3855,225      26277,1757
14:13:19.616   3855,813      26261,7836
14:13:20.157   3856,354      26241,8515
14:13:20.699   3856,896      26319,4287
14:13:21.289   3857,486      26339,1017
14:13:21.861   3858,058      26319,3260
14:13:22.361   3858,558      26337,9588
14:13:22.955   3859,152      26357,3624
14:13:23.496   3859,693      26302,0684
14:13:24.063   3860,260      26326,8511
14:13:24.571   3860,768      26366,8119
14:13:25.145   3861,342      26350,2061
14:13:25.669   3861,866      26348,1833
14:13:26.247   3862,444      26365,4689
14:13:26.836   3863,033      26328,7111
14:13:27.437   3863,634      26357,3219
14:13:28.018   3864,215      26361,4123
14:13:28.597   3864,794      26364,1268
14:13:29.162   3865,359      26401,3717
14:13:29.677   3865,874      26396,5312
14:13:30.232   3866,429      26434,6340
14:13:30.781   3866,978      26377,5710
14:13:31.352   3867,549      26363,5484
14:13:31.911   3868,108      26418,1180
14:13:32.488   3868,685      26420,9636
14:13:33.020   3869,217      26433,9581
14:13:33.549   3869,746      26411,8827
14:13:34.126   3870,323      26451,8467
14:13:34.684   3870,881      26453,5967
14:13:35.228   3871,425      26484,3395
14:13:35.757   3871,954      26412,5215
14:13:36.295   3872,492      26487,3787
14:13:36.821   3873,018      26430,8809
14:13:37.418   3873,615      26486,3666
14:13:37.918   3874,115      26470,4567
14:13:38.483   3874,680      26440,1014
14:13:39.024   3875,221      26444,3319
14:13:39.613   3875,810      26456,3172
14:13:40.174   3876,371      26442,4904
14:13:40.723   3876,920      26498,7112
14:13:41.364   3877,561      26488,6407
14:13:41.934   3878,131      26502,8053
14:13:42.450   3878,647      26519,2197
14:13:42.958   3879,155      26491,6405
14:13:43.498   3879,695      26530,5625
14:13:44.045   3880,242      26488,5730
14:13:44.605   3880,802      26514,4533
14:13:45.170   3881,367      26517,0733
14:13:45.674   3881,871      26570,3716
14:13:46.259   3882,456      26509,1284
14:13:46.832   3883,029      26534,4118
14:13:47.339   3883,536      26536,6170
14:13:47.849   3884,046      26505,1613
14:13:48.423   3884,620      26518,9408
14:13:48.967   3885,164      26518,7246
14:13:49.528   3885,725      26550,4869
14:13:50.098   3886,295      26533,6910
14:13:50.675   3886,872      26532,5338
14:13:51.259   3887,456      26525,7236
14:13:51.831   3888,028      26501,9980
14:13:52.364   3888,561      26536,6384
14:13:52.895   3889,092      26516,7231
14:13:53.468   3889,665      26525,7071
14:13:54.035   3890,232      26539,4345
14:13:54.571   3890,768      26566,7779
14:13:55.121   3891,318      26539,0717
14:13:55.685   3891,882      26545,1630
14:13:56.285   3892,482      26566,6989
14:13:56.855   3893,052      26561,3373
14:13:57.358   3893,555      26564,8335
14:13:57.911   3894,108      26551,5992
14:13:58.460   3894,657      26587,7066
14:13:59.014   3895,211      26525,8220
14:13:59.593   3895,790      26591,1234
14:14:00.136   3896,333      26538,8131
14:14:00.666   3896,863      26575,9339
14:14:01.212   3897,409      26553,3751
14:14:01.735   3897,932      26574,6068
14:14:02.269   3898,466      26569,4372
14:14:02.853   3899,050      26520,1301
14:14:03.415   3899,612      26540,5455
14:14:03.966   3900,163      26457,7004
14:14:04.541   3900,738      26500,8459
14:14:05.101   3901,298      26493,0212
14:14:05.667   3901,864      26386,9378
14:14:06.240   3902,437      26323,5313
14:14:06.813   3903,010      26177,4009
14:14:07.334   3903,531      26108,9557
14:14:07.835   3904,032      25997,1785
14:14:08.408   3904,605      25771,7238
14:14:08.909   3905,106      25554,3043
14:14:09.480   3905,677      25325,5264
14:14:10.025   3906,222      24970,8831
14:14:10.612   3906,809      24640,6551
14:14:11.163   3907,360      24210,4207
14:14:11.749   3907,946      23743,9315
14:14:12.298   3908,495      23322,6699
14:14:12.871   3909,068      22815,3284
14:14:13.402   3909,599      22278,0764
14:14:13.981   3910,178      21563,3535
14:14:14.542   3910,739      20932,5724
14:14:15.100   3911,297      20263,6384
14:14:15.601   3911,798      19701,7638
14:14:16.148   3912,345      19107,2710
14:14:16.725   3912,922      18558,5235
14:14:17.282   3913,479      18031,0902
14:14:17.797   3913,994      17593,9297
14:14:18.334   3914,531      17048,5486
14:14:18.899   3915,096      16539,9396
14:14:19.402   3915,599      16123,2563
14:14:19.967   3916,164      15564,8539
14:14:20.516   3916,713      15057,1019
14:14:21.092   3917,289      14561,8074
14:14:21.625   3917,822      14115,3990
14:14:22.168   3918,365      13662,9754
14:14:22.733   3918,930      13135,4177
14:14:23.255   3919,452      12671,6302
14:14:23.830   3920,027      12205,4033
14:14:24.379   3920,576      11743,1634
14:14:24.933   3921,130      11307,0527
14:14:25.454   3921,651      10916,1819
14:14:26.014   3922,211      10457,1470
14:14:26.529   3922,726      10062,1880
14:14:27.108   3923,305       9620,6996
14:14:27.665   3923,862       9277,8137
14:14:28.214   3924,411       8851,4985
14:14:28.766   3924,963       8492,5151
14:14:29.337   3925,534       8162,4105
14:14:29.905   3926,102       7782,7048
14:14:30.422   3926,619       7482,1657
14:14:30.976   3927,173       7178,5007
14:14:31.508   3927,705       6862,1596
14:14:32.074   3928,271       6615,0074
14:14:32.633   3928,830       6310,2376
14:14:33.183   3929,380       6031,6779
14:14:33.685   3929,882       5823,9346
14:14:34.226   3930,423       5578,6875
14:14:34.776   3930,973       5342,9819
14:14:35.382   3931,579       5125,6594
14:14:35.941   3932,138       4925,4998
14:14:36.523   3932,720       4702,6933
14:14:37.085   3933,282       4531,2251
14:14:37.658   3933,855       4333,7418
14:14:38.196   3934,393       4176,3705
14:14:38.761   3934,958       4002,8792
14:14:39.297   3935,494       3881,8482
14:14:39.879   3936,076       3735,1609
14:14:40.433   3936,630       3565,2879
14:14:40.989   3937,186       3469,7751
14:14:41.580   3937,777       3315,4353
14:14:42.087   3938,284       3198,6784
14:14:42.651   3938,848       3123,2527
14:14:43.197   3939,394       3067,8202
14:14:43.737   3939,934       3030,2627
14:14:44.272   3940,469       3038,3242
14:14:44.820   3941,017       3115,2021
14:14:45.401   3941,598       3159,6499
14:14:45.952   3942,149       3230,0429
14:14:46.500   3942,697       3332,0866
14:14:47.048   3943,245       3442,2045
14:14:47.631   3943,828       3554,6988
14:14:48.210   3944,407       3700,2574
14:14:48.721   3944,918       3797,4030
14:14:49.292   3945,489       3945,1712
14:14:49.797   3945,994       4083,9537
14:14:50.331   3946,528       4209,3191
14:14:50.906   3947,103       4375,4099
14:14:51.408   3947,605       4533,1955
14:14:51.964   3948,161       4730,4597
14:14:52.540   3948,737       4925,2339
14:14:53.094   3949,291       5111,9115
14:14:53.627   3949,824       5302,3025
14:14:54.239   3950,436       5562,2203
14:14:54.786   3950,983       5805,0859
14:14:55.361   3951,558       6053,9293
14:14:55.896   3952,093       6318,5761
14:14:56.473   3952,670       6583,9453
14:14:57.013   3953,210       6892,3510
14:14:57.547   3953,744       7174,6185
14:14:58.085   3954,282       7497,1912
14:14:58.644   3954,841       7827,2790
14:14:59.184   3955,381       8182,7323
14:14:59.691   3955,888       8461,8176
14:15:00.263   3956,460       8895,9945
14:15:00.808   3957,005       9269,0702
14:15:01.402   3957,599       9626,7364
14:15:01.948   3958,145      10086,2046
14:15:02.501   3958,698      10522,2296
14:15:03.065   3959,262      10959,3590
14:15:03.571   3959,768      11388,7690
14:15:04.072   3960,269      11756,3759
14:15:04.606   3960,803      12232,2138
14:15:05.163   3961,360      12710,8274
14:15:05.706   3961,903      13125,4800
14:15:06.274   3962,471      13640,1215
14:15:06.834   3963,031      14157,9946
14:15:07.403   3963,600      14675,0611
14:15:07.982   3964,179      15222,5741
14:15:08.549   3964,746      15701,3420
14:15:09.158   3965,355      16288,8397
14:15:09.696   3965,893      16813,1069
14:15:10.265   3966,462      17336,1675
14:15:10.825   3967,022      17856,1946
14:15:11.411   3967,608      18378,0111
14:15:11.940   3968,137      18907,2579
14:15:12.505   3968,702      19425,0832
14:15:13.010   3969,207      19899,8125
14:15:13.539   3969,736      20376,5029
14:15:14.089   3970,286      20798,1427
14:15:14.648   3970,845      21241,0436
14:15:15.213   3971,410      21654,8575
14:15:15.720   3971,917      22036,6690
14:15:16.290   3972,487      22376,4747
14:15:16.838   3973,035      22711,3328
14:15:17.369   3973,566      23038,5778
14:15:17.923   3974,120      23369,0566
14:15:18.452   3974,649      23631,2434
14:15:19.010   3975,207      23869,7178
14:15:19.583   3975,780      24060,4914
14:15:20.124   3976,321      24284,1527
14:15:20.687   3976,884      24463,6585
14:15:21.188   3977,385      24543,5828
14:15:21.741   3977,938      24702,9036
14:15:22.270   3978,467      24876,1025
14:15:22.826   3979,023      24986,2270
14:15:23.349   3979,546      25045,3104
14:15:23.888   3980,085      25167,9640
14:15:24.438   3980,635      25223,2593
14:15:24.991   3981,188      25271,3693
14:15:25.573   3981,770      25380,9518
14:15:26.163   3982,360      25419,8730
14:15:26.727   3982,924      25494,6514
14:15:27.265   3983,462      25556,1492
14:15:27.847   3984,044      25604,4670
14:15:28.384   3984,581      25638,7885
14:15:28.954   3985,151      25649,0027
14:15:29.525   3985,722      25679,0236
14:15:30.087   3986,284      25677,7034
14:15:30.647   3986,844      25762,2081
14:15:31.200   3987,397      25799,6734
14:15:31.788   3987,985      25837,1620
14:15:32.288   3988,485      25813,8508
14:15:32.863   3989,060      25898,2554
14:15:33.372   3989,569      25908,8593
14:15:33.908   3990,105      25905,0279
14:15:34.456   3990,653      25931,6089
14:15:35.017   3991,214      25974,3879
14:15:35.545   3991,742      25976,1383
14:15:36.090   3992,287      25960,4351
14:15:36.633   3992,830      26007,2397
14:15:37.236   3993,433      26011,1074
14:15:37.775   3993,972      26063,3873
14:15:38.347   3994,544      26052,1803
14:15:38.921   3995,118      26058,1737
14:15:39.497   3995,694      26126,3658
14:15:39.998   3996,195      26095,4480
14:15:40.545   3996,742      26062,8979
14:15:41.087   3997,284      26117,3524
14:15:41.596   3997,793      26134,6907
14:15:42.174   3998,371      26169,5347
14:15:42.728   3998,925      26112,9300
14:15:43.272   3999,469      26169,2157
14:15:43.817   4000,014      26187,5181
14:15:44.364   4000,561      26140,7664
14:15:44.908   4001,105      26166,6071
14:15:45.438   4001,635      26188,6549
14:15:46.008   4002,205      26195,8521
14:15:46.566   4002,763      26220,9153
14:15:47.082   4003,279      26209,3052
14:15:47.596   4003,793      26235,8874
14:15:48.180   4004,377      26274,0443
14:15:48.743   4004,940      26223,0454
14:15:49.298   4005,495      26249,2039
14:15:49.828   4006,025      26232,6592
14:15:50.407   4006,604      26286,7021
14:15:50.969   4007,166      26300,2094
14:15:51.543   4007,740      26293,4014
14:15:52.148   4008,345      26263,1476
14:15:52.703   4008,900      26322,8753
14:15:53.288   4009,485      26286,4720
14:15:53.868   4010,065      26328,5809
14:15:54.450   4010,647      26351,7624
14:15:55.023   4011,220      26407,1519
14:15:55.607   4011,804      26368,7011
14:15:56.158   4012,355      26353,3070
14:15:56.703   4012,900      26344,5655
14:15:57.237   4013,434      26386,3634
14:15:57.809   4014,006      26331,3072
14:15:58.361   4014,558      26401,7056
14:15:58.937   4015,134      26386,4853
14:15:59.467   4015,664      26390,3446
14:16:00.057   4016,254      26409,2917
14:16:00.629   4016,826      26398,4105
14:16:01.181   4017,378      26448,0520
14:16:01.769   4017,966      26385,8875
14:16:02.275   4018,472      26445,5172
14:16:02.820   4019,017      26410,9317
14:16:03.410   4019,607      26415,5424
14:16:03.953   4020,150      26438,8040
14:16:04.514   4020,711      26472,5586
14:16:05.083   4021,280      26428,7630
14:16:05.589   4021,786      26418,7490
14:16:06.128   4022,325      26459,7421
14:16:06.689   4022,886      26439,4730
14:16:07.239   4023,436      26461,6674
14:16:07.805   4024,002      26450,8984
14:16:08.351   4024,548      26492,1091
14:16:08.919   4025,116      26449,2486
14:16:09.427   4025,624      26497,7782
14:16:09.984   4026,181      26437,3909
14:16:10.531   4026,728      26466,5632
14:16:11.086   4027,283      26495,1051
14:16:11.609   4027,806      26445,3470
14:16:12.182   4028,379      26505,9249
14:16:12.752   4028,949      26503,6000
14:16:13.373   4029,570      26489,5067
14:16:13.937   4030,134      26458,2817
14:16:14.479   4030,676      26493,0818
14:16:15.055   4031,252      26534,0083
14:16:15.572   4031,769      26512,6069
14:16:16.138   4032,335      26516,6930
14:16:16.712   4032,909      26523,0711
14:16:17.214   4033,411      26515,2108
14:16:17.715   4033,912      26497,6413
14:16:18.264   4034,461      26533,6597
14:16:18.841   4035,038      26525,8476
14:16:19.343   4035,540      26520,9622
14:16:19.953   4036,150      26534,4730
14:16:20.500   4036,697      26496,6911
14:16:21.076   4037,273      26547,5456
14:16:21.669   4037,866      26497,9846
14:16:22.230   4038,427      26535,5285
14:16:22.781   4038,978      26537,2101
14:16:23.357   4039,554      26533,4813
14:16:23.923   4040,120      26556,3093
14:16:24.466   4040,663      26534,2940
14:16:25.015   4041,212      26530,8617
14:16:25.536   4041,733      26513,9625
14:16:26.075   4042,272      26518,9455
14:16:26.579   4042,776      26541,6995
14:16:27.155   4043,352      26530,3839
14:16:27.684   4043,881      26522,3340
14:16:28.261   4044,458      26537,7026
14:16:28.794   4044,991      26533,8117
14:16:29.389   4045,586      26548,9880
14:16:29.947   4046,144      26528,5899
14:16:30.483   4046,680      26536,7578
14:16:31.027   4047,224      26559,7848
14:16:31.539   4047,736      26535,0776
14:16:32.104   4048,301      26505,0903
14:16:32.608   4048,805      26537,5380
14:16:33.154   4049,351      26534,6100
14:16:33.725   4049,922      26458,4171
14:16:34.290   4050,487      26501,6815
14:16:34.837   4051,034      26478,6355
14:16:35.379   4051,576      26364,0867
14:16:35.962   4052,159      26405,7618
14:16:36.503   4052,700      26279,4505
14:16:37.056   4053,253      26195,8829
14:16:37.582   4053,779      26087,1510
14:16:38.138   4054,335      25921,3175
14:16:38.688   4054,885      25734,4606
14:16:39.236   4055,433      25495,5440
14:16:39.814   4056,011      25214,3345
14:16:40.361   4056,558      24933,2134
14:16:40.932   4057,129      24592,9793
14:16:41.448   4057,645      24276,7936
14:16:42.014   4058,211      23788,2313
14:16:42.572   4058,769      23311,8287
14:16:43.149   4059,346      22776,1325
14:16:43.654   4059,851      22243,7152
14:16:44.198   4060,395      21609,5677
14:16:44.745   4060,942      21001,5889
14:16:45.281   4061,478      20349,4514
14:16:45.789   4061,986      19811,0127
14:16:46.362   4062,559      19211,0503
14:16:46.919   4063,116      18677,4435
14:16:47.483   4063,680      18146,4255
14:16:48.052   4064,249      17615,6949
14:16:48.620   4064,817      17118,4833
14:16:49.179   4065,376      16546,2263
14:16:49.743   4065,940      16057,0019
14:16:50.329   4066,526      15498,2506
14:16:50.875   4067,072      15024,6333
14:16:51.448   4067,645      14536,5853
14:16:51.990   4068,187      14051,7994
14:16:52.495   4068,692      13666,7568
14:16:53.049   4069,246      13145,5280
14:16:53.564   4069,761      12737,2590
14:16:54.130   4070,327      12247,1243
14:16:54.692   4070,889      11749,1678
14:16:55.210   4071,407      11359,6989
14:16:55.713   4071,910      10975,4208
14:16:56.299   4072,496      10547,4996
14:16:56.857   4073,054      10060,5460
14:16:57.458   4073,655       9662,8698
14:16:58.020   4074,217       9225,6349
14:16:58.559   4074,756       8876,3059
14:16:59.131   4075,328       8521,3815
14:16:59.705   4075,902       8134,9849
14:17:00.259   4076,456       7793,5392
14:17:00.844   4077,041       7430,6384
14:17:01.434   4077,631       7140,3087
14:17:01.987   4078,184       6803,0174
14:17:02.538   4078,735       6541,8697
14:17:03.094   4079,291       6275,9316
14:17:03.685   4079,882       5974,0822
14:17:04.247   4080,444       5731,0153
14:17:04.837   4081,034       5499,9288
14:17:05.341   4081,538       5263,5067
14:17:05.914   4082,111       5067,3745
14:17:06.502   4082,699       4834,4952
14:17:07.032   4083,229       4652,6073
14:17:07.584   4083,781       4489,8549
14:17:08.137   4084,334       4279,9673
14:17:08.704   4084,901       4115,5367
14:17:09.234   4085,431       3984,6202
14:17:09.748   4085,945       3871,9159
14:17:10.290   4086,487       3718,7851
14:17:10.842   4087,039       3570,5268
14:17:11.380   4087,577       3479,6722
14:17:11.905   4088,102       3327,2489
14:17:12.437   4088,634       3230,1960
14:17:13.017   4089,214       3116,4826
14:17:13.538   4089,735       3035,9776
14:17:14.088   4090,285       3042,5056
14:17:14.613   4090,810       3043,5854
14:17:15.168   4091,365       3115,7591
14:17:15.764   4091,961       3178,4238
14:17:16.299   4092,496       3242,6055
14:17:16.876   4093,073       3355,5088
14:17:17.404   4093,601       3418,3897
14:17:18.005   4094,202       3565,4257
14:17:18.549   4094,746       3689,1042
14:17:19.052   4095,249       3778,3981
14:17:19.622   4095,819       3942,6465
14:17:20.161   4096,358       4059,9033
14:17:20.731   4096,928       4220,3387
14:17:21.274   4097,471       4375,2249
14:17:21.810   4098,007       4530,2890
14:17:22.356   4098,553       4732,5256
14:17:22.915   4099,112       4917,6302
14:17:23.518   4099,715       5134,1281
14:17:24.019   4100,216       5321,7055
14:17:24.583   4100,780       5563,6465
14:17:25.129   4101,326       5785,8284
14:17:25.693   4101,890       6028,3008
14:17:26.245   4102,442       6320,3494
14:17:26.784   4102,981       6558,7498
14:17:27.399   4103,596       6872,3145
14:17:27.950   4104,147       7171,4089
14:17:28.523   4104,720       7498,1789
14:17:29.084   4105,281       7817,6921
14:17:29.665   4105,862       8218,9128
14:17:30.245   4106,442       8582,6533
14:17:30.812   4107,009       8968,5334
14:17:31.403   4107,600       9348,4808
14:17:31.953   4108,150       9766,0135
14:17:32.504   4108,701      10208,7101
14:17:33.009   4109,206      10570,1964
14:17:33.522   4109,719      11030,2093
14:17:34.082   4110,279      11403,9363
14:17:34.612   4110,809      11864,9084
14:17:35.190   4111,387      12384,6779
14:17:35.723   4111,920      12839,2221
14:17:36.287   4112,484      13325,4357
14:17:36.842   4113,039      13777,6320
14:17:37.432   4113,629      14319,2705
14:17:37.986   4114,183      14820,1079
14:17:38.545   4114,742      15334,3803
14:17:39.110   4115,307      15869,8106
14:17:39.690   4115,887      16408,6782
14:17:40.226   4116,423      16917,2791
14:17:40.770   4116,967      17442,7334
14:17:41.332   4117,529      17984,9954
14:17:41.917   4118,114      18492,9341
14:17:42.466   4118,663      19037,4532
14:17:43.013   4119,210      19544,6651
14:17:43.515   4119,712      19944,7895
14:17:44.074   4120,271      20451,2446
14:17:44.616   4120,813      20907,8501
14:17:45.168   4121,365      21362,3977
14:17:45.686   4121,883      21718,8886
14:17:46.284   4122,481      22154,9243
14:17:46.843   4123,040      22483,5290
14:17:47.423   4123,620      22876,3233
14:17:48.007   4124,204      23184,9193
14:17:48.557   4124,754      23523,7897
14:17:49.095   4125,292      23743,7566
14:17:49.639   4125,836      23968,1916
14:17:50.238   4126,435      24168,8410
14:17:50.810   4127,007      24405,4427
14:17:51.402   4127,599      24559,9039
14:17:51.908   4128,105      24714,3996
14:17:52.480   4128,677      24838,5100
14:17:53.020   4129,217      24980,6152
14:17:53.584   4129,781      25057,4455
14:17:54.111   4130,308      25170,8078
14:17:54.673   4130,870      25258,7923
14:17:55.208   4131,405      25341,4038
14:17:55.715   4131,912      25367,9220
14:17:56.285   4132,482      25427,0521
14:17:56.828   4133,025      25479,6873
14:17:57.390   4133,587      25534,1243
14:17:57.973   4134,170      25595,1152
14:17:58.530   4134,727      25617,2103
14:17:59.067   4135,264      25733,8895
14:17:59.578   4135,775      25676,9586
14:18:00.119   4136,316      25748,7978
14:18:00.684   4136,881      25810,8202
14:18:01.237   4137,434      25811,9261
14:18:01.756   4137,953      25813,8435
14:18:02.341   4138,538      25855,3005
14:18:02.910   4139,107      25869,0140
14:18:03.430   4139,627      25908,4698
14:18:03.934   4140,131      25923,5800
14:18:04.472   4140,669      25964,4077
14:18:05.008   4141,205      25930,0023
14:18:05.595   4141,792      25975,5705
14:18:06.166   4142,363      25947,3413
14:18:06.703   4142,900      25992,3266
14:18:07.240   4143,437      26030,6902
14:18:07.802   4143,999      26047,5409
14:18:08.375   4144,572      26011,3887
14:18:08.946   4145,143      26100,2993
14:18:09.516   4145,713      26052,3017
14:18:10.066   4146,263      26054,6605
14:18:10.601   4146,798      26091,9416
14:18:11.160   4147,357      26116,4174
14:18:11.704   4147,901      26121,3390
14:18:12.250   4148,447      26103,6996
14:18:12.814   4149,011      26115,7085
14:18:13.391   4149,588      26159,6699
14:18:13.967   4150,164      26145,7783
14:18:14.467   4150,664      26228,1762
14:18:15.012   4151,209      26210,4320
14:18:15.549   4151,746      26210,7334
14:18:16.123   4152,320      26160,9414
14:18:16.653   4152,850      26183,9695
14:18:17.194   4153,391      26205,3828
14:18:17.777   4153,974      26235,1679
14:18:18.327   4154,524      26243,9724
14:18:18.898   4155,095      26264,5391
14:18:19.400   4155,597      26238,7581
14:18:19.915   4156,112      26285,4687
14:18:20.457   4156,654      26275,0888
14:18:21.022   4157,219      26273,4347
14:18:21.545   4157,742      26222,5866
14:18:22.105   4158,302      26309,9627
14:18:22.661   4158,858      26232,1763
14:18:23.218   4159,415      26245,1675
14:18:23.802   4159,999      26256,5626
14:18:24.368   4160,565      26302,0956
14:18:24.934   4161,131      26287,7255
14:18:25.477   4161,674      26286,2638
14:18:25.997   4162,194      26340,2386
14:18:26.534   4162,731      26303,0684
14:18:27.101   4163,298      26344,1606
14:18:27.686   4163,883      26386,5252
14:18:28.248   4164,445      26368,0744
14:18:28.813   4165,010      26371,0981
14:18:29.387   4165,584      26386,4449
14:18:29.973   4166,170      26371,0586
14:18:30.482   4166,679      26393,6462
14:18:31.019   4167,216      26367,1073
14:18:31.528   4167,725      26394,9760
14:18:32.073   4168,270      26407,1482
14:18:32.615   4168,812      26386,0943
14:18:33.166   4169,363      26397,2205
14:18:33.738   4169,935      26418,7676
14:18:34.240   4170,437      26388,8130
14:18:34.781   4170,978      26452,3423
14:18:35.353   4171,550      26446,9091
14:18:35.855   4172,052      26479,0038
14:18:36.428   4172,625      26449,7197
14:18:36.970   4173,167      26429,2362
14:18:37.562   4173,759      26438,0504
14:18:38.076   4174,273      26416,2497
14:18:38.616   4174,813      26414,6879
14:18:39.169   4175,366      26486,4726
14:18:39.707   4175,904      26434,3437
14:18:40.294   4176,491      26433,9102
14:18:40.835   4177,032      26469,4108
14:18:41.419   4177,616      26492,8950
14:18:41.953   4178,150      26439,6375
14:18:42.495   4178,692      26465,8021
14:18:43.043   4179,240      26471,5417
14:18:43.639   4179,836      26469,1311
14:18:44.191   4180,388      26459,9726
14:18:44.732   4180,929      26462,7700
14:18:45.283   4181,480      26522,0521
14:18:45.785   4181,982      26445,7273
14:18:46.357   4182,554      26479,6185
14:18:46.945   4183,142      26481,5247
14:18:47.508   4183,705      26446,1359
14:18:48.037   4184,234      26504,0547
14:18:48.621   4184,818      26482,9932
14:18:49.203   4185,400      26427,5668
14:18:49.771   4185,968      26542,6031
14:18:50.314   4186,511      26482,4152
14:18:50.870   4187,067      26447,9455
14:18:51.379   4187,576      26457,6024
14:18:51.959   4188,156      26490,9972
14:18:52.555   4188,752      26512,2766
14:18:53.131   4189,328      26518,5809
14:18:53.645   4189,842      26502,6996
14:18:54.151   4190,348      26501,5093
14:18:54.691   4190,888      26527,8563
14:18:55.247   4191,444      26490,2820
14:18:55.747   4191,944      26527,1713
14:18:56.279   4192,476      26471,3149
14:18:56.822   4193,019      26511,7297
14:18:57.381   4193,578      26512,8738
14:18:57.925   4194,122      26515,0652
14:18:58.497   4194,694      26539,6196
14:18:59.048   4195,245      26507,9379
14:18:59.645   4195,842      26585,8140
14:19:00.220   4196,417      26524,4691
14:19:00.810   4197,007      26547,4245
14:19:01.384   4197,581      26546,8801
14:19:01.922   4198,119      26520,8428
14:19:02.489   4198,686      26511,7194
14:19:03.043   4199,240      26535,4186
14:19:03.614   4199,811      26511,2457
14:19:04.179   4200,376      26506,7663
14:19:04.734   4200,931      26504,1212
14:19:05.339   4201,536      26490,0034
14:19:05.907   4202,104      26391,2522
14:19:06.453   4202,650      26351,2924
14:19:06.995   4203,192      26335,5929
14:19:07.502   4203,699      26178,3030
14:19:08.040   4204,237      26101,2908
14:19:08.597   4204,794      25882,3538
14:19:09.155   4205,352      25721,7627
14:19:09.667   4205,864      25487,7822
14:19:10.168   4206,365      25226,0462
14:19:10.719   4206,916      24860,6015
14:19:11.289   4207,486      24529,8188
14:19:11.791   4207,988      24185,5188
14:19:12.340   4208,537      23765,9965
14:19:12.879   4209,076      23301,4227
14:19:13.454   4209,651      22759,7220
14:19:13.960   4210,157      22224,8801
14:19:14.502   4210,699      21611,2955
14:19:15.069   4211,266      20928,8804
14:19:15.580   4211,777      20325,0690
14:19:16.123   4212,320      19799,6967
14:19:16.712   4212,909      19192,6913
14:19:17.259   4213,456      18694,4928
14:19:17.782   4213,979      18163,9678
14:19:18.319   4214,516      17672,8043
14:19:18.897   4215,094      17198,3941
14:19:19.438   4215,635      16729,5029
14:19:20.005   4216,202      16135,5111
14:19:20.592   4216,789      15591,9603
14:19:21.147   4217,344      15099,5409
14:19:21.717   4217,914      14614,5891
14:19:22.229   4218,426      14176,6682
14:19:22.780   4218,977      13693,8034
14:19:23.351   4219,548      13216,6659
14:19:23.894   4220,091      12720,0422
14:19:24.456   4220,653      12247,9754
14:19:25.009   4221,206      11815,4017
14:19:25.552   4221,749      11373,5293
14:19:26.095   4222,292      10946,6905
14:19:26.670   4222,867      10467,6369
14:19:27.209   4223,406      10074,8037
14:19:27.786   4223,983       9661,5505
14:19:28.334   4224,531       9261,9056
14:19:28.875   4225,072       8890,4156
14:19:29.480   4225,677       8520,2498
14:19:30.034   4226,231       8146,8451
14:19:30.608   4226,805       7806,9795
14:19:31.150   4227,347       7486,3067
14:19:31.710   4227,907       7171,0976
14:19:32.284   4228,481       6910,1939
14:19:32.786   4228,983       6626,0828
14:19:33.399   4229,596       6347,0509
14:19:33.927   4230,124       6051,4706
14:19:34.478   4230,675       5792,0634
14:19:35.020   4231,217       5563,3702
14:19:35.529   4231,726       5358,1407
14:19:36.105   4232,302       5131,8684
14:19:36.677   4232,874       4918,9197
14:19:37.243   4233,440       4701,6686
14:19:37.817   4234,014       4540,5828
14:19:38.374   4234,571       4349,5455
14:19:38.935   4235,132       4212,9639
14:19:39.443   4235,640       4065,9543
14:19:39.992   4236,189       3912,7098
14:19:40.540   4236,737       3761,9318
14:19:41.113   4237,310       3619,4951
14:19:41.624   4237,821       3509,5210
14:19:42.182   4238,379       3385,9813
14:19:42.722   4238,919       3250,8879
14:19:43.285   4239,482       3157,4546
14:19:43.800   4239,997       3044,5223
14:19:44.368   4240,565       3040,2925
14:19:44.917   4241,114       3064,6549
14:19:45.505   4241,702       3089,5435
14:19:46.061   4242,258       3187,1419
14:19:46.638   4242,835       3260,5466
14:19:47.186   4243,383       3345,7934
14:19:47.764   4243,961       3443,1662
14:19:48.318   4244,515       3560,0647
14:19:48.846   4245,043       3661,4588
14:19:49.354   4245,551       3781,7721
14:19:49.931   4246,128       3936,5657
14:19:50.491   4246,688       4107,2180
14:19:51.060   4247,257       4242,0383
14:19:51.633   4247,830       4392,3368
14:19:52.184   4248,381       4553,8928
14:19:52.742   4248,939       4761,9367
14:19:53.276   4249,473       4935,9165
14:19:53.796   4249,993       5102,8291
14:19:54.363   4250,560       5322,2526
14:19:54.910   4251,107       5552,2812
14:19:55.481   4251,678       5787,0035
14:19:56.047   4252,244       6038,4296
14:19:56.584   4252,781       6289,7329
14:19:57.133   4253,330       6559,1289
14:19:57.695   4253,892       6837,3471
14:19:58.269   4254,466       7116,3789
14:19:58.847   4255,044       7482,4035
14:19:59.377   4255,574       7817,1782
14:19:59.932   4256,129       8121,2596
14:20:00.478   4256,675       8454,8270
14:20:01.025   4257,222       8855,9431
14:20:01.594   4257,791       9247,8671
14:20:02.160   4258,357       9663,0612
14:20:02.694   4258,891      10042,3801
14:20:03.265   4259,462      10514,6729
14:20:03.840   4260,037      10979,2347
14:20:04.416   4260,613      11386,1739
14:20:04.949   4261,146      11832,3719
14:20:05.460   4261,657      12248,8328
14:20:06.025   4262,222      12740,8073
14:20:06.557   4262,754      13209,2949
14:20:07.118   4263,315      13683,8529
14:20:07.628   4263,825      14121,8100
14:20:08.203   4264,400      14639,5195
14:20:08.746   4264,943      15148,5703
14:20:09.301   4265,498      15655,8601
14:20:09.872   4266,069      16193,2215
14:20:10.451   4266,648      16715,0452
14:20:11.011   4267,208      17273,5811
14:20:11.576   4267,773      17764,4751
14:20:12.129   4268,326      18326,7189
14:20:12.716   4268,913      18840,0283
14:20:13.265   4269,462      19380,3597
14:20:13.765   4269,962      19767,9364
14:20:14.300   4270,497      20305,9802
14:20:14.837   4271,034      20768,6464
14:20:15.357   4271,554      21171,3713
14:20:15.871   4272,068      21567,0192
14:20:16.419   4272,616      21951,6682
14:20:16.976   4273,173      22329,6222
14:20:17.487   4273,684      22653,5883
14:20:18.054   4274,251      23021,7356
14:20:18.589   4274,786      23259,4377
14:20:19.171   4275,368      23610,9644
14:20:19.691   4275,888      23823,4020
14:20:20.247   4276,444      24021,8651
14:20:20.814   4277,011      24251,3205
14:20:21.379   4277,576      24443,1365
14:20:21.941   4278,138      24589,4962
14:20:22.473   4278,670      24751,6407
14:20:23.041   4279,238      24944,2238
14:20:23.569   4279,766      24995,1325
14:20:24.117   4280,314      25119,4885
14:20:24.659   4280,856      25235,1633
14:20:25.220   4281,417      25297,6810
14:20:25.802   4281,999      25365,8764
14:20:26.360   4282,557      25444,7980
14:20:26.918   4283,115      25471,6875
14:20:27.467   4283,664      25513,1873
14:20:28.020   4284,217      25576,3704
14:20:28.559   4284,756      25628,0837
14:20:29.105   4285,302      25708,7877
14:20:29.696   4285,893      25689,4138
14:20:30.199   4286,396      25729,7451
14:20:30.741   4286,938      25763,3718
14:20:31.295   4287,492      25789,5713
14:20:31.796   4287,993      25845,7847
14:20:32.327   4288,524      25815,5072
14:20:32.887   4289,084      25857,3598
14:20:33.464   4289,661      25904,8437
14:20:34.023   4290,220      25910,1955
14:20:34.616   4290,813      25957,6844
14:20:35.164   4291,361      25980,3029
14:20:35.667   4291,864      25957,1857
14:20:36.215   4292,412      25963,8278
14:20:36.757   4292,954      25941,1983
14:20:37.341   4293,538      25976,0421
14:20:37.893   4294,090      26040,3114
14:20:38.458   4294,655      26045,5214
14:20:39.026   4295,223      26012,4735
14:20:39.602   4295,799      26046,2392
14:20:40.176   4296,373      26057,9687
14:20:40.734   4296,931      26072,8560
14:20:41.300   4297,497      26095,1193
14:20:41.886   4298,083      26117,3388
14:20:42.434   4298,631      26149,9847
14:20:42.988   4299,185      26100,2916
14:20:43.491   4299,688      26157,9947
14:20:44.026   4300,223      26183,9719
14:20:44.587   4300,784      26220,3257
14:20:45.165   4301,362      26250,1954
14:20:45.697   4301,894      26228,0561
14:20:46.254   4302,451      26229,3164
14:20:46.840   4303,037      26220,1930
14:20:47.431   4303,628      26218,6946
14:20:47.973   4304,170      26238,9947
14:20:48.475   4304,672      26243,1262
14:20:49.052   4305,249      26295,2805
14:20:49.631   4305,828      26279,8223
14:20:50.134   4306,331      26244,2046
14:20:50.673   4306,870      26311,6861
14:20:51.220   4307,417      26322,0376
14:20:51.808   4308,005      26320,4290
14:20:52.367   4308,564      26307,0987
14:20:52.878   4309,075      26316,5896
14:20:53.467   4309,664      26337,8883
14:20:54.000   4310,197      26357,6058
14:20:54.553   4310,750      26397,7553
14:20:55.092   4311,289      26377,7852
14:20:55.656   4311,853      26396,8557
14:20:56.218   4312,415      26409,7697
14:20:56.786   4312,983      26359,4822
14:20:57.426   4313,623      26375,8184
14:20:57.973   4314,170      26353,6974
14:20:58.516   4314,713      26397,3967
14:20:59.096   4315,293      26376,2832
14:20:59.630   4315,827      26339,5503
14:21:00.177   4316,374      26385,0378
14:21:00.730   4316,927      26415,9359
14:21:01.288   4317,485      26380,9169
14:21:01.824   4318,021      26376,0114
14:21:02.385   4318,582      26402,2854
14:21:02.949   4319,146      26447,2299
14:21:03.450   4319,647      26388,8717
14:21:04.010   4320,207      26432,1154
14:21:04.549   4320,746      26447,4183
14:21:05.107   4321,304      26395,8754
14:21:05.695   4321,892      26438,3342
14:21:06.248   4322,445      26474,4306
14:21:06.792   4322,989      26515,0666
14:21:07.432   4323,629      26446,1440
14:21:07.956   4324,153      26466,1406
14:21:08.510   4324,707      26515,7865
14:21:09.046   4325,243      26475,5565
14:21:09.636   4325,833      26501,0015
14:21:10.155   4326,352      26500,2708
14:21:10.706   4326,903      26514,0275
14:21:11.256   4327,453      26536,1370
14:21:11.824   4328,021      26564,3375
14:21:12.390   4328,587      26512,1000
14:21:12.929   4329,126      26521,2075
14:21:13.505   4329,702      26562,5759
14:21:14.047   4330,244      26544,3151
14:21:14.592   4330,789      26588,5317
14:21:15.128   4331,325      26578,3671
14:21:15.632   4331,829      26565,7840
14:21:16.185   4332,382      26579,1983
14:21:16.742   4332,939      26586,8076
14:21:17.290   4333,487      26554,7877
14:21:17.808   4334,005      26636,6707
14:21:18.383   4334,580      26601,6209
14:21:18.963   4335,160      26619,7340
14:21:19.485   4335,682      26575,2755
14:21:20.033   4336,230      26618,5171
14:21:20.588   4336,785      26604,4798
14:21:21.131   4337,328      26619,3543
14:21:21.662   4337,859      26584,9227
14:21:22.238   4338,435      26630,3298
14:21:22.830   4339,027      26648,8145
14:21:23.338   4339,535      26645,2325
14:21:23.874   4340,071      26651,3453
14:21:24.438   4340,635      26648,1756
14:21:24.987   4341,184      26657,8632
14:21:25.500   4341,697      26658,1475
14:21:26.045   4342,242      26639,6830
14:21:26.604   4342,801      26646,9590
14:21:27.125   4343,322      26617,1376
14:21:27.641   4343,838      26634,5410
14:21:28.184   4344,381      26686,5602
14:21:28.726   4344,923      26643,6464
14:21:29.278   4345,475      26642,5184
14:21:29.839   4346,036      26713,2403
14:21:30.388   4346,585      26647,2016
14:21:30.940   4347,137      26646,1845
14:21:31.528   4347,725      26646,7597
14:21:32.081   4348,278      26635,8285
14:21:32.619   4348,816      26643,7863
14:21:33.162   4349,359      26638,5031
14:21:33.731   4349,928      26604,1899
14:21:34.288   4350,485      26611,1236
14:21:34.857   4351,054      26569,3704
14:21:35.384   4351,581      26564,7401
14:21:35.958   4352,155      26527,0363
14:21:36.491   4352,688      26463,6094
14:21:37.026   4353,223      26401,9758
14:21:37.609   4353,806      26318,3583
14:21:38.195   4354,392      26177,9244
14:21:38.797   4354,994      26004,9516
14:21:39.385   4355,582      25765,7649
14:21:39.928   4356,125      25557,0386
14:21:40.459   4356,656      25281,4021
14:21:41.011   4357,208      24961,5494
14:21:41.584   4357,781      24628,0080
14:21:42.102   4358,299      24207,0593
14:21:42.658   4358,855      23789,5440
14:21:43.204   4359,401      23321,5164
14:21:43.774   4359,971      22782,2788
14:21:44.312   4360,509      22166,2592
14:21:44.873   4361,070      21549,5546
14:21:45.406   4361,603      20982,6909
14:21:45.960   4362,157      20294,6656
14:21:46.498   4362,695      19799,2699
14:21:47.075   4363,272      19216,6443
14:21:47.577   4363,774      18704,2156
14:21:48.154   4364,351      18169,5941
14:21:48.684   4364,881      17664,2261
14:21:49.221   4365,418      17185,9749
14:21:49.789   4365,986      16675,0828
14:21:50.369   4366,566      16139,5631
14:21:50.944   4367,141      15592,7691
14:21:51.459   4367,656      15121,5539
14:21:51.999   4368,196      14659,3118
14:21:52.573   4368,770      14152,2111
14:21:53.120   4369,317      13684,6522
14:21:53.638   4369,835      13279,2041
14:21:54.170   4370,367      12776,5979
14:21:54.740   4370,937      12315,7961
14:21:55.295   4371,492      11879,9396
14:21:55.835   4372,032      11441,6038
14:21:56.368   4372,565      11031,3161
14:21:56.913   4373,110      10584,4174
14:21:57.427   4373,624      10250,6866
14:21:58.002   4374,199       9790,5017
14:21:58.569   4374,766       9386,1017
14:21:59.124   4375,321       8991,8831
14:21:59.663   4375,860       8644,1221
14:22:00.212   4376,409       8299,0505
14:22:00.784   4376,981       7939,7660
14:22:01.392   4377,589       7580,0108
14:22:01.977   4378,174       7273,6940
14:22:02.553   4378,750       6989,9570
14:22:03.135   4379,332       6618,4036
14:22:03.723   4379,920       6336,7730
14:22:04.266   4380,463       6089,5175
14:22:04.842   4381,039       5841,6769
14:22:05.431   4381,628       5582,1916
14:22:05.971   4382,168       5326,4930
14:22:06.526   4382,723       5124,1553
14:22:07.145   4383,342       4907,1781
14:22:07.708   4383,905       4722,1519
14:22:08.279   4384,476       4534,4159
14:22:08.862   4385,059       4357,5509
14:22:09.426   4385,623       4196,8727
14:22:09.980   4386,177       4017,6200
14:22:10.539   4386,736       3865,9175
14:22:11.073   4387,270       3719,3334
14:22:11.652   4387,849       3580,7414
14:22:12.214   4388,411       3472,7312
14:22:12.783   4388,980       3340,1682
14:22:13.356   4389,553       3224,5482
14:22:13.925   4390,122       3096,9732
14:22:14.500   4390,697       3059,7597
14:22:15.039   4391,236       3084,4921
14:22:15.541   4391,738       3083,0489
14:22:16.114   4392,311       3134,6407
14:22:16.681   4392,878       3208,2166
14:22:17.239   4393,436       3301,4033
14:22:17.820   4394,017       3411,8038
14:22:18.357   4394,554       3485,3972
14:22:18.940   4395,137       3646,5889
14:22:19.486   4395,683       3763,0345
14:22:19.987   4396,184       3855,0146
14:22:20.558   4396,755       4007,1927
14:22:21.099   4397,296       4141,6479
14:22:21.686   4397,883       4300,4678
14:22:22.229   4398,426       4473,4976
14:22:22.785   4398,982       4646,4967
14:22:23.395   4399,592       4830,5233
14:22:23.942   4400,139       5038,1434
14:22:24.505   4400,702       5251,4052
14:22:25.080   4401,277       5499,6305
14:22:25.637   4401,834       5726,1463
14:22:26.171   4402,368       5920,7847
14:22:26.712   4402,909       6178,9308
14:22:27.214   4403,411       6424,1921
14:22:27.803   4404,000       6729,5654
14:22:28.335   4404,532       7003,2986
14:22:28.878   4405,075       7285,7658
14:22:29.382   4405,579       7534,9953
14:22:29.982   4406,179       7945,2612
14:22:30.564   4406,761       8268,6474
14:22:31.110   4407,307       8649,4586
14:22:31.668   4407,865       9027,3041
14:22:32.210   4408,407       9391,4820
14:22:32.765   4408,962       9815,9771
14:22:33.301   4409,498      10233,7519
14:22:33.875   4410,072      10648,7671
14:22:34.443   4410,640      11087,6871
14:22:35.006   4411,203      11539,8092
14:22:35.637   4411,834      12052,1040
14:22:36.208   4412,405      12573,6343
14:22:36.754   4412,951      13014,0757
14:22:37.334   4413,531      13500,2819
14:22:37.895   4414,092      14018,8798
14:22:38.442   4414,639      14472,1903
14:22:38.978   4415,175      14967,5740
14:22:39.561   4415,758      15495,5103
14:22:40.145   4416,342      16016,3128
14:22:40.710   4416,907      16588,5096
14:22:41.285   4417,482      17113,9408
14:22:41.825   4418,022      17636,3003
14:22:42.391   4418,588      18182,1357
14:22:42.980   4419,177      18673,6604
14:22:43.557   4419,754      19277,7317
14:22:44.133   4420,330      19814,5284
14:22:44.679   4420,876      20284,4145
14:22:45.224   4421,421      20719,0304
14:22:45.784   4421,981      21132,1845
14:22:46.320   4422,517      21575,0375
14:22:46.891   4423,088      22002,3978
14:22:47.457   4423,654      22379,8297
14:22:48.000   4424,197      22725,9986
14:22:48.567   4424,764      23047,0757
14:22:49.103   4425,300      23328,3954
14:22:49.687   4425,884      23586,2549
14:22:50.226   4426,423      23883,4336
14:22:50.798   4426,995      24086,0616
14:22:51.385   4427,582      24313,9483
14:22:51.940   4428,137      24465,3865
14:22:52.497   4428,694      24667,2545
14:22:53.032   4429,229      24783,7122
14:22:53.550   4429,747      24877,3095
14:22:54.125   4430,322      24976,7793
14:22:54.691   4430,888      25181,6875
14:22:55.224   4431,421      25247,8261
14:22:55.739   4431,936      25307,4627
14:22:56.301   4432,498      25347,5766
14:22:56.857   4433,054      25416,5889
14:22:57.454   4433,651      25525,3808
14:22:57.959   4434,156      25544,6543
14:22:58.549   4434,746      25586,4170
14:22:59.100   4435,297      25599,1957
14:22:59.671   4435,868      25668,5099
14:23:00.252   4436,449      25692,7689
14:23:00.821   4437,018      25737,2292
14:23:01.400   4437,597      25752,2276
14:23:01.956   4438,153      25806,2497
14:23:02.534   4438,731      25851,8657
14:23:03.091   4439,288      25847,6118
14:23:03.674   4439,871      25864,3318
14:23:04.250   4440,447      25885,3588
14:23:04.806   4441,003      25902,6187
14:23:05.423   4441,620      25974,0432
14:23:05.968   4442,165      25944,5877
14:23:06.540   4442,737      26009,2694
14:23:07.070   4443,267      25988,0174
14:23:07.595   4443,792      26052,1286
14:23:08.155   4444,352      26060,3380
14:23:08.697   4444,894      26075,9883
14:23:09.238   4445,435      26083,3166
14:23:09.820   4446,017      26110,5273
14:23:10.369   4446,566      26139,9434
14:23:10.872   4447,069      26112,4831
14:23:11.380   4447,577      26153,6575
14:23:11.954   4448,151      26149,0199
14:23:12.522   4448,719      26114,2127
14:23:13.077   4449,274      26140,9247
14:23:13.587   4449,784      26150,2746
14:23:14.158   4450,355      26169,2042
14:23:14.719   4450,916      26158,6754
14:23:15.254   4451,451      26203,5234
14:23:15.760   4451,957      26181,2632
14:23:16.318   4452,515      26167,3150
14:23:16.871   4453,068      26242,0807
14:23:17.447   4453,644      26245,6733
14:23:18.019   4454,216      26271,7219
14:23:18.574   4454,771      26222,9348
14:23:19.117   4455,314      26221,7575
14:23:19.631   4455,828      26238,4171
14:23:20.193   4456,390      26286,9342
14:23:20.738   4456,935      26260,0585
14:23:21.280   4457,477      26286,2912
14:23:21.846   4458,043      26296,7351
14:23:22.419   4458,616      26305,4901
14:23:22.955   4459,152      26336,8436
14:23:23.537   4459,734      26327,2754
14:23:24.102   4460,299      26303,4951
14:23:24.656   4460,853      26338,7802
14:23:25.195   4461,392      26288,2971
14:23:25.728   4461,925      26322,5001
14:23:26.288   4462,485      26379,8655
14:23:26.830   4463,027      26409,4318
14:23:27.344   4463,541      26379,3668
14:23:27.849   4464,046      26394,9348
14:23:28.447   4464,644      26437,1568
14:23:28.991   4465,188      26429,2383
14:23:29.524   4465,721      26428,4458
14:23:30.070   4466,267      26418,8640
14:23:30.570   4466,767      26427,0285
14:23:31.137   4467,334      26467,0582
14:23:31.651   4467,848      26439,0131
14:23:32.219   4468,416      26484,1732
14:23:32.760   4468,957      26401,2837
14:23:33.308   4469,505      26487,7275
14:23:33.814   4470,011      26464,8491
14:23:34.359   4470,556      26465,9055
14:23:34.894   4471,091      26489,3709
14:23:35.440   4471,637      26417,0132
14:23:35.990   4472,187      26473,1098
14:23:36.559   4472,756      26467,2864
14:23:37.113   4473,310      26496,9962
14:23:37.625   4473,822      26491,6516
14:23:38.195   4474,392      26467,0463
14:23:38.733   4474,930      26466,6189
14:23:39.351   4475,548      26539,5772
14:23:39.906   4476,103      26499,3788
14:23:40.452   4476,649      26511,1752
14:23:40.996   4477,193      26488,8402
14:23:41.545   4477,742      26525,5944
14:23:42.131   4478,328      26511,1913
14:23:42.697   4478,894      26519,0689
14:23:43.254   4479,451      26466,9473
14:23:43.768   4479,965      26529,8926
14:23:44.320   4480,517      26490,3718
14:23:44.877   4481,074      26534,4706
14:23:45.406   4481,603      26525,7063
14:23:45.972   4482,169      26529,6123
14:23:46.501   4482,698      26550,1646
14:23:47.048   4483,245      26546,7437
14:23:47.625   4483,822      26570,8100
14:23:48.187   4484,384      26497,9809
14:23:48.733   4484,930      26506,5504
14:23:49.277   4485,474      26576,0122
14:23:49.860   4486,057      26553,5752
14:23:50.438   4486,635      26559,1602
14:23:50.974   4487,171      26552,8582
14:23:51.543   4487,740      26543,3129
14:23:52.121   4488,318      26572,4950
14:23:52.657   4488,854      26593,6239
14:23:53.241   4489,438      26572,4817
14:23:53.790   4489,987      26587,8600
14:23:54.340   4490,537      26556,4468
14:23:54.902   4491,099      26551,1298
14:23:55.422   4491,619      26560,9568
14:23:55.956   4492,153      26558,6926
14:23:56.536   4492,733      26564,5766
14:23:57.077   4493,274      26570,2675
14:23:57.666   4493,863      26568,9665
14:23:58.207   4494,404      26543,7834
14:23:58.778   4494,975      26603,6829
14:23:59.342   4495,539      26539,5136
14:23:59.885   4496,082      26543,3622
14:24:00.481   4496,678      26540,1490
14:24:01.063   4497,260      26543,0449
14:24:01.649   4497,846      26600,0129
14:24:02.160   4498,357      26567,7333
14:24:02.746   4498,943      26573,4024
14:24:03.290   4499,487      26556,4498
14:24:03.825   4500,022      26560,3648
14:24:04.393   4500,590      26517,9194
14:24:04.972   4501,169      26550,1265
14:24:05.479   4501,676      26508,3991
14:24:05.995   4502,192      26484,1735
14:24:06.540   4502,737      26428,6581
14:24:07.102   4503,299      26417,3056
14:24:07.686   4503,883      26226,0252
14:24:08.250   4504,447      26179,7635
14:24:08.828   4505,025      26032,5296
14:24:09.421   4505,618      25844,2985
14:24:09.996   4506,193      25641,8598
14:24:10.570   4506,767      25307,5613
14:24:11.123   4507,320      25054,8540
14:24:11.637   4507,834      24714,6173
14:24:12.199   4508,396      24353,3755
14:24:12.751   4508,948      23921,1729
14:24:13.371   4509,568      23506,1997
14:24:13.925   4510,122      22871,9043
14:24:14.494   4510,691      22301,3159
14:24:15.033   4511,230      21689,2837
14:24:15.579   4511,776      21073,0257
14:24:16.137   4512,334      20460,6408
14:24:16.651   4512,848      19939,8931
14:24:17.231   4513,428      19371,1117
14:24:17.761   4513,958      18888,6883
14:24:18.331   4514,528      18337,4421
14:24:18.907   4515,104      17754,4188
14:24:19.409   4515,606      17356,1991
14:24:19.978   4516,175      16792,4277
14:24:20.524   4516,721      16259,2065
14:24:21.066   4517,263      15839,7666
14:24:21.597   4517,794      15383,7263
14:24:22.145   4518,342      14870,9481
14:24:22.675   4518,872      14414,2325
14:24:23.227   4519,424      13876,7326
14:24:23.756   4519,953      13463,7738
14:24:24.326   4520,523      12940,8536
14:24:24.859   4521,056      12522,0840
14:24:25.440   4521,637      12047,2832
14:24:25.996   4522,193      11586,6133
14:24:26.537   4522,734      11145,1766
14:24:27.152   4523,349      10725,9945
14:24:27.735   4523,932      10222,8429
14:24:28.292   4524,489       9831,2788
14:24:28.830   4525,027       9413,6147
14:24:29.409   4525,606       9055,9355
14:24:29.952   4526,149       8713,4596
14:24:30.484   4526,681       8334,1514
14:24:31.021   4527,218       7994,0060
14:24:31.540   4527,737       7685,1684
14:24:32.077   4528,274       7386,5774
14:24:32.625   4528,822       7118,8956
14:24:33.127   4529,324       6855,6374
14:24:33.646   4529,843       6587,5381
14:24:34.151   4530,348       6343,4705
14:24:34.730   4530,927       6051,4085
14:24:35.344   4531,541       5812,9124
14:24:35.911   4532,108       5563,1488
14:24:36.453   4532,650       5327,2311
14:24:36.996   4533,193       5124,0297
14:24:37.591   4533,788       4881,6801
14:24:38.173   4534,370       4707,5749
14:24:38.728   4534,925       4515,3848
14:24:39.279   4535,476       4341,9390
14:24:39.807   4536,004       4188,0835
14:24:40.365   4536,562       4038,3300
14:24:40.947   4537,144       3868,7651
14:24:41.464   4537,661       3753,1149
14:24:42.022   4538,219       3589,3121
14:24:42.575   4538,772       3462,2968
14:24:43.075   4539,272       3377,4608
14:24:43.660   4539,857       3255,0479
14:24:44.207   4540,404       3128,3921
14:24:44.764   4540,961       3061,3030
14:24:45.348   4541,545       3096,1108
14:24:45.877   4542,074       3077,1478
14:24:46.471   4542,668       3144,7209
14:24:47.021   4543,218       3218,9975
14:24:47.609   4543,806       3338,9446
14:24:48.159   4544,356       3408,5828
14:24:48.724   4544,921       3507,3938
14:24:49.264   4545,461       3631,9612
14:24:49.845   4546,042       3758,9591
14:24:50.419   4546,616       3892,1905
14:24:50.972   4547,169       4023,9890
14:24:51.482   4547,679       4148,8996
14:24:52.055   4548,252       4329,4912
14:24:52.592   4548,789       4471,7740
14:24:53.149   4549,346       4649,6231
14:24:53.735   4549,932       4878,2216
14:24:54.238   4550,435       5046,0244
14:24:54.782   4550,979       5261,6481
14:24:55.383   4551,580       5453,4176
14:24:55.951   4552,148       5683,6199
14:24:56.546   4552,743       5938,3341
14:24:57.106   4553,303       6186,1449
14:24:57.634   4553,831       6455,4389
14:24:58.201   4554,398       6730,9403
14:24:58.751   4554,948       7070,2309
14:24:59.294   4555,491       7324,3082
14:24:59.797   4555,994       7579,4522
14:25:00.331   4556,528       7938,0983
14:25:00.877   4557,074       8294,3954
14:25:01.388   4557,585       8593,9127
14:25:01.961   4558,158       8969,6458
14:25:02.512   4558,709       9366,6972
14:25:03.085   4559,282       9788,8046
14:25:03.641   4559,838      10203,8058
14:25:04.231   4560,428      10616,8345
14:25:04.787   4560,984      11092,2355
14:25:05.372   4561,569      11495,1212
14:25:05.921   4562,118      11996,6661
14:25:06.476   4562,673      12481,3642
14:25:07.076   4563,273      12959,0502
14:25:07.649   4563,846      13451,2046
14:25:08.222   4564,419      13989,7120
14:25:08.789   4564,986      14408,9234
14:25:09.368   4565,565      14938,7628
14:25:09.875   4566,072      15372,6199
14:25:10.423   4566,620      15972,4113
14:25:10.962   4567,159      16427,8509
14:25:11.488   4567,685      16968,2771
14:25:12.016   4568,213      17427,6939
14:25:12.598   4568,795      17952,9948
14:25:13.174   4569,371      18533,4472
14:25:13.747   4569,944      19039,3505
14:25:14.308   4570,505      19587,0236
14:25:14.856   4571,053      20056,9001
14:25:15.430   4571,627      20543,3289
14:25:15.960   4572,157      20977,2401
14:25:16.560   4572,757      21456,2827
14:25:17.106   4573,303      21851,1896
14:25:17.644   4573,841      22228,9340
14:25:18.217   4574,414      22605,0150
14:25:18.757   4574,954      22944,4047
14:25:19.360   4575,557      23252,7778
14:25:19.889   4576,086      23510,7278
14:25:20.439   4576,636      23763,1400
14:25:20.978   4577,175      24066,4822
14:25:21.489   4577,686      24188,8313
14:25:22.062   4578,259      24454,7003
14:25:22.619   4578,816      24586,9980
14:25:23.136   4579,333      24718,1288
14:25:23.703   4579,900      24843,5602
14:25:24.216   4580,413      24949,4352
14:25:24.756   4580,953      25074,2819
14:25:25.295   4581,492      25176,6457
14:25:25.803   4582,000      25232,6548
14:25:26.303   4582,500      25310,1182
14:25:26.842   4583,039      25337,2764
14:25:27.366   4583,563      25413,6413
14:25:27.939   4584,136      25483,4371
14:25:28.442   4584,639      25519,8937
14:25:29.009   4585,206      25571,8569
14:25:29.543   4585,740      25660,3941
14:25:30.132   4586,329      25685,4038
14:25:30.730   4586,927      25741,9261
14:25:31.345   4587,542      25739,6915
14:25:31.931   4588,128      25776,0454
14:25:32.482   4588,679      25802,5350
14:25:33.072   4589,269      25871,7560
14:25:33.655   4589,852      25871,7325
14:25:34.254   4590,451      25868,5115
14:25:34.844   4591,041      25943,7848
14:25:35.383   4591,580      25961,7990
14:25:35.926   4592,123      25988,9190
14:25:36.485   4592,682      25980,0413
14:25:37.059   4593,256      26013,0429
14:25:37.627   4593,824      26006,0876
14:25:38.188   4594,385      26040,7336
14:25:38.760   4594,957      26025,6634
14:25:39.344   4595,541      26110,0282
14:25:39.901   4596,098      26069,4129
14:25:40.437   4596,634      26095,6233
14:25:40.995   4597,192      26083,1941
14:25:41.580   4597,777      26113,9313
14:25:42.151   4598,348      26123,8292
14:25:42.687   4598,884      26171,6272
14:25:43.227   4599,424      26180,2555
14:25:43.812   4600,009      26163,6296
14:25:44.397   4600,594      26193,2736
14:25:44.975   4601,172      26212,4751
14:25:45.540   4601,737      26174,0950
14:25:46.040   4602,237      26224,5383
14:25:46.561   4602,758      26205,0195
14:25:47.116   4603,313      26260,9464
14:25:47.631   4603,828      26216,1623
14:25:48.187   4604,384      26232,5962
14:25:48.731   4604,928      26235,9494
14:25:49.272   4605,469      26268,2962
14:25:49.862   4606,059      26265,5500
14:25:50.415   4606,612      26260,8266
14:25:50.977   4607,174      26312,0440
14:25:51.523   4607,720      26303,9929
14:25:52.043   4608,240      26298,4040
14:25:52.607   4608,804      26325,9899
14:25:53.171   4609,368      26308,7784
14:25:53.736   4609,933      26335,9788
14:25:54.326   4610,523      26305,5434
14:25:54.865   4611,062      26323,2109
14:25:55.368   4611,565      26323,4890
14:25:55.922   4612,119      26334,3486
14:25:56.434   4612,631      26362,9753
14:25:56.950   4613,147      26336,9070
14:25:57.476   4613,673      26352,4603
14:25:58.024   4614,221      26396,6098
14:25:58.600   4614,797      26395,3875
14:25:59.151   4615,348      26346,0824
14:25:59.737   4615,934      26421,0356
14:26:00.278   4616,475      26401,8139
14:26:00.817   4617,014      26399,8596
14:26:01.438   4617,635      26371,0037
14:26:01.986   4618,183      26396,0984
14:26:02.522   4618,719      26400,2663
14:26:03.082   4619,279      26432,5775
14:26:03.601   4619,798      26414,6820
14:26:04.202   4620,399      26399,2001
14:26:04.750   4620,947      26425,3034
14:26:05.354   4621,551      26459,2286
14:26:05.910   4622,107      26450,3475
14:26:06.487   4622,684      26454,5147
14:26:07.048   4623,245      26406,2473
14:26:07.559   4623,756      26459,0998
14:26:08.109   4624,306      26472,2488
14:26:08.674   4624,871      26467,1651
14:26:09.233   4625,430      26512,6249
14:26:09.830   4626,027      26455,9852
14:26:10.410   4626,607      26458,5980
14:26:10.950   4627,147      26477,5142
14:26:11.516   4627,713      26513,9637
14:26:12.052   4628,249      26482,8506
14:26:12.626   4628,823      26476,1545
14:26:13.180   4629,377      26504,5106
14:26:13.775   4629,972      26505,4196
14:26:14.370   4630,567      26499,3903
14:26:14.937   4631,134      26524,7041
14:26:15.520   4631,717      26516,6689
14:26:16.075   4632,272      26516,9776
14:26:16.583   4632,780      26521,4982
14:26:17.117   4633,314      26507,9038
14:26:17.691   4633,888      26542,3420
14:26:18.211   4634,408      26507,4877
14:26:18.820   4635,017      26548,7991
14:26:19.426   4635,623      26548,5168
14:26:20.017   4636,214      26509,5655
14:26:20.565   4636,762      26540,7848
14:26:21.114   4637,311      26598,0621
14:26:21.623   4637,820      26564,3340
14:26:22.193   4638,390      26554,2557
14:26:22.731   4638,928      26587,6332
14:26:23.342   4639,539      26572,6248
14:26:23.888   4640,085      26561,9092
14:26:24.451   4640,648      26571,8028
14:26:24.952   4641,149      26598,0859
14:26:25.481   4641,678      26602,3689
14:26:26.041   4642,238      26636,0262
14:26:26.622   4642,819      26584,6300
14:26:27.152   4643,349      26612,2200
14:26:27.689   4643,886      26622,1109
14:26:28.237   4644,434      26588,8522
14:26:28.826   4645,023      26609,5430
14:26:29.411   4645,608      26694,2176
14:26:29.950   4646,147      26592,1474
14:26:30.537   4646,734      26571,0315
14:26:31.116   4647,313      26637,7704
14:26:31.625   4647,822      26584,8501
14:26:32.165   4648,362      26613,5125
14:26:32.714   4648,911      26626,8851
14:26:33.283   4649,480      26613,4587
14:26:33.786   4649,983      26591,3271
14:26:34.346   4650,543      26558,5223
14:26:34.877   4651,074      26612,8822
14:26:35.392   4651,589      26598,4678
14:26:35.947   4652,144      26556,6163
14:26:36.481   4652,678      26493,8142
14:26:37.033   4653,230      26485,3696
14:26:37.623   4653,820      26366,8158
14:26:38.189   4654,386      26281,3456
14:26:38.742   4654,939      26181,7543
14:26:39.273   4655,470      26090,4341
14:26:39.776   4655,973      25914,3892
14:26:40.285   4656,482      25652,5299
14:26:40.864   4657,061      25409,7529
14:26:41.413   4657,610      25106,5298
14:26:41.981   4658,178      24744,8828
14:26:42.532   4658,729      24369,3125
14:26:43.067   4659,264      23953,0251
14:26:43.571   4659,768      23532,9788
14:26:44.115   4660,312      23070,6226
14:26:44.662   4660,859      22462,3647
14:26:45.196   4661,393      21909,3969
14:26:45.727   4661,924      21283,4648
14:26:46.269   4662,466      20631,8926
14:26:46.857   4663,054      20073,3020
14:26:47.453   4663,650      19458,6103
14:26:48.019   4664,216      18894,2246
14:26:48.573   4664,770      18379,8077
14:26:49.123   4665,320      17901,9801
14:26:49.733   4665,930      17374,2081
14:26:50.256   4666,453      16857,8773
14:26:50.853   4667,050      16348,0919
14:26:51.428   4667,625      15805,8153
14:26:51.974   4668,171      15297,5204
14:26:52.502   4668,699      14820,1523
14:26:53.097   4669,294      14318,8804
14:26:53.677   4669,874      13845,1660
14:26:54.178   4670,375      13382,0078
14:26:54.728   4670,925      12946,2055
14:26:55.265   4671,462      12508,9715
14:26:55.766   4671,963      12064,0571
14:26:56.282   4672,479      11648,2377
14:26:56.826   4673,023      11230,8580
14:26:57.423   4673,620      10760,0102
14:26:57.930   4674,127      10378,0748
14:26:58.483   4674,680       9972,6726
14:26:59.020   4675,217       9601,2637
14:26:59.615   4675,812       9146,2105
14:27:00.162   4676,359       8792,7942
14:27:00.715   4676,912       8456,0690
14:27:01.270   4677,467       8073,4561
14:27:01.773   4677,970       7784,9439
14:27:02.316   4678,513       7485,1467
14:27:02.875   4679,072       7165,9716
14:27:03.378   4679,575       6924,0786
14:27:03.966   4680,163       6632,8042
14:27:04.489   4680,686       6359,7787
14:27:05.000   4681,197       6143,8750
14:27:05.500   4681,697       5887,7808
14:27:06.064   4682,261       5659,5840
14:27:06.631   4682,828       5420,1453
14:27:07.198   4683,395       5207,3742
14:27:07.710   4683,907       5015,2987
14:27:08.257   4684,454       4814,8982
14:27:08.824   4685,021       4599,8845
14:27:09.419   4685,616       4433,2923
14:27:09.966   4686,163       4277,8930
14:27:10.526   4686,723       4130,9476
14:27:11.092   4687,289       3935,4678
14:27:11.615   4687,812       3804,4962
14:27:12.149   4688,346       3688,3018
14:27:12.692   4688,889       3563,6448
14:27:13.230   4689,427       3423,5481
14:27:13.751   4689,948       3332,4977
14:27:14.277   4690,474       3243,3153
14:27:14.814   4691,011       3132,9087
14:27:15.439   4691,636       3057,5665
14:27:15.985   4692,182       3079,4133
14:27:16.538   4692,735       3141,5726
14:27:17.094   4693,291       3202,3276
14:27:17.624   4693,821       3269,8982
14:27:18.146   4694,343       3356,9838
14:27:18.673   4694,870       3461,8452
14:27:19.243   4695,440       3538,1357
14:27:19.835   4696,032       3688,7033
14:27:20.396   4696,593       3820,0023
14:27:20.953   4697,150       3937,1021
14:27:21.537   4697,734       4108,9004
14:27:22.105   4698,302       4252,7768
14:27:22.653   4698,850       4424,9287
14:27:23.161   4699,358       4570,3607
14:27:23.753   4699,950       4747,6482
14:27:24.295   4700,492       4956,9661
14:27:24.869   4701,066       5149,9056
14:27:25.452   4701,649       5360,6540
14:27:26.028   4702,225       5609,0619
14:27:26.574   4702,771       5846,1967
14:27:27.126   4703,323       6053,5006
14:27:27.699   4703,896       6337,4724
14:27:28.203   4704,400       6551,1921
14:27:28.776   4704,973       6843,1938
14:27:29.364   4705,561       7163,6155
14:27:29.864   4706,061       7422,7507
14:27:30.428   4706,625       7787,1811
14:27:30.961   4707,158       8114,0399
14:27:31.549   4707,746       8472,3202
14:27:32.093   4708,290       8840,8310
14:27:32.637   4708,834       9180,3385
14:27:33.215   4709,412       9571,4631
14:27:33.720   4709,917       9973,8699
14:27:34.303   4710,500      10446,0422
14:27:34.844   4711,041      10823,5629
14:27:35.427   4711,624      11316,3152
14:27:35.982   4712,179      11718,5755
14:27:36.545   4712,742      12226,0311
14:27:37.121   4713,318      12716,9799
14:27:37.701   4713,898      13198,7946
14:27:38.265   4714,462      13634,0510
14:27:38.845   4715,042      14149,4695
14:27:39.357   4715,554      14584,1203
14:27:39.919   4716,116      15134,0817
14:27:40.454   4716,651      15597,5001
14:27:41.011   4717,208      16160,9416
14:27:41.526   4717,723      16626,7960
14:27:42.067   4718,264      17148,9655
14:27:42.612   4718,809      17587,8256
14:27:43.176   4719,373      18178,9522
14:27:43.766   4719,963      18748,4502
14:27:44.311   4720,508      19230,4026
14:27:44.848   4721,045      19713,2598
14:27:45.446   4721,643      20195,7108
14:27:46.046   4722,243      20772,7321
14:27:46.648   4722,845      21227,3691
14:27:47.221   4723,418      21674,3125
14:27:47.751   4723,948      22049,6683
14:27:48.329   4724,526      22448,8835
14:27:48.877   4725,074      22780,7997
14:27:49.393   4725,590      23099,7741
14:27:49.897   4726,094      23372,2503
14:27:50.436   4726,633      23613,2762
14:27:50.983   4727,180      23896,7249
14:27:51.552   4727,749      24120,2728
14:27:52.119   4728,316      24375,7776
14:27:52.675   4728,872      24551,6958
14:27:53.190   4729,387      24670,7368
14:27:53.803   4730,000      24831,4517
14:27:54.348   4730,545      24940,0675
14:27:54.915   4731,112      25107,7890
14:27:55.416   4731,613      25144,6566
14:27:56.003   4732,200      25262,7550
14:27:56.558   4732,755      25362,1969
14:27:57.134   4733,331      25397,1027
14:27:57.639   4733,836      25429,9347
14:27:58.221   4734,418      25555,6242
14:27:58.760   4734,957      25599,7760
14:27:59.371   4735,568      25635,9145
14:27:59.937   4736,134      25636,4442
14:28:00.438   4736,635      25691,6100
14:28:00.982   4737,179      25752,5141
14:28:01.512   4737,709      25781,1937
14:28:02.128   4738,325      25801,9089
14:28:02.660   4738,857      25830,5697
14:28:03.238   4739,435      25875,8383
14:28:03.775   4739,972      25916,6033
14:28:04.377   4740,574      25906,6350
14:28:04.914   4741,111      25941,4199
14:28:05.497   4741,694      25959,3853
14:28:06.040   4742,237      26028,4005
14:28:06.584   4742,781      26034,8988
14:28:07.133   4743,330      25984,7983
14:28:07.633   4743,830      26070,8781
14:28:08.182   4744,379      26039,1992
14:28:08.712   4744,909      26043,8023
14:28:09.262   4745,459      26105,9095
14:28:09.782   4745,979      26124,5429
14:28:10.331   4746,528      26127,0625
14:28:10.878   4747,075      26151,0684
14:28:11.396   4747,593      26177,6410
14:28:11.973   4748,170      26130,7849
14:28:12.545   4748,742      26158,9706
14:28:13.096   4749,293      26187,0907
14:28:13.710   4749,907      26204,7170
14:28:14.319   4750,516      26200,2579
14:28:14.884   4751,081      26187,5116
14:28:15.463   4751,660      26257,4878
14:28:16.024   4752,221      26230,5813
14:28:16.571   4752,768      26259,7228
14:28:17.127   4753,324      26258,2123
14:28:17.648   4753,845      26287,7147
14:28:18.220   4754,417      26276,4819
14:28:18.725   4754,922      26247,6898
14:28:19.276   4755,473      26311,2675
14:28:19.844   4756,041      26275,8605
14:28:20.397   4756,594      26304,6998
14:28:20.945   4757,142      26334,0773
14:28:21.532   4757,729      26306,2613
14:28:22.119   4758,316      26354,3452
14:28:22.679   4758,876      26349,7061
14:28:23.256   4759,453      26300,7867
14:28:23.756   4759,953      26371,2794
14:28:24.307   4760,504      26349,3724
14:28:24.847   4761,044      26415,7659
14:28:25.360   4761,557      26382,9088
14:28:25.903   4762,100      26426,5111
14:28:26.465   4762,662      26400,3538
14:28:27.016   4763,213      26373,2804
14:28:27.536   4763,733      26406,2944
14:28:28.079   4764,276      26427,6597
14:28:28.652   4764,849      26388,1581
14:28:29.203   4765,400      26402,4448
14:28:29.715   4765,912      26428,1965
14:28:30.290   4766,487      26475,5280
14:28:30.848   4767,045      26386,9963
14:28:31.421   4767,618      26460,7931
14:28:31.976   4768,173      26464,7480
14:28:32.533   4768,730      26482,8822
14:28:33.096   4769,293      26417,6812
14:28:33.605   4769,802      26444,7530
14:28:34.156   4770,353      26462,8842
14:28:34.698   4770,895      26491,6721
14:28:35.260   4771,457      26493,1114
14:28:35.760   4771,957      26501,8246
14:28:36.302   4772,499      26447,4335
14:28:36.878   4773,075      26497,2761
14:28:37.394   4773,591      26499,5728
14:28:37.977   4774,174      26510,8186
14:28:38.487   4774,684      26519,9580
14:28:39.041   4775,238      26504,2762
14:28:39.589   4775,786      26517,1528
14:28:40.137   4776,334      26523,1621
14:28:40.690   4776,887      26516,5253
14:28:41.225   4777,422      26503,5965
14:28:41.753   4777,950      26542,7018
14:28:42.315   4778,512      26477,6593
14:28:42.869   4779,066      26562,5662
14:28:43.375   4779,572      26517,4484
14:28:43.955   4780,152      26499,4457
14:28:44.517   4780,714      26534,7045
14:28:45.063   4781,260      26498,5658
14:28:45.661   4781,858      26531,5484
14:28:46.234   4782,431      26576,1192
14:28:46.817   4783,014      26517,1161
14:28:47.386   4783,583      26523,6107
14:28:47.922   4784,119      26551,0356
14:28:48.503   4784,700      26540,7915
14:28:49.058   4785,255      26569,9300
14:28:49.599   4785,796      26534,3083
14:28:50.161   4786,358      26569,2940
14:28:50.667   4786,864      26607,5451
14:28:51.241   4787,438      26557,8863
14:28:51.767   4787,964      26541,9328
14:28:52.277   4788,474      26588,0297
14:28:52.845   4789,042      26567,8763
14:28:53.352   4789,549      26575,6857
14:28:53.919   4790,116      26592,1945
14:28:54.456   4790,653      26561,8277
14:28:55.027   4791,224      26538,3609
14:28:55.535   4791,732      26575,9614
14:28:56.043   4792,240      26588,9101
14:28:56.607   4792,804      26593,2514
14:28:57.190   4793,387      26632,7316
14:28:57.759   4793,956      26621,0613
14:28:58.307   4794,504      26600,2447
14:28:58.856   4795,053      26622,2051
14:28:59.437   4795,634      26615,6157
14:28:59.987   4796,184      26634,5659
14:29:00.491   4796,688      26625,3737
14:29:01.017   4797,214      26607,5069
14:29:01.534   4797,731      26664,8237
14:29:02.109   4798,306      26620,6379
14:29:02.683   4798,880      26583,5649
14:29:03.270   4799,467      26624,4081
14:29:03.840   4800,037      26610,2954
14:29:04.406   4800,603      26617,6540
14:29:04.953   4801,150      26568,3799
14:29:05.516   4801,713      26573,2500
14:29:06.088   4802,285      26538,5484
14:29:06.632   4802,829      26521,5234
14:29:07.196   4803,393      26498,1603
14:29:07.729   4803,926      26453,2720
14:29:08.315   4804,512      26380,7448
14:29:08.854   4805,051      26274,0756
14:29:09.359   4805,556      26148,4828
14:29:09.925   4806,122      25945,1318
14:29:10.481   4806,678      25779,5146
14:29:11.026   4807,223      25531,1364
14:29:11.563   4807,760      25241,7555
14:29:12.115   4808,312      24929,3410
14:29:12.665   4808,862      24494,1120
14:29:13.231   4809,428      24108,8103
14:29:13.745   4809,942      23670,9027
14:29:14.320   4810,517      23155,0387
14:29:14.881   4811,078      22579,3536
14:29:15.452   4811,649      21950,2692
14:29:15.979   4812,176      21348,2613
14:29:16.548   4812,745      20727,4113
14:29:17.098   4813,295      20161,0850
14:29:17.622   4813,819      19644,9547
14:29:18.164   4814,361      19097,8506
14:29:18.708   4814,905      18646,7452
14:29:19.244   4815,441      18129,8887
14:29:19.751   4815,948      17680,6515
14:29:20.254   4816,451      17147,3793
14:29:20.806   4817,003      16681,3603
14:29:21.390   4817,587      16226,1467
14:29:21.935   4818,132      15666,3548
14:29:22.499   4818,696      15192,6686
14:29:23.035   4819,232      14709,1206
14:29:23.622   4819,819      14167,4388
14:29:24.188   4820,385      13693,3096
14:29:24.788   4820,985      13210,7761
14:29:25.385   4821,582      12731,0642
14:29:25.960   4822,157      12256,3719
14:29:26.487   4822,684      11832,0583
14:29:27.054   4823,251      11391,2848
14:29:27.640   4823,837      10875,8394
14:29:28.211   4824,408      10455,5270
14:29:28.766   4824,963      10044,8339
14:29:29.383   4825,580       9666,3584
14:29:29.939   4826,136       9233,4267
14:29:30.514   4826,711       8841,4861
14:29:31.050   4827,247       8497,7320
14:29:31.559   4827,756       8176,7652
14:29:32.110   4828,307       7852,3577
14:29:32.641   4828,838       7536,4261
14:29:33.204   4829,401       7233,3774
14:29:33.729   4829,926       6954,5801
14:29:34.290   4830,487       6674,5937
14:29:34.861   4831,058       6404,4104
14:29:35.433   4831,630       6120,7763
14:29:36.000   4832,197       5876,5989
14:29:36.501   4832,698       5677,7427
14:29:37.068   4833,265       5424,9712
14:29:37.638   4833,835       5198,6885
14:29:38.194   4834,391       4985,9897
14:29:38.761   4834,958       4804,1167
14:29:39.369   4835,566       4609,3184
14:29:39.950   4836,147       4408,2864
14:29:40.490   4836,687       4245,3640
14:29:41.035   4837,232       4102,0997
14:29:41.651   4837,848       3932,7641
14:29:42.184   4838,381       3796,0040
14:29:42.748   4838,945       3627,0581
14:29:43.296   4839,493       3539,3919
14:29:43.832   4840,029       3412,8394
14:29:44.413   4840,610       3292,6389
14:29:44.969   4841,166       3177,0448
14:29:45.502   4841,699       3082,6878
14:29:46.058   4842,255       3084,8128
14:29:46.623   4842,820       3146,3375
14:29:47.201   4843,398       3197,5974
14:29:47.817   4844,014       3260,4475
14:29:48.374   4844,571       3346,2321
14:29:48.914   4845,111       3457,2477
14:29:49.490   4845,687       3571,2163
14:29:50.047   4846,244       3689,4014
14:29:50.620   4846,817       3804,8521
14:29:51.168   4847,365       3911,8861
14:29:51.690   4847,887       4078,0698
14:29:52.255   4848,452       4213,4955
14:29:52.808   4849,005       4392,1545
14:29:53.376   4849,573       4548,2913
14:29:53.938   4850,135       4726,1296
14:29:54.493   4850,690       4915,6984
14:29:55.080   4851,277       5109,4469
14:29:55.603   4851,800       5322,5483
14:29:56.177   4852,374       5514,8468
14:29:56.768   4852,965       5763,1665
14:29:57.403   4853,600       6019,8425
14:29:57.942   4854,139       6292,8235
14:29:58.508   4854,705       6584,4874
14:29:59.041   4855,238       6852,6505
14:29:59.629   4855,826       7125,2924
14:30:00.197   4856,394       7454,9584
14:30:00.785   4856,982       7803,0708
14:30:01.388   4857,585       8141,4552
14:30:01.975   4858,172       8578,0792
14:30:02.521   4858,718       8872,2733
14:30:03.064   4859,261       9243,1004
14:30:03.583   4859,780       9628,2736
14:30:04.130   4860,327      10075,4694
14:30:04.634   4860,831      10433,7563
14:30:05.186   4861,383      10833,6935
14:50:29.534   6085,731      25518,8602
14:50:30.107   6086,304      25638,5827
14:50:30.656   6086,853      25710,9801
14:50:31.242   6087,439      25782,7750
14:50:31.759   6087,956      25800,3863
14:50:32.309   6088,506      25856,4751
14:50:32.863   6089,060      25915,9658
14:50:33.441   6089,638      25956,2756
14:50:34.027   6090,224      25930,5749
14:50:34.594   6090,791      26023,8448
14:50:35.188   6091,385      26051,0828
14:50:35.769   6091,966      26109,8268
14:50:36.337   6092,534      26118,0882
14:50:36.879   6093,076      26098,8450
14:50:37.498   6093,695      26151,9191
14:50:38.043   6094,240      26166,8533
14:50:38.644   6094,841      26161,5587
14:50:39.210   6095,407      26199,8720
14:50:39.723   6095,920      26229,0632
14:50:40.270   6096,467      26235,6878
14:50:40.793   6096,990      26238,5823
14:50:41.351   6097,548      26279,7573
14:50:41.928   6098,125      26259,3329
14:50:42.522   6098,719      26325,3679
14:50:43.066   6099,263      26325,7555
14:50:43.604   6099,801      26309,4392
14:50:44.150   6100,347      26363,9185
14:50:44.693   6100,890      26361,6525
14:50:45.245   6101,442      26366,9654
14:50:45.749   6101,946      26382,7424
14:50:46.328   6102,525      26405,9220
14:50:46.892   6103,089      26374,9519
14:50:47.504   6103,701      26437,3963
14:50:48.066   6104,263      26433,0130
14:50:48.636   6104,833      26390,0133
14:50:49.175   6105,372      26465,0028
14:50:49.698   6105,895      26472,6687
14:50:50.259   6106,456      26485,3944
14:50:50.821   6107,018      26521,6612
14:50:51.373   6107,570      26493,1881
14:50:51.898   6108,095      26484,2925
14:50:52.463   6108,660      26534,9786
14:50:53.043   6109,240      26512,2090
14:50:53.543   6109,740      26509,0171
14:50:54.062   6110,259      26542,0609
14:50:54.626   6110,823      26556,9974
14:50:55.168   6111,365      26566,3433
14:50:55.682   6111,879      26625,3595
14:50:56.196   6112,393      26601,2915
14:50:56.760   6112,957      26567,5371
14:50:57.303   6113,500      26555,6412
14:50:57.889   6114,086      26581,2192
14:50:58.454   6114,651      26587,4530
14:50:59.032   6115,229      26621,1617
14:50:59.644   6115,841      26616,7246
14:51:00.226   6116,423      26594,2678
14:51:00.809   6117,006      26634,2794
14:51:01.394   6117,591      26626,1239
14:51:01.897   6118,094      26662,1361
14:51:02.448   6118,645      26696,8970
14:51:02.964   6119,161      26723,0036
14:51:03.471   6119,668      26694,3614
14:51:04.041   6120,238      26718,2417
14:51:04.605   6120,802      26719,3466
14:51:05.139   6121,336      26674,0673
14:51:05.657   6121,854      26680,6477
14:51:06.217   6122,414      26703,2816
14:51:06.772   6122,969      26715,0643
14:51:07.355   6123,552      26709,0453
14:51:07.902   6124,099      26725,7969
14:51:08.454   6124,651      26686,5855
14:51:09.010   6125,207      26763,4161
14:51:09.513   6125,710      26726,9950
14:51:10.056   6126,253      26760,4594
14:51:10.628   6126,825      26753,4006
14:51:11.179   6127,376      26721,6142
14:51:11.750   6127,947      26729,8253
14:51:12.286   6128,483      26718,7728
14:51:12.847   6129,044      26754,7798
14:51:13.457   6129,654      26772,8059
14:51:14.049   6130,246      26747,6409
14:51:14.613   6130,810      26801,2443
14:51:15.189   6131,386      26767,3347
14:51:15.762   6131,959      26779,9474
14:51:16.305   6132,502      26716,0346
14:51:16.842   6133,039      26769,0061
14:51:17.440   6133,637      26781,9675
14:51:18.010   6134,207      26761,0528
14:51:18.550   6134,747      26745,3455
14:51:19.120   6135,317      26818,8528
14:51:19.716   6135,913      26797,7981
14:51:20.254   6136,451      26818,8322
14:51:20.819   6137,016      26785,8388
14:51:21.388   6137,585      26808,7859
14:51:21.898   6138,095      26783,0558
14:51:22.473   6138,670      26751,7966
14:51:23.014   6139,211      26823,7201
14:51:23.529   6139,726      26749,4853
14:51:24.082   6140,279      26824,1791
14:51:24.656   6140,853      26797,7588
14:51:25.199   6141,396      26817,0881
14:51:25.791   6141,988      26839,6371
14:51:26.325   6142,522      26826,6337
14:51:26.880   6143,077      26747,2932
14:51:27.461   6143,658      26833,9216
14:51:28.013   6144,210      26777,7393
14:51:28.552   6144,749      26840,6093
14:51:29.107   6145,304      26848,8515
14:51:29.619   6145,816      26820,4877
14:51:30.178   6146,375      26836,1568
14:51:30.721   6146,918      26826,8025
14:51:31.323   6147,520      26778,3035
14:51:31.844   6148,041      26823,6984
14:51:32.386   6148,583      26847,0772
14:51:32.963   6149,160      26875,1970
14:51:33.547   6149,744      26857,3780
14:51:34.116   6150,313      26848,0040
14:51:34.705   6150,902      26818,9208
14:51:35.253   6151,450      26816,3012
14:51:35.777   6151,974      26843,6099
14:51:36.334   6152,531      26789,1167
14:51:36.894   6153,091      26787,2308
14:51:37.459   6153,656      26781,8994
14:51:38.026   6154,223      26831,3502
14:51:38.559   6154,756      26748,9651
14:51:39.118   6155,315      26725,1337
14:51:39.643   6155,840      26764,8251
14:51:40.256   6156,453      26707,0744
14:51:40.800   6156,997      26610,7645
14:51:41.341   6157,538      26503,1813
14:51:41.899   6158,096      26437,9918
14:51:42.455   6158,652      26316,2539
14:51:42.961   6159,158      26157,4729
14:51:43.470   6159,667      25967,3988
14:51:44.065   6160,262      25649,5973
14:51:44.617   6160,814      25332,5267
14:51:45.157   6161,354      25009,6487
14:51:45.664   6161,861      24697,0169
14:51:46.230   6162,427      24256,1249
14:51:46.799   6162,996      23712,2062
14:51:47.368   6163,565      23124,3938
14:51:47.980   6164,177      22495,6840
14:51:48.520   6164,717      21894,6013
14:51:49.089   6165,286      21330,1263
14:51:49.668   6165,865      20764,1636
14:51:50.212   6166,409      20226,2028
14:51:50.769   6166,966      19685,8299
14:51:51.313   6167,510      19238,5972
14:51:51.820   6168,017      18771,7575
14:51:52.324   6168,521      18328,3269
14:51:52.927   6169,124      17800,5222
14:51:53.530   6169,727      17256,9833
14:51:54.055   6170,252      16790,6160
14:51:54.558   6170,755      16372,3099
14:51:55.140   6171,337      15763,9280
14:51:55.662   6171,859      15317,2498
14:51:56.168   6172,365      14858,7301
14:51:56.735   6172,932      14377,7357
14:51:57.295   6173,492      13940,9769
14:51:57.812   6174,009      13513,5033
14:51:58.378   6174,575      13018,5057
14:51:58.914   6175,111      12597,9327
14:51:59.453   6175,650      12231,8137
14:52:00.003   6176,200      11721,5865
14:52:00.510   6176,707      11365,1043
14:52:01.055   6177,252      10924,6627
14:52:01.581   6177,778      10545,2004
14:52:02.142   6178,339      10113,1010
14:52:02.725   6178,922       9719,0866
14:52:03.273   6179,470       9365,9218
14:52:03.808   6180,005       9028,5290
14:52:04.358   6180,555       8685,5547
14:52:04.928   6181,125       8321,0152
14:52:05.505   6181,702       8040,2712
14:52:06.050   6182,247       7701,2802
14:52:06.622   6182,819       7368,1128
14:52:07.160   6183,357       7109,7806
14:52:07.683   6183,880       6831,3510
14:52:08.254   6184,451       6588,1543
14:52:08.799   6184,996       6316,7239
14:52:09.335   6185,532       6048,3635
14:52:09.857   6186,054       5851,0198
14:52:10.390   6186,587       5639,1068
14:52:10.944   6187,141       5400,8845
14:52:11.464   6187,661       5228,7962
14:52:11.964   6188,161       5051,3633
14:52:12.508   6188,705       4867,6683
14:52:13.079   6189,276       4672,4242
14:52:13.589   6189,786       4525,6434
14:52:14.167   6190,364       4333,5320
14:52:14.727   6190,924       4177,5349
14:52:15.262   6191,459       4027,0887
14:52:15.789   6191,986       3897,9592
14:52:16.373   6192,570       3750,0259
14:52:16.929   6193,126       3636,7377
14:52:17.535   6193,732       3503,0967
14:52:18.106   6194,303       3377,8253
14:52:18.661   6194,858       3272,2322
14:52:19.211   6195,408       3235,9331
14:52:19.731   6195,928       3222,3018
14:52:20.307   6196,504       3277,0429
14:52:20.856   6197,053       3349,3344
14:52:21.509   6197,706       3435,1375
14:52:22.078   6198,275       3552,5332
14:52:22.617   6198,814       3647,7978
14:52:23.178   6199,375       3779,6209
14:52:23.685   6199,882       3893,0252
14:52:24.236   6200,433       4034,1596
14:52:24.778   6200,975       4159,5233
14:52:25.315   6201,512       4271,3410
14:52:25.840   6202,037       4460,4843
14:52:26.403   6202,600       4620,8220
14:52:26.946   6203,143       4776,3233
14:52:27.533   6203,730       4976,0972
14:52:28.091   6204,288       5171,4553
14:52:28.689   6204,886       5347,3724
14:52:29.233   6205,430       5601,8803
14:52:29.743   6205,940       5789,4220
14:52:30.297   6206,494       6031,4361
14:52:30.824   6207,021       6240,0314
14:52:31.454   6207,651       6510,9086
14:52:32.004   6208,201       6793,5753
14:52:32.560   6208,757       7100,1102
14:52:33.095   6209,292       7352,4514
14:52:33.662   6209,859       7662,3644
14:52:34.234   6210,431       7991,8375
14:52:34.768   6210,965       8301,3388
14:52:35.316   6211,513       8651,3661
14:52:35.829   6212,026       8962,5762
14:52:36.373   6212,570       9307,5612
14:52:36.931   6213,128       9743,8802
14:52:37.440   6213,637      10031,2551
14:52:37.992   6214,189      10461,8936
14:52:38.531   6214,728      10859,9815
14:52:39.093   6215,290      11301,1620
14:52:39.671   6215,868      11779,2268
14:52:40.239   6216,436      12189,1729
14:52:40.826   6217,023      12617,1200
14:52:41.379   6217,576      13129,7706
14:52:41.886   6218,083      13555,4335
14:52:42.467   6218,664      14029,9497
14:52:43.000   6219,197      14518,8746
14:52:43.535   6219,732      14994,0259
14:52:44.091   6220,288      15472,6992
14:52:44.653   6220,850      16021,4124
14:52:45.214   6221,411      16549,5924
14:52:45.716   6221,913      16996,4627
14:52:46.284   6222,481      17510,7959
14:52:46.843   6223,040      18057,0727
14:52:47.391   6223,588      18595,4491
14:52:47.948   6224,145      19058,0247
14:52:48.520   6224,717      19596,7847
14:52:49.080   6225,277      20124,0092
14:52:49.661   6225,858      20635,3593
14:52:50.231   6226,428      21138,0645
14:52:50.780   6226,977      21553,1355
14:52:51.337   6227,534      21992,0377
14:52:51.851   6228,048      22383,2357
14:52:52.422   6228,619      22723,8874
14:52:52.976   6229,173      23117,9142
14:52:53.493   6229,690      23409,1932
14:52:54.000   6230,197      23678,8928
14:52:54.569   6230,766      23976,9060
14:52:55.128   6231,325      24245,9533
14:52:55.664   6231,861      24475,5173
14:52:56.234   6232,431      24668,4157
14:52:56.791   6232,988      24851,5918
14:52:57.361   6233,558      25068,7981
14:52:57.874   6234,071      25166,9602
14:52:58.448   6234,645      25340,5508
14:52:59.012   6235,209      25376,0556
14:52:59.595   6235,792      25492,0912
14:53:00.100   6236,297      25595,8130
14:53:00.648   6236,845      25684,9786
14:53:01.208   6237,405      25735,7129
14:53:01.794   6237,991      25831,4127
14:53:02.342   6238,539      25882,0240
14:53:02.889   6239,086      25921,2950
14:53:03.396   6239,593      25945,3091
14:53:03.903   6240,100      25978,5460
14:53:04.493   6240,690      26029,2324
14:53:05.031   6241,228      26075,3305
14:53:05.615   6241,812      26111,0555
14:53:06.189   6242,386      26121,7487
14:53:06.755   6242,952      26174,1004
14:53:07.327   6243,524      26171,2703
14:53:07.855   6244,052      26214,5566
14:53:08.417   6244,614      26254,2380
14:53:08.933   6245,130      26284,7616
14:53:09.510   6245,707      26256,6745
14:53:10.037   6246,234      26272,1175
14:53:10.593   6246,790      26285,2565
14:53:11.129   6247,326      26324,6548
14:53:11.640   6247,837      26339,0553
14:53:12.159   6248,356      26356,5733
14:53:12.721   6248,918      26407,9234
14:53:13.251   6249,448      26358,8121
14:53:13.776   6249,973      26372,9254
14:53:14.349   6250,546      26389,3353
14:53:14.909   6251,106      26419,8751
14:53:15.494   6251,691      26440,4600
14:53:16.046   6252,243      26423,8167
14:53:16.584   6252,781      26435,9617
14:53:17.115   6253,312      26485,0776
14:53:17.617   6253,814      26464,0714
14:53:18.119   6254,316      26489,9300
14:53:18.667   6254,864      26483,7539
14:53:19.227   6255,424      26517,3654
14:53:19.747   6255,944      26522,7253
14:53:20.298   6256,495      26498,7020
14:53:20.862   6257,059      26504,8587
14:53:21.459   6257,656      26538,6798
14:53:22.001   6258,198      26535,2655
14:53:22.564   6258,761      26552,4790
14:53:23.148   6259,345      26569,1559
14:53:23.669   6259,866      26523,8905
14:53:24.231   6260,428      26581,9111
14:53:24.772   6260,969      26559,8079
14:53:25.330   6261,527      26589,9997
14:53:25.843   6262,040      26598,6341
14:53:26.425   6262,622      26578,2833
14:53:27.012   6263,209      26568,7334
14:53:27.591   6263,788      26631,1826
14:53:28.126   6264,323      26623,2511
14:53:28.626   6264,823      26581,8457
14:53:29.174   6265,371      26642,2599
14:53:29.690   6265,887      26662,4293
14:53:30.228   6266,425      26617,6906
14:53:30.812   6267,009      26656,6793
14:53:31.391   6267,588      26653,8300
14:53:31.979   6268,176      26669,1285
14:53:32.553   6268,750      26615,5211
14:53:33.101   6269,298      26663,3670
14:53:33.624   6269,821      26637,5647
14:53:34.186   6270,383      26696,7440
14:53:34.773   6270,970      26672,7985
14:53:35.375   6271,572      26693,3163
14:53:35.900   6272,097      26711,1021
14:53:36.446   6272,643      26721,0944
14:53:37.013   6273,210      26732,5012
14:53:37.513   6273,710      26712,9711
14:53:38.025   6274,222      26722,3101
14:53:38.553   6274,750      26717,0299
14:53:39.120   6275,317      26697,3883
14:53:39.635   6275,832      26713,1993
14:53:40.200   6276,397      26706,5273
14:53:40.772   6276,969      26721,8064
14:53:41.323   6277,520      26774,3619
14:53:41.919   6278,116      26688,0469
14:53:42.474   6278,671      26751,0280
14:53:43.040   6279,237      26705,4473
14:53:43.545   6279,742      26691,2990
14:53:44.081   6280,278      26744,4037
14:53:44.632   6280,829      26737,1446
14:53:45.169   6281,366      26736,7951
14:53:45.712   6281,909      26737,1059
14:53:46.290   6282,487      26761,3523
14:53:46.841   6283,038      26756,8623
14:53:47.383   6283,580      26746,5693
14:53:47.911   6284,108      26780,7625
14:53:48.454   6284,651      26777,2255
14:53:48.984   6285,181      26733,8254
14:53:49.588   6285,785      26777,7664
14:53:50.125   6286,322      26777,0358
14:53:50.662   6286,859      26784,7240
14:53:51.236   6287,433      26784,2151
14:53:51.823   6288,020      26797,2295
14:53:52.364   6288,561      26798,0079
14:53:52.931   6289,128      26826,8065
14:53:53.448   6289,645      26799,5496
14:53:53.948   6290,145      26801,5953
14:53:54.453   6290,650      26765,0765
14:53:55.046   6291,243      26817,8722
14:53:55.596   6291,793      26761,2034
14:53:56.158   6292,355      26828,7761
14:53:56.714   6292,911      26793,7107
14:53:57.301   6293,498      26791,2747
14:53:57.823   6294,020      26796,5488
14:53:58.368   6294,565      26842,2775
14:53:58.919   6295,116      26816,3187
14:53:59.505   6295,702      26816,3016
14:54:00.079   6296,276      26809,9382
14:54:00.619   6296,816      26848,0858
14:54:01.169   6297,366      26835,3139
14:54:01.745   6297,942      26818,9966
14:54:02.316   6298,513      26768,6983
14:54:02.899   6299,096      26829,6105
14:54:03.477   6299,674      26820,2986
14:54:04.014   6300,211      26821,6247
14:54:04.534   6300,731      26780,3705
14:54:05.087   6301,284      26817,5496
14:54:05.652   6301,849      26790,2965
14:54:06.191   6302,388      26808,4404
14:54:06.724   6302,921      26819,9850
14:54:07.287   6303,484      26829,2586
14:54:07.878   6304,075      26797,1756
14:54:08.426   6304,623      26809,4828
14:54:08.971   6305,168      26795,9059
14:54:09.563   6305,760      26781,1770
14:54:10.116   6306,313      26716,3178
14:54:10.661   6306,858      26691,3526
14:54:11.214   6307,411      26644,1144
14:54:11.738   6307,935      26577,6481
14:54:12.285   6308,482      26468,0704
14:54:12.839   6309,036      26300,1328
14:54:13.441   6309,638      26085,5206
14:54:13.981   6310,178      25864,3190
14:54:14.530   6310,727      25590,1810
14:54:15.068   6311,265      25276,0216
14:54:15.653   6311,850      24926,0578
14:54:16.187   6312,384      24484,2678
14:54:16.719   6312,916      24104,7410
14:54:17.274   6313,471      23522,9531
14:54:17.783   6313,980      23062,4338
14:54:18.330   6314,527      22480,8840
14:54:18.879   6315,076      21886,9422
14:54:19.478   6315,675      21294,8034
14:54:20.066   6316,263      20716,3863
14:54:20.622   6316,819      20203,5308
14:54:21.176   6317,373      19663,9737
14:54:21.759   6317,956      19120,2707
14:54:22.313   6318,510      18624,1535
14:54:22.866   6319,063      18160,4419
14:54:23.466   6319,663      17629,8356
14:54:24.042   6320,239      17103,9852
14:54:24.611   6320,808      16582,2031
14:54:25.194   6321,391      16050,1082
14:54:25.712   6321,909      15586,4943
14:54:26.260   6322,457      15137,0008
14:54:26.825   6323,022      14640,6455
14:54:27.379   6323,576      14155,0637
14:54:27.884   6324,081      13717,4645
14:54:28.435   6324,632      13273,4927
14:54:29.012   6325,209      12839,4458
14:54:29.530   6325,727      12429,2246
14:54:30.089   6326,286      11963,5203
14:54:30.638   6326,835      11528,5138
14:54:31.184   6327,381      11104,5776
14:54:31.704   6327,901      10737,0174
14:54:32.248   6328,445      10320,2490
14:54:32.828   6329,025       9921,1695
14:54:33.375   6329,572       9536,2954
14:54:33.896   6330,093       9240,8205
14:54:34.459   6330,656       8865,3429
14:54:35.031   6331,228       8516,6991
14:54:35.621   6331,818       8144,2985
14:54:36.181   6332,378       7823,0138
14:54:36.722   6332,919       7537,2225
14:54:37.275   6333,472       7254,9481
14:54:37.808   6334,005       6971,9923
14:54:38.371   6334,568       6699,4361
14:54:38.920   6335,117       6472,2128
14:54:39.538   6335,735       6177,9198
14:54:40.121   6336,318       5933,8609
14:54:40.630   6336,827       5715,4489
14:54:41.172   6337,369       5458,2724
14:54:41.697   6337,894       5293,3714
14:54:42.270   6338,467       5081,7729
14:54:42.835   6339,032       4875,9909
14:54:43.449   6339,646       4693,0664
14:54:44.018   6340,215       4484,3028
14:54:44.585   6340,782       4353,3263
14:54:45.117   6341,314       4209,0090
14:54:45.629   6341,826       4034,8801
14:54:46.197   6342,394       3909,0945
14:54:46.726   6342,923       3762,7763
14:54:47.279   6343,476       3648,7931
14:54:47.858   6344,055       3543,1069
14:54:48.416   6344,613       3414,8174
14:54:48.954   6345,151       3316,2647
14:54:49.525   6345,722       3238,4627
14:54:50.065   6346,262       3256,0189
14:54:50.633   6346,830       3288,7973
14:54:51.187   6347,384       3356,1533
14:54:51.690   6347,887       3442,4534
14:54:52.261   6348,458       3532,4844
14:54:52.802   6348,999       3609,9039
14:54:53.375   6349,572       3738,1546
14:54:53.879   6350,076       3864,6342
14:54:54.428   6350,625       3983,4870
14:54:54.975   6351,172       4099,8418
14:54:55.507   6351,704       4259,3465
14:54:56.075   6352,272       4394,0520
14:54:56.614   6352,811       4574,6186
14:54:57.161   6353,358       4741,1978
14:54:57.715   6353,912       4932,8415
14:54:58.264   6354,461       5110,9580
14:54:58.810   6355,007       5292,3503
14:54:59.365   6355,562       5510,8779
14:54:59.885   6356,082       5723,0882
14:55:00.463   6356,660       5956,7213
14:55:00.996   6357,193       6177,7043
14:55:01.578   6357,775       6431,9607
14:55:02.138   6358,335       6703,5608
14:55:02.676   6358,873       6953,1633
14:55:03.255   6359,452       7235,6674
14:55:03.773   6359,970       7545,9998
14:55:04.332   6360,529       7837,5655
14:55:04.890   6361,087       8185,5771
14:55:05.490   6361,687       8511,5460
14:55:06.094   6362,291       8916,8511
14:55:06.625   6362,822       9279,0534
14:55:07.207   6363,404       9669,9094
14:55:07.784   6363,981      10079,2724
14:55:08.338   6364,535      10454,7537
14:55:08.913   6365,110      10906,3409
14:55:09.518   6365,715      11310,9965
14:55:10.080   6366,277      11768,7663
14:55:10.618   6366,815      12206,4344
14:55:11.200   6367,397      12630,1232
14:55:11.701   6367,898      13093,2314
14:55:12.204   6368,401      13524,6250
14:55:12.778   6368,975      13983,0379
14:55:13.356   6369,553      14511,0390
14:55:13.867   6370,064      14926,5630
14:55:14.417   6370,614      15433,9922
14:55:14.973   6371,170      15934,9147
14:55:15.522   6371,719      16374,0687
14:55:16.105   6372,302      16977,8749
14:55:16.654   6372,851      17471,8387
14:55:17.199   6373,396      17997,8998
14:55:17.725   6373,922      18512,2680
14:55:18.280   6374,477      19049,1087
14:55:18.830   6375,027      19546,2486
14:55:19.391   6375,588      20029,9865
14:55:19.895   6376,092      20487,3173
14:55:20.408   6376,605      20903,2236
14:55:20.953   6377,150      21340,4652
14:55:21.462   6377,659      21766,8241
14:55:22.020   6378,217      22205,2525
14:55:22.533   6378,730      22527,3883
14:55:23.076   6379,273      22937,1669
14:55:23.580   6379,777      23259,7973
14:55:24.180   6380,377      23596,2686
14:55:24.782   6380,979      23912,3196
14:55:25.335   6381,532      24131,9019
14:55:25.842   6382,039      24448,2926
14:55:26.431   6382,628      24598,4010
14:55:26.969   6383,166      24848,1976
14:55:27.557   6383,754      25022,8101
14:55:28.108   6384,305      25179,4475
14:55:28.639   6384,836      25270,4330
14:55:29.211   6385,408      25418,6099
14:55:29.735   6385,932      25499,4331
14:55:30.307   6386,504      25553,0629
14:55:30.841   6387,038      25654,7835
14:55:31.461   6387,658      25789,8477
14:55:32.011   6388,208      25816,0846
14:55:32.560   6388,757      25824,8846
14:55:33.158   6389,355      25925,2947
14:55:33.673   6389,870      25939,1554
14:55:34.175   6390,372      25974,0797
14:55:34.739   6390,936      25986,4053
14:55:35.285   6391,482      26076,8576
14:55:35.851   6392,048      26123,0619
14:55:36.399   6392,596      26139,5061
14:55:36.938   6393,135      26129,5887
14:55:37.449   6393,646      26150,5130
14:55:37.969   6394,166      26191,9943
14:55:38.547   6394,744      26238,4000
14:55:39.127   6395,324      26231,8781
14:55:39.638   6395,835      26293,9571
14:55:40.241   6396,438      26321,3199
14:55:40.809   6397,006      26275,2827
14:55:41.340   6397,537      26337,8843
14:55:41.879   6398,076      26335,9255
14:55:42.457   6398,654      26335,6935
14:55:43.010   6399,207      26360,3956
14:55:43.530   6399,727      26392,2265
14:55:44.091   6400,288      26430,1748
14:55:44.672   6400,869      26454,1215
14:55:45.253   6401,450      26432,9765
14:55:45.850   6402,047      26452,3755
14:55:46.408   6402,605      26450,0750
14:55:46.987   6403,184      26457,9610
14:55:47.501   6403,698      26499,2812
14:55:48.064   6404,261      26468,3213
14:55:48.663   6404,860      26474,3227
14:55:49.237   6405,434      26520,8521
14:55:49.754   6405,951      26541,3991
14:55:50.288   6406,485      26545,7393
14:55:50.845   6407,042      26532,9910
14:55:51.438   6407,635      26534,2210
14:55:52.025   6408,222      26536,7463
14:55:52.563   6408,760      26551,9098
14:55:53.158   6409,355      26589,7402
14:55:53.691   6409,888      26578,0718
14:55:54.224   6410,421      26571,9624
14:55:54.738   6410,935      26529,4234
14:55:55.315   6411,512      26554,8014
14:55:55.815   6412,012      26584,4227
14:55:56.367   6412,564      26563,5724
14:55:56.940   6413,137      26596,1602
14:55:57.511   6413,708      26609,9061
14:55:58.059   6414,256      26619,9862
14:55:58.593   6414,790      26638,0222
14:55:59.160   6415,357      26614,3624
14:55:59.737   6415,934      26637,1570
14:56:00.328   6416,525      26660,0587
14:56:00.898   6417,095      26668,3923
14:56:01.486   6417,683      26643,1338
14:56:02.046   6418,243      26652,5032
14:56:02.623   6418,820      26638,9060
14:56:03.177   6419,374      26677,0702
14:56:03.725   6419,922      26709,3325
14:56:04.274   6420,471      26707,1173
14:56:04.839   6421,036      26703,9464
14:56:05.393   6421,590      26698,5260
14:56:05.976   6422,173      26702,2200
14:56:06.516   6422,713      26670,9164
14:56:07.049   6423,246      26712,7637
14:56:07.561   6423,758      26718,3069
14:56:08.089   6424,286      26718,9143
14:56:08.628   6424,825      26747,8684
14:56:09.208   6425,405      26728,9842
14:56:09.719   6425,916      26713,4334
14:56:10.274   6426,471      26716,2691
14:56:10.798   6426,995      26704,2532
14:56:11.354   6427,551      26757,6042
14:56:11.911   6428,108      26746,8408
14:56:12.450   6428,647      26700,1301
14:56:13.017   6429,214      26709,2619
14:56:13.595   6429,792      26734,6733
14:56:14.099   6430,296      26745,8684
14:56:14.676   6430,873      26733,0746
14:56:15.212   6431,409      26794,6412
14:56:15.753   6431,950      26747,1781
14:56:16.326   6432,523      26737,3295
14:56:16.926   6433,123      26793,0830
14:56:17.481   6433,678      26802,8555
14:56:18.032   6434,229      26747,2697
14:56:18.597   6434,794      26735,9717
14:56:19.148   6435,345      26755,0431
14:56:19.684   6435,881      26762,6162
14:56:20.242   6436,439      26752,4835
14:56:20.820   6437,017      26771,1790
14:56:21.363   6437,560      26767,3923
14:56:21.873   6438,070      26782,7283
14:56:22.422   6438,619      26756,2504
14:56:22.954   6439,151      26811,4465
14:56:23.577   6439,774      26751,1097
14:56:24.139   6440,336      26750,8829
14:56:24.686   6440,883      26783,1167
14:56:25.232   6441,429      26814,1392
14:56:25.813   6442,010      26762,3560
14:56:26.386   6442,583      26781,7011
14:56:26.921   6443,118      26777,2896
14:56:27.528   6443,725      26792,0514
14:56:28.083   6444,280      26772,6323
14:56:28.631   6444,828      26783,3352
14:56:29.165   6445,362      26799,5843
14:56:29.696   6445,893      26779,4968
14:56:30.253   6446,450      26779,4719
14:56:30.781   6446,978      26786,4140
14:56:31.327   6447,524      26792,0869
14:56:31.863   6448,060      26770,6964
14:56:32.408   6448,605      26786,4582
14:56:33.004   6449,201      26785,3665
14:56:33.507   6449,704      26798,3578
14:56:34.083   6450,280      26829,9074
14:56:34.631   6450,828      26790,0984
14:56:35.167   6451,364      26802,1306
14:56:35.701   6451,898      26803,2007
14:56:36.295   6452,492      26828,9780
14:56:36.850   6453,047      26768,9151
14:56:37.459   6453,656      26788,4008
14:56:37.979   6454,176      26801,1680
14:56:38.552   6454,749      26759,5200
14:56:39.091   6455,288      26775,1375
14:56:39.656   6455,853      26762,4114
14:56:40.218   6456,415      26672,0440
14:56:40.758   6456,955      26666,4652
14:56:41.320   6457,517      26621,7534
14:56:41.887   6458,084      26503,6445
14:56:42.457   6458,654      26443,1169
14:56:43.009   6459,206      26309,6571
14:56:43.534   6459,731      26181,2363
14:56:44.077   6460,274      25939,1182
14:56:44.613   6460,810      25720,9959
14:56:45.159   6461,356      25450,2449
14:56:45.679   6461,876      25133,8603
14:56:46.188   6462,385      24753,0507
14:56:46.747   6462,944      24306,0710
14:56:47.308   6463,505      23816,7295
14:56:47.835   6464,032      23345,1138
14:56:48.404   6464,601      22740,5590
14:56:48.952   6465,149      22087,2901
14:56:49.492   6465,689      21617,6434
14:56:50.071   6466,268      21077,3065
14:56:50.675   6466,872      20486,6284
14:56:51.215   6467,412      19986,0889
14:56:51.785   6467,982      19408,9010
14:56:52.334   6468,531      19009,0499
14:56:52.897   6469,094      18458,2742
14:56:53.504   6469,701      17952,2478
14:56:54.086   6470,283      17390,4131
14:56:54.640   6470,837      16859,2159
14:56:55.210   6471,407      16380,8243
14:56:55.724   6471,921      15881,8380
14:56:56.287   6472,484      15389,3696
14:56:56.823   6473,020      14960,8438
14:56:57.396   6473,593      14481,0117
14:56:57.924   6474,121      14034,3881
14:56:58.497   6474,694      13565,5972
14:56:59.090   6475,287      13034,4077
14:56:59.610   6475,807      12653,3211
14:57:00.166   6476,363      12251,0651
14:57:00.718   6476,915      11778,4168
14:57:01.266   6477,463      11328,0127
14:57:01.793   6477,990      10986,6254
14:57:02.380   6478,577      10541,1370
14:57:02.944   6479,141      10117,2063
14:57:03.533   6479,730       9714,4736
14:57:04.109   6480,306       9352,8750
14:57:04.692   6480,889       8981,1723
14:57:05.252   6481,449       8632,1895
14:57:05.838   6482,035       8257,5003
14:57:06.413   6482,610       7930,6728
14:57:06.969   6483,166       7646,6226
14:57:07.484   6483,681       7369,5703
14:57:08.027   6484,224       7059,1988
14:57:08.590   6484,787       6781,5904
14:57:09.173   6485,370       6518,7790
14:57:09.703   6485,900       6273,4794
14:57:10.273   6486,470       6034,4881
14:57:10.808   6487,005       5779,7185
14:57:11.371   6487,568       5572,3336
14:57:11.959   6488,156       5315,5723
14:57:12.538   6488,735       5150,4393
14:57:13.084   6489,281       4972,6038
14:57:13.595   6489,792       4789,4393
14:57:14.161   6490,358       4601,3682
14:57:14.737   6490,934       4422,0932
14:57:15.306   6491,503       4254,7351
14:57:15.816   6492,013       4114,0949
14:57:16.382   6492,579       3979,8838
14:57:16.960   6493,157       3831,6954
14:57:17.555   6493,752       3691,4474
14:57:18.058   6494,255       3594,2902
14:57:18.608   6494,805       3458,2975
14:57:19.143   6495,340       3339,3954
14:57:19.656   6495,853       3276,7429
14:57:20.200   6496,397       3250,8190
14:57:20.734   6496,931       3292,0109
14:57:21.273   6497,470       3339,5863
14:57:21.814   6498,011       3406,8125
14:57:22.379   6498,576       3517,5872
14:57:22.926   6499,123       3610,0134
14:57:23.452   6499,649       3713,4215
14:57:24.000   6500,197       3796,8797
14:57:24.550   6500,747       3928,8549
14:57:25.102   6501,299       4072,1124
14:57:25.615   6501,812       4212,4830
14:57:26.171   6502,368       4368,4055
14:57:26.713   6502,910       4508,6305
14:57:27.246   6503,443       4664,7171
14:57:27.753   6503,950       4819,2336
14:57:28.304   6504,501       5027,0315
14:57:28.868   6505,065       5193,8473
14:57:29.478   6505,675       5432,0934
14:57:30.063   6506,260       5650,8565
14:57:30.604   6506,801       5847,2900
14:57:31.145   6507,342       6088,3764
14:57:31.696   6507,893       6335,5074
14:57:32.265   6508,462       6588,6813
14:57:32.817   6509,014       6854,4933
14:57:33.331   6509,528       7112,5500
14:57:33.842   6510,039       7398,5375
14:57:34.397   6510,594       7695,9729
14:57:34.950   6511,147       7965,7875
14:57:35.456   6511,653       8281,6611
14:57:36.026   6512,223       8641,6722
14:57:36.586   6512,783       9013,3214
14:57:37.140   6513,337       9361,3622
14:57:37.653   6513,850       9733,8537
14:57:38.217   6514,414      10110,1309
14:57:38.801   6514,998      10504,3264
14:57:39.357   6515,554      10944,5777
14:57:39.923   6516,120      11364,8057
14:57:40.482   6516,679      11810,1073
14:57:41.023   6517,220      12223,5222
14:57:41.607   6517,804      12684,4244
14:57:42.176   6518,373      13181,5578
14:57:42.717   6518,914      13607,3154
14:57:43.280   6519,477      14075,8961
14:57:43.891   6520,088      14591,5980
14:57:44.436   6520,633      15093,7582
14:57:44.969   6521,166      15517,7251
14:57:45.472   6521,669      15982,4466
14:57:46.031   6522,228      16549,0633
14:57:46.600   6522,797      17078,5857
14:57:47.170   6523,367      17593,7751
14:57:47.680   6523,877      18081,7943
14:57:48.216   6524,413      18583,0446
14:57:48.791   6524,988      19105,8671
14:57:49.359   6525,556      19628,6227
14:57:49.867   6526,064      20078,8225
14:57:50.370   6526,567      20543,6159
14:57:50.916   6527,113      21040,9823
14:57:51.514   6527,711      21438,0962
14:57:52.059   6528,256      21933,9771
14:57:52.604   6528,801      22315,6184
14:57:53.139   6529,336      22696,7803
14:57:53.646   6529,843      22996,5102
14:57:54.189   6530,386      23371,9594
14:57:54.723   6530,920      23674,3076
14:57:55.257   6531,454      23969,3671
14:57:55.831   6532,028      24218,7318
14:57:56.407   6532,604      24445,5131
14:57:56.951   6533,148      24681,6342
14:57:57.547   6533,744      24865,0287
14:57:58.082   6534,279      25047,9362
14:57:58.636   6534,833      25114,3780
14:57:59.210   6535,407      25344,9133
14:57:59.730   6535,927      25367,1725
14:58:00.273   6536,470      25515,9068
14:58:00.847   6537,044      25558,7837
14:58:01.385   6537,582      25658,1471
14:58:01.885   6538,082      25693,5676
14:58:02.464   6538,661      25781,3141
14:58:03.034   6539,231      25842,7478
14:58:03.547   6539,744      25867,0568
14:58:04.100   6540,297      25910,9129
14:58:04.647   6540,844      25952,3603
14:58:05.204   6541,401      26029,4709
14:58:05.790   6541,987      26018,2403
14:58:06.351   6542,548      26040,5795
14:58:06.917   6543,114      26126,8719
14:58:07.504   6543,701      26137,1072
14:58:08.081   6544,278      26138,4713
14:58:08.648   6544,845      26179,4141
14:58:09.183   6545,380      26160,9724
14:58:09.782   6545,979      26286,0448
14:58:10.347   6546,544      26292,0719
14:58:10.929   6547,126      26311,7121
14:58:11.540   6547,737      26267,0561
14:58:12.114   6548,311      26269,0162
14:58:12.629   6548,826      26315,8785
14:58:13.162   6549,359      26371,0663
14:58:13.710   6549,907      26383,8347
14:58:14.262   6550,459      26378,3025
14:58:14.809   6551,006      26330,5169
14:58:15.355   6551,552      26365,6582
14:58:15.864   6552,061      26405,0457
14:58:16.397   6552,594      26425,1004
14:58:16.978   6553,175      26406,0952
14:58:17.499   6553,696      26448,0170
14:58:18.048   6554,245      26478,3315
14:58:18.562   6554,759      26436,7985
14:58:19.095   6555,292      26464,4105
14:58:19.631   6555,828      26497,2738
14:58:20.189   6556,386      26490,3916
14:58:20.743   6556,940      26488,7818
14:58:21.318   6557,515      26494,8627
14:58:21.848   6558,045      26475,1219
14:58:22.406   6558,603      26504,5086
14:58:22.972   6559,169      26478,3317
14:58:23.488   6559,685      26471,7634
14:58:24.029   6560,226      26509,5255
14:58:24.580   6560,777      26558,5456
14:58:25.141   6561,338      26532,7715
14:58:25.734   6561,931      26533,3981
14:58:26.299   6562,496      26550,6485
14:58:26.851   6563,048      26574,8502
14:58:27.360   6563,557      26576,9005
14:58:27.889   6564,086      26557,6909
14:58:28.473   6564,670      26560,3201
14:58:29.036   6565,233      26594,2714
14:58:29.623   6565,820      26566,3166
14:58:30.179   6566,376      26578,6210
14:58:30.689   6566,886      26605,1243
14:58:31.220   6567,417      26586,1319
14:58:31.734   6567,931      26597,4587
14:58:32.280   6568,477      26607,2192
14:58:32.826   6569,023      26609,5087
14:58:33.386   6569,583      26609,1780
14:58:33.904   6570,101      26631,4864
14:58:34.468   6570,665      26600,0398
14:58:35.014   6571,211      26602,6231
14:58:35.571   6571,768      26625,1761
14:58:36.117   6572,314      26623,9691
14:58:36.664   6572,861      26628,0973
14:58:37.206   6573,403      26619,1940
14:58:37.750   6573,947      26642,6173
14:58:38.310   6574,507      26620,1047
14:58:38.880   6575,077      26651,3451
14:58:39.456   6575,653      26605,7642
14:58:40.033   6576,230      26628,5693
14:58:40.589   6576,786      26656,1418
14:58:41.157   6577,354      26671,1308
14:58:41.666   6577,863      26681,5816
14:58:42.224   6578,421      26724,9098
14:58:42.802   6578,999      26676,0553
14:58:43.355   6579,552      26657,2931
14:58:43.940   6580,137      26720,9023
14:58:44.510   6580,707      26705,9415
14:58:45.048   6581,245      26688,1853
14:58:45.669   6581,866      26710,7916
14:58:46.231   6582,428      26657,1335
14:58:46.809   6583,006      26703,2435
14:58:47.351   6583,548      26685,6320
14:58:47.858   6584,055      26728,9985
14:58:48.403   6584,600      26715,5058
14:58:48.940   6585,137      26652,5399
14:58:49.450   6585,647      26729,2932
14:58:50.018   6586,215      26724,6216
14:58:50.563   6586,760      26740,8449
14:58:51.149   6587,346      26695,7903
14:58:51.684   6587,881      26744,1160
14:58:52.240   6588,437      26742,9336
14:58:52.766   6588,963      26732,7816
14:58:53.348   6589,545      26760,9244
14:58:53.861   6590,058      26704,6222
14:58:54.403   6590,600      26775,3846
14:58:54.970   6591,167      26731,7367
14:58:55.475   6591,672      26758,7285
14:58:56.032   6592,229      26744,0889
14:58:56.588   6592,785      26768,0705
14:58:57.122   6593,319      26781,9041
14:58:57.673   6593,870      26763,5683
14:58:58.229   6594,426      26779,8583
14:58:58.771   6594,968      26782,9332
14:58:59.309   6595,506      26789,9939
14:58:59.812   6596,009      26736,4334
14:59:00.346   6596,543      26795,2204
14:59:00.881   6597,078      26804,4281
14:59:01.456   6597,653      26804,9810
14:59:02.027   6598,224      26800,8256
14:59:02.590   6598,787      26790,4602
14:59:03.163   6599,360      26798,1818
14:59:03.691   6599,888      26785,7205
14:59:04.253   6600,450      26810,4995
14:59:04.787   6600,984      26833,2446
14:59:05.341   6601,538      26823,7631
14:59:05.919   6602,116      26864,9549
14:59:06.491   6602,688      26820,4144
14:59:07.063   6603,260      26841,7578
14:59:07.566   6603,763      26838,5946
14:59:08.154   6604,351      26822,4519
14:59:08.704   6604,901      26804,9017
14:59:09.280   6605,477      26832,6149
14:59:09.864   6606,061      26785,4599
14:59:10.431   6606,628      26819,7502
14:59:10.987   6607,184      26762,9292
14:59:11.587   6607,784      26684,2042
14:59:12.150   6608,347      26616,2872
14:59:12.733   6608,930      26475,7258
14:59:13.267   6609,464      26394,3076
14:59:13.770   6609,967      26288,8945
14:59:14.275   6610,472      26031,9124
14:59:14.829   6611,026      25801,8156
14:59:15.379   6611,576      25568,6340
14:59:15.894   6612,091      25272,4056
14:59:16.501   6612,698      24854,3549
14:59:17.044   6613,241      24424,8525
14:59:17.563   6613,760      23969,3350
14:59:18.101   6614,298      23459,7182
14:59:18.640   6614,837      22895,3553
14:59:19.181   6615,378      22262,5631
14:59:19.694   6615,891      21745,4604
14:59:20.257   6616,454      21195,3239
14:59:20.802   6616,999      20742,1322
14:59:21.352   6617,549      20215,9324
14:59:21.884   6618,081      19701,8708
14:59:22.423   6618,620      19222,6562
14:59:23.001   6619,198      18730,4002
14:59:23.514   6619,711      18276,3113
14:59:24.056   6620,253      17751,2935
14:59:24.590   6620,787      17253,7991
14:59:25.111   6621,308      16812,5950
14:59:25.632   6621,829      16315,1806
14:59:26.192   6622,389      15839,9110
14:59:26.729   6622,926      15402,2577
14:59:27.281   6623,478      14889,4186
14:59:27.783   6623,980      14466,3013
14:59:28.319   6624,516      14051,0797
14:59:28.884   6625,081      13529,9455
14:59:29.489   6625,686      13143,1471
14:59:30.043   6626,240      12613,2037
14:59:30.615   6626,812      12146,1257
14:59:31.168   6627,365      11718,3307
14:59:31.703   6627,900      11333,8136
14:59:32.245   6628,442      10892,1598
14:59:32.789   6628,986      10501,1417
14:59:33.336   6629,533      10099,6231
14:59:33.904   6630,101       9802,3979
14:59:34.450   6630,647       9353,1320
14:59:35.012   6631,209       8985,4876
14:59:35.529   6631,726       8709,2837
14:59:36.103   6632,300       8342,2374
14:59:36.672   6632,869       8002,6052
14:59:37.226   6633,423       7701,8139
14:59:37.807   6634,004       7372,4231
14:59:38.341   6634,538       7087,9031
14:59:38.884   6635,081       6818,4246
14:59:39.496   6635,693       6566,6570
14:59:40.058   6636,255       6302,0853
14:59:40.560   6636,757       6060,0258
14:59:41.129   6637,326       5845,1542
14:59:41.685   6637,882       5586,0564
14:59:42.245   6638,442       5383,2601
14:59:42.788   6638,985       5188,3321
14:59:43.332   6639,529       4977,7491
14:59:43.850   6640,047       4844,2687
14:59:44.370   6640,567       4660,7647
14:59:44.930   6641,127       4473,5022
14:59:45.517   6641,714       4330,2515
14:59:46.071   6642,268       4162,3299
14:59:46.614   6642,811       4019,4381
14:59:47.164   6643,361       3894,7155
14:59:47.703   6643,900       3754,2249
14:59:48.235   6644,432       3642,6606
14:59:48.783   6644,980       3521,5154
14:59:49.330   6645,527       3419,7193
14:59:49.871   6646,068       3306,0959
14:59:50.416   6646,613       3285,8824
14:59:50.964   6647,161       3290,1379
14:59:51.538   6647,735       3345,6615
14:59:52.107   6648,304       3400,4469
14:59:52.635   6648,832       3482,9179
14:59:53.158   6649,355       3571,6174
14:59:53.671   6649,868       3682,7612
14:59:54.249   6650,446       3829,8006
14:59:54.807   6651,004       3921,1848
14:59:55.350   6651,547       4066,7533
14:59:55.867   6652,064       4183,2924
14:59:56.433   6652,630       4348,5525
14:59:56.971   6653,168       4499,9034
14:59:57.580   6653,777       4690,0523
14:59:58.131   6654,328       4840,6145
14:59:58.714   6654,911       5051,9621
14:59:59.285   6655,482       5233,2079
14:59:59.875   6656,072       5448,1011
15:00:00.426   6656,623       5652,7204
15:00:00.983   6657,180       5891,0506
15:00:01.579   6657,776       6147,5890
15:00:02.139   6658,336       6395,9977
15:00:02.698   6658,895       6681,1490
15:00:03.251   6659,448       6941,7429
15:00:03.755   6659,952       7165,5161
15:00:04.303   6660,500       7461,1203
15:00:04.859   6661,056       7746,7133
15:00:05.452   6661,649       8063,9105
15:00:06.002   6662,199       8434,1438
15:00:06.561   6662,758       8763,1617
15:00:07.097   6663,294       9114,0264
15:00:07.617   6663,814       9456,0004
15:00:08.166   6664,363       9827,3950
15:00:08.758   6664,955      10230,6637
15:00:09.308   6665,505      10617,2324
15:00:09.826   6666,023      11036,1547
15:00:10.381   6666,578      11464,7045
15:00:10.925   6667,122      11883,0336
15:00:11.521   6667,718      12333,1087
15:00:12.096   6668,293      12823,9620
15:00:12.622   6668,819      13240,9433
15:00:13.169   6669,366      13704,8185
15:00:13.753   6669,950      14208,5566
15:00:14.290   6670,487      14669,4629
15:00:14.831   6671,028      15143,6894
15:00:15.368   6671,565      15622,9867
15:00:15.949   6672,146      16154,4733
15:00:16.511   6672,708      16677,1681
15:00:17.043   6673,240      17176,8051
15:00:17.625   6673,822      17678,4891
15:00:18.164   6674,361      18224,2539
15:00:18.702   6674,899      18731,0380
15:00:19.260   6675,457      19231,6049
15:00:19.786   6675,983      19659,1791
15:00:20.334   6676,531      20215,8735
15:00:20.922   6677,119      20721,5644
15:00:21.451   6677,648      21080,0517
15:00:22.010   6678,207      21624,1014
15:00:22.587   6678,784      22058,5436
15:00:23.131   6679,328      22477,1613
15:00:23.729   6679,926      22880,1906
15:00:24.256   6680,453      23230,1567
15:00:24.797   6680,994      23569,2467
15:00:25.324   6681,521      23833,1880
15:00:25.838   6682,035      24096,7682
15:00:26.376   6682,573      24366,8342
15:00:26.911   6683,108      24552,4780
15:00:27.513   6683,710      24764,1928
15:00:28.070   6684,267      24944,1665
15:00:28.624   6684,821      25140,6320
15:00:29.153   6685,350      25273,2156
15:00:29.686   6685,883      25350,2564
15:00:30.244   6686,441      25463,3434
15:00:30.777   6686,974      25569,7496
15:00:31.347   6687,544      25641,2130
15:00:31.860   6688,057      25717,3460
15:00:32.417   6688,614      25750,0817
15:00:32.955   6689,152      25840,2200
15:00:33.472   6689,669      25858,1592
15:00:34.052   6690,249      25903,4177
15:00:34.584   6690,781      25998,3923
15:00:35.173   6691,370      26024,2932
15:00:35.751   6691,948      26042,2899
15:00:36.296   6692,493      26085,6865
15:00:36.811   6693,008      26110,8686
15:00:37.345   6693,542      26192,1592
15:00:37.860   6694,057      26190,2335
15:00:38.430   6694,627      26187,8902
15:00:38.979   6695,176      26224,0637
15:00:39.500   6695,697      26219,8585
15:00:40.080   6696,277      26220,6513
15:00:40.626   6696,823      26311,6992
15:00:41.163   6697,360      26270,7924
15:00:41.683   6697,880      26332,0139
15:00:42.226   6698,423      26348,2353
15:00:42.779   6698,976      26377,1128
15:00:43.359   6699,556      26371,0423
15:00:43.865   6700,062      26376,6315
15:00:44.432   6700,629      26393,8601
15:00:44.938   6701,135      26437,8066
15:00:45.494   6701,691      26401,5450
15:00:46.036   6702,233      26486,3458
15:00:46.621   6702,818      26452,0803
15:00:47.179   6703,376      26457,7204
15:00:47.763   6703,960      26477,1379
15:00:48.309   6704,506      26484,7416
15:00:48.860   6705,057      26512,0036
15:00:49.496   6705,693      26499,6423
15:00:50.044   6706,241      26539,1430
15:00:50.589   6706,786      26498,8004
15:00:51.095   6707,292      26559,3232
15:00:51.681   6707,878      26577,5853
15:00:52.210   6708,407      26558,8667
15:00:52.755   6708,952      26569,6281
15:00:53.309   6709,506      26568,3874
15:00:53.896   6710,093      26597,0943
15:00:54.439   6710,636      26601,7303
15:00:54.981   6711,178      26585,6284
15:00:55.580   6711,777      26635,2790
15:00:56.118   6712,315      26621,6873
15:00:56.651   6712,848      26613,3471
15:00:57.187   6713,384      26636,6854
15:00:57.701   6713,898      26625,4287
15:00:58.213   6714,410      26681,3462
15:00:58.780   6714,977      26576,9015
15:00:59.325   6715,522      26686,9066
15:00:59.847   6716,044      26622,4360
15:01:00.422   6716,619      26667,6083
15:01:00.985   6717,182      26654,9054
15:01:01.489   6717,686      26651,8969
15:01:02.041   6718,238      26674,8236
15:01:02.607   6718,804      26674,4725
15:01:03.150   6719,347      26713,7664
15:01:03.677   6719,874      26659,5963
15:01:04.213   6720,410      26685,8649
15:01:04.769   6720,966      26711,6304
15:01:05.329   6721,526      26738,8751
15:01:05.829   6722,026      26738,3729
15:01:06.368   6722,565      26737,2397
15:01:06.943   6723,140      26738,0063
15:01:07.531   6723,728      26750,4861
15:01:08.087   6724,284      26742,2155
15:01:08.634   6724,831      26695,1238
15:01:09.214   6725,411      26694,9937
15:01:09.764   6725,961      26687,7948
15:01:10.338   6726,535      26747,5315
15:01:10.867   6727,064      26733,4148
15:01:11.480   6727,677      26754,7627
15:01:12.056   6728,253      26726,6776
15:01:12.660   6728,857      26781,3965
15:01:13.215   6729,412      26767,4665
15:01:13.802   6729,999      26799,0927
15:01:14.345   6730,542      26751,8886
15:01:14.854   6731,051      26751,2590
15:01:15.480   6731,677      26764,4387
15:01:16.025   6732,222      26766,8927
15:01:16.591   6732,788      26763,4021
15:01:17.169   6733,366      26772,2454
15:01:17.684   6733,881      26778,6186
15:01:18.235   6734,432      26821,8271
15:01:18.779   6734,976      26799,0664
15:01:19.317   6735,514      26839,6578
15:01:19.875   6736,072      26812,1486
15:01:20.412   6736,609      26824,8985
15:01:20.979   6737,176      26788,9930
15:01:21.524   6737,721      26840,0594
15:01:22.105   6738,302      26855,4646
15:01:22.628   6738,825      26821,0587
15:01:23.213   6739,410      26828,1018
15:01:23.722   6739,919      26839,4886
15:01:24.297   6740,494      26812,0766
15:01:24.854   6741,051      26849,4150
15:01:25.486   6741,683      26815,3054
15:01:26.063   6742,260      26839,7886
15:01:26.612   6742,809      26828,4650
15:01:27.162   6743,359      26821,0097
15:01:27.685   6743,882      26861,6923
15:01:28.230   6744,427      26851,2594
15:01:28.769   6744,966      26788,6131
15:01:29.355   6745,552      26838,8361
15:01:29.858   6746,055      26856,7020
15:01:30.429   6746,626      26814,3991
15:01:30.965   6747,162      26802,5080
15:01:31.491   6747,688      26811,7851
15:01:32.070   6748,267      26827,4665
15:01:32.601   6748,798      26808,6314
15:01:33.158   6749,355      26869,9354
15:01:33.717   6749,914      26835,2008
15:01:34.281   6750,478      26838,5048
15:01:34.833   6751,030      26857,1210
15:01:35.374   6751,571      26840,2072
15:01:35.953   6752,150      26847,1014
15:01:36.527   6752,724      26845,7601
15:01:37.118   6753,315      26888,7177
15:01:37.627   6753,824      26841,7214
15:01:38.162   6754,359      26844,1900
15:01:38.712   6754,909      26853,9449
15:01:39.254   6755,451      26841,5094
15:01:39.802   6755,999      26880,2894
15:01:40.362   6756,559      26834,4776
15:01:40.915   6757,112      26815,6169
15:01:41.499   6757,696      26817,1961
15:01:42.053   6758,250      26723,6961
15:01:42.630   6758,827      26659,6804
15:01:43.179   6759,376      26556,2349
15:01:43.717   6759,914      26423,8277
15:01:44.223   6760,420      26264,2651
15:01:44.759   6760,956      26071,1315
15:01:45.309   6761,506      25841,8566
15:01:45.850   6762,047      25546,3675
15:01:46.416   6762,613      25207,8272
15:01:46.949   6763,146      24877,0604
15:01:47.491   6763,688      24411,4622
15:01:48.014   6764,211      23940,8814
15:01:48.571   6764,768      23368,6162
15:01:49.118   6765,315      22793,4245
15:01:49.624   6765,821      22232,6864
15:01:50.177   6766,374      21686,9102
15:01:50.726   6766,923      21165,9811
15:01:51.281   6767,478      20656,3946
15:01:51.824   6768,021      20157,5509
15:01:52.359   6768,556      19644,1450
15:01:52.918   6769,115      19188,4686
15:01:53.508   6769,705      18632,0911
15:01:54.051   6770,248      18124,9442
15:01:54.600   6770,797      17672,7373
15:01:55.204   6771,401      17064,8434
15:01:55.825   6772,022      16559,6701
15:01:56.393   6772,590      16038,2269
15:01:56.940   6773,137      15528,9069
15:01:57.480   6773,677      15126,3555
15:01:58.045   6774,242      14604,4546
15:01:58.587   6774,784      14161,7600
15:01:59.174   6775,371      13630,8863
15:01:59.675   6775,872      13259,5964
15:02:00.247   6776,444      12791,5947
15:02:00.747   6776,944      12383,2301
15:02:01.296   6777,493      11986,0765
15:02:01.814   6778,011      11556,1967
15:02:02.372   6778,569      11145,9173
15:02:02.940   6779,137      10714,1950
15:02:03.515   6779,712      10317,7840
15:02:04.087   6780,284       9888,3404
15:02:04.646   6780,843       9525,3340
15:02:05.191   6781,388       9163,1061
15:02:05.700   6781,897       8865,8497
15:02:06.304   6782,501       8520,3218
15:02:06.865   6783,062       8147,3605
15:02:07.398   6783,595       7870,5129
15:02:07.994   6784,191       7528,7212
15:02:08.539   6784,736       7202,2781
15:02:09.083   6785,280       6950,5235
15:02:09.613   6785,810       6717,7756
15:02:10.150   6786,347       6498,4126
15:02:10.701   6786,898       6202,3805
15:02:11.269   6787,466       5966,3374
15:02:11.785   6787,982       5763,3476
15:02:12.354   6788,551       5534,1445
15:02:12.931   6789,128       5312,2340
15:02:13.514   6789,711       5125,9795
15:02:14.015   6790,212       4959,5653
15:02:14.549   6790,746       4762,8743
15:02:15.099   6791,296       4601,3060
15:02:15.636   6791,833       4442,6033
15:02:16.189   6792,386       4288,8936
15:02:16.740   6792,937       4127,2377
15:02:17.283   6793,480       3985,2982
15:02:17.835   6794,032       3851,9307
15:02:18.405   6794,602       3738,2159
15:02:18.947   6795,144       3574,1901
15:02:19.477   6795,674       3479,4552
15:02:20.011   6796,208       3370,0555
15:02:20.549   6796,746       3299,3769
15:02:21.090   6797,287       3286,0129
15:02:21.616   6797,813       3334,5572
15:02:22.170   6798,367       3407,4802
15:02:22.676   6798,873       3469,9848
15:02:23.217   6799,414       3549,6029
15:02:23.756   6799,953       3631,8691
15:02:24.324   6800,521       3739,7170
15:02:24.866   6801,063       3895,5011
15:02:25.468   6801,665       4016,0614
15:02:26.042   6802,239       4162,8366
15:02:26.601   6802,798       4327,0264
15:02:27.153   6803,350       4463,1541
15:02:27.740   6803,937       4635,8119
15:02:28.270   6804,467       4801,0753
15:02:28.826   6805,023       4986,9629
15:02:29.451   6805,648       5198,4900
15:02:30.027   6806,224       5412,3881
15:02:30.560   6806,757       5590,8941
15:02:31.118   6807,315       5840,0248
15:02:31.669   6807,866       6055,1124
15:02:32.215   6808,412       6275,7987
15:02:32.783   6808,980       6527,1665
15:02:33.341   6809,538       6810,0906
15:02:33.849   6810,046       7028,2245
15:02:34.397   6810,594       7322,0052
15:02:34.938   6811,135       7636,5662
15:02:35.537   6811,734       7942,9325
15:02:36.090   6812,287       8262,3788
15:02:36.638   6812,835       8598,4042
15:02:37.175   6813,372       8933,9913
15:02:37.720   6813,917       9295,4058
15:02:38.258   6814,455       9686,2053
15:02:38.790   6814,987      10026,3131
15:02:39.372   6815,569      10481,0418
15:02:39.882   6816,079      10770,3543
15:02:40.416   6816,613      11207,4947
15:02:40.964   6817,161      11634,6713
15:02:41.510   6817,707      12007,4491
15:02:42.020   6818,217      12449,5949
15:02:42.601   6818,798      12919,3547
15:02:43.134   6819,331      13375,2648
15:02:43.659   6819,856      13807,6458
15:02:44.214   6820,411      14273,8026
15:02:44.765   6820,962      14755,8684
15:02:45.301   6821,498      15246,1572
15:02:45.814   6822,011      15663,6845
15:02:46.371   6822,568      16202,9936
15:02:46.931   6823,128      16692,0669
15:02:47.532   6823,729      17220,8990
15:02:48.090   6824,287      17784,3846
15:02:48.636   6824,833      18235,5501
15:02:49.185   6825,382      18808,4824
15:02:49.777   6825,974      19312,4685
15:02:50.317   6826,514      19826,5360
15:02:50.884   6827,081      20362,0009
15:02:51.502   6827,699      20842,9101
15:02:52.081   6828,278      21369,9986
15:02:52.637   6828,834      21801,0336
15:02:53.187   6829,384      22267,2882
15:02:53.702   6829,899      22608,0576
15:02:54.237   6830,434      22945,2943
15:02:54.772   6830,969      23276,4570
15:02:55.318   6831,515      23630,5167
15:02:55.887   6832,084      23934,9110
15:02:56.416   6832,613      24217,2463
15:02:56.974   6833,171      24418,9448
15:02:57.501   6833,698      24609,6437
15:02:58.087   6834,284      24840,9898
15:02:58.654   6834,851      25024,5888
15:02:59.223   6835,420      25214,4604
15:02:59.735   6835,932      25295,2574
15:03:00.285   6836,482      25432,7093
15:03:00.821   6837,018      25544,6197
15:03:01.389   6837,586      25660,6140
15:03:01.899   6838,096      25700,6859
15:03:02.460   6838,657      25794,8664
15:03:03.012   6839,209      25867,3688
15:03:03.553   6839,750      25927,4582
15:03:04.090   6840,287      25947,6453
15:03:04.638   6840,835      26059,6673
15:03:05.198   6841,395      25993,0123
15:03:05.699   6841,896      26100,1281
15:03:06.203   6842,400      26063,9372
15:03:06.759   6842,956      26142,8602
15:03:07.320   6843,517      26201,3546
15:03:07.833   6844,030      26228,4509
15:03:08.402   6844,599      26233,7048
15:03:08.950   6845,147      26285,7852
15:03:09.470   6845,667      26334,5150
15:03:10.019   6846,216      26352,4812
15:03:10.589   6846,786      26356,1631
15:03:11.162   6847,359      26320,4015
15:03:11.710   6847,907      26367,1474
15:03:12.242   6848,439      26365,1136
15:03:12.789   6848,986      26463,1610
15:03:13.365   6849,562      26433,6529
15:03:13.881   6850,078      26464,4787
15:03:14.420   6850,617      26450,7810
15:03:14.984   6851,181      26455,5656
15:03:15.489   6851,686      26506,9933
15:03:16.025   6852,222      26483,1057
15:03:16.565   6852,762      26536,7545
15:03:17.150   6853,347      26532,1382
15:03:17.695   6853,892      26563,7237
15:03:18.245   6854,442      26572,9187
15:03:18.811   6855,008      26577,8838
15:03:19.381   6855,578      26556,3950
15:03:19.891   6856,088      26603,2529
15:03:20.434   6856,631      26601,5083
15:03:20.969   6857,166      26594,9451
15:03:21.474   6857,671      26556,9466
15:03:22.008   6858,205      26597,5530
15:03:22.582   6858,779      26609,7114
15:03:23.139   6859,336      26638,8193
15:03:23.713   6859,910      26585,9464
15:03:24.281   6860,478      26677,7714
15:03:24.817   6861,014      26631,3948
15:03:25.375   6861,572      26659,7549
15:03:25.892   6862,089      26676,8296
15:03:26.447   6862,644      26655,5575
15:03:27.024   6863,221      26687,6299
15:03:27.581   6863,778      26684,5291
15:03:28.128   6864,325      26676,5178
15:03:28.706   6864,903      26715,3593
15:03:29.234   6865,431      26684,0298
15:03:29.789   6865,986      26743,8613
15:03:30.357   6866,554      26683,4384
15:03:30.901   6867,098      26732,2755
15:03:31.554   6867,751      26694,5806
15:03:32.084   6868,281      26751,0339
15:03:32.647   6868,844      26748,4931
15:03:33.266   6869,463      26798,5565
15:03:33.774   6869,971      26764,5814
15:03:34.302   6870,499      26769,1574
15:03:34.869   6871,066      26763,9609
15:03:35.507   6871,704      26790,4358
15:03:36.067   6872,264      26747,4217
15:03:36.608   6872,805      26814,0557
15:03:37.189   6873,386      26767,9174
15:03:37.779   6873,976      26763,3976
15:03:38.298   6874,495      26793,8858
15:03:38.859   6875,056      26825,1990
15:03:39.466   6875,663      26808,4574
15:03:40.011   6876,208      26802,2281
15:03:40.548   6876,745      26788,0330
15:03:41.108   6877,305      26785,3891
15:03:41.631   6877,828      26827,8088
15:03:42.191   6878,388      26826,5072
15:03:42.748   6878,945      26816,0601
15:03:43.290   6879,487      26813,3049
15:03:43.798   6879,995      26768,1465
15:03:44.343   6880,540      26852,9275
15:03:44.881   6881,078      26850,9607
15:03:45.457   6881,654      26834,2395
15:03:46.025   6882,222      26821,7118
15:03:46.591   6882,788      26845,0377
15:03:47.126   6883,323      26856,8465
15:03:47.665   6883,862      26890,9135
15:03:48.213   6884,410      26837,7055
15:03:48.743   6884,940      26832,7786
15:03:49.289   6885,486      26899,3506
15:03:49.820   6886,017      26880,7116
15:03:50.367   6886,564      26819,8917
15:03:50.919   6887,116      26826,0612
15:03:51.516   6887,713      26873,2160
15:03:52.078   6888,275      26831,0842
15:03:52.622   6888,819      26852,7201
15:03:53.163   6889,360      26872,2708
15:03:53.691   6889,888      26856,1196
15:03:54.226   6890,423      26869,7233
15:03:54.792   6890,989      26871,2717
15:03:55.326   6891,523      26870,2679
15:03:55.910   6892,107      26924,5394
15:03:56.439   6892,636      26870,9989
15:03:56.940   6893,137      26927,2632
15:03:57.462   6893,659      26866,3820
15:03:58.016   6894,213      26934,7529
15:03:58.562   6894,759      26897,4185
15:03:59.139   6895,336      26867,7868
15:03:59.672   6895,869      26903,6364
15:04:00.242   6896,439      26898,7047
15:04:00.803   6897,000      26862,7528
15:04:01.380   6897,577      26874,5473
15:04:01.891   6898,088      26929,6917
15:04:02.454   6898,651      26908,7808
15:04:03.027   6899,224      26937,7273
15:04:03.600   6899,797      26911,7981
15:04:04.170   6900,367      26927,8284
15:04:04.714   6900,911      26878,8991
15:04:05.289   6901,486      26924,2215
15:04:05.796   6901,993      26851,9943
15:04:06.336   6902,533      26913,8637
15:04:06.885   6903,082      26889,1838
15:04:07.484   6903,681      26881,5048
15:04:08.043   6904,240      26945,6430
15:04:08.614   6904,811      26870,5532
15:04:09.177   6905,374      26894,7543
15:04:09.682   6905,879      26847,3079
15:04:10.223   6906,420      26898,0015
15:04:10.776   6906,973      26801,2364
15:04:11.312   6907,509      26833,1943
15:04:11.832   6908,029      26766,7600
15:04:12.378   6908,575      26748,1284
15:04:12.893   6909,090      26642,7032
15:04:13.491   6909,688      26546,9353
15:04:14.041   6910,238      26464,3385
15:04:14.584   6910,781      26256,8510
15:04:15.148   6911,345      26016,0265
15:04:15.725   6911,922      25788,1310
15:04:16.268   6912,465      25471,0187
15:04:16.804   6913,001      25135,3224
15:04:17.343   6913,540      24791,7170
15:04:17.860   6914,057      24357,9075
15:04:18.397   6914,594      23827,3238
15:04:18.935   6915,132      23335,3371
15:04:19.456   6915,653      22840,4674
15:04:20.034   6916,231      22178,5694
15:04:20.587   6916,784      21617,6232
15:04:21.156   6917,353      21083,0720
15:04:21.737   6917,934      20533,2488
15:04:22.279   6918,476      20089,6209
15:04:22.829   6919,026      19554,0264
15:04:23.361   6919,558      19067,3981
15:04:23.913   6920,110      18593,3867
15:04:24.498   6920,695      18030,5115
15:04:25.056   6921,253      17571,9868
15:04:25.640   6921,837      17022,3147
15:04:26.146   6922,343      16590,9086
15:04:26.728   6922,925      16064,9113
15:04:27.274   6923,471      15587,8275
15:04:27.779   6923,976      15098,2857
15:04:28.348   6924,545      14657,5097
15:04:28.915   6925,112      14204,6419
15:04:29.511   6925,708      13714,6105
15:04:30.057   6926,254      13231,2867
15:04:30.637   6926,834      12801,9264
15:04:31.175   6927,372      12293,8529
15:04:31.727   6927,924      11874,2675
15:04:32.283   6928,480      11475,0641
15:04:32.834   6929,031      11094,7862
15:04:33.394   6929,591      10666,7758
15:04:33.910   6930,107      10262,6787
15:04:34.449   6930,646       9951,9391
15:04:35.016   6931,213       9552,0852
15:04:35.524   6931,721       9211,3201
15:04:36.089   6932,286       8848,8476
15:04:36.595   6932,792       8554,5883
15:04:37.165   6933,362       8212,3668
15:04:37.671   6933,868       7919,1925
15:04:38.213   6934,410       7612,8125
15:04:38.746   6934,943       7351,1704
15:04:39.278   6935,475       7107,4733
15:04:39.862   6936,059       6808,8855
15:04:40.470   6936,667       6553,4617
15:04:41.031   6937,228       6263,3101
15:04:41.534   6937,731       6096,5738
15:04:42.090   6938,287       5795,4718
15:04:42.666   6938,863       5617,1616
15:04:43.233   6939,430       5381,6187
15:04:43.735   6939,932       5176,7932
15:04:44.277   6940,474       5045,1138
15:04:44.816   6941,013       4790,6464
15:04:45.364   6941,561       4650,4278
15:04:45.877   6942,074       4500,6282
15:04:46.435   6942,632       4345,6423
15:04:46.985   6943,182       4195,6819
15:04:47.519   6943,716       4030,9506
15:04:48.083   6944,280       3884,5738
15:04:48.659   6944,856       3746,4759
15:04:49.218   6945,415       3638,3621
15:04:49.722   6945,919       3528,5881
15:04:50.237   6946,434       3417,4352
15:04:50.771   6946,968       3331,3875
15:04:51.330   6947,527       3317,7937
15:04:51.850   6948,047       3346,7137
15:04:52.390   6948,587       3397,1556
15:04:52.943   6949,140       3480,5526
15:04:53.535   6949,732       3567,5324
15:04:54.105   6950,302       3671,4358
15:04:54.658   6950,855       3788,7620
15:04:55.202   6951,399       3908,7131
15:04:55.731   6951,928       4018,5472
15:04:56.265   6952,462       4144,9760
15:04:56.844   6953,041       4311,2125
15:04:57.385   6953,582       4455,8812
15:04:57.893   6954,090       4584,8030
15:04:58.463   6954,660       4787,6043
15:04:59.007   6955,204       4934,0268
15:04:59.559   6955,756       5155,6566
15:05:00.112   6956,309       5318,5043
15:05:00.668   6956,865       5533,7879
15:05:01.206   6957,403       5734,4926
15:05:01.828   6958,025       5970,7976
15:05:02.370   6958,567       6215,6990
15:05:02.935   6959,132       6465,3670
15:05:03.459   6959,656       6689,7028
15:05:04.009   6960,206       6964,5154
15:05:04.540   6960,737       7237,4840
15:05:05.079   6961,276       7531,9032
15:05:05.604   6961,801       7792,2026
15:05:06.150   6962,347       8137,1005
15:05:06.695   6962,892       8441,0725
15:05:07.232   6963,429       8801,4546
15:05:07.758   6963,955       9094,8553
15:05:08.316   6964,513       9441,6711
15:05:08.885   6965,082       9835,0010
15:05:09.467   6965,664      10223,5044
15:05:10.000   6966,197      10667,5654
15:05:10.533   6966,730      11044,6228
15:05:11.117   6967,314      11483,4422
15:05:11.702   6967,899      11965,6941
15:05:12.230   6968,427      12352,8929
15:05:12.775   6968,972      12799,7160
15:05:13.327   6969,524      13216,7516
15:05:13.828   6970,025      13628,8693
15:05:14.378   6970,575      14104,2118
15:05:14.944   6971,141      14623,5546
15:05:15.538   6971,735      15098,4128
15:05:16.081   6972,278      15643,6412
15:05:16.635   6972,832      16127,2286
15:05:17.179   6973,376      16609,8462
15:05:17.695   6973,892      17107,6415
15:05:18.269   6974,466      17590,3427
15:05:18.811   6975,008      18126,6389
15:05:19.383   6975,580      18672,0698
15:05:19.952   6976,149      19174,9963
15:05:20.491   6976,688      19688,8731
15:05:21.031   6977,228      20181,6789
15:05:21.561   6977,758      20668,8676
15:05:22.105   6978,302      21144,3334
15:05:22.636   6978,833      21564,1101
15:05:23.172   6979,369      22020,8745
15:05:23.709   6979,906      22402,4087
15:05:24.269   6980,466      22838,6004
15:05:24.803   6981,000      23165,6738
15:05:25.353   6981,550      23491,6092
15:05:25.921   6982,118      23861,9484
15:05:26.456   6982,653      24131,4533
15:05:27.022   6983,219      24430,5937
15:05:27.560   6983,757      24657,2747
15:05:28.105   6984,302      24841,7742
15:05:28.637   6984,834      25055,8996
15:05:29.195   6985,392      25178,6290
15:05:29.735   6985,932      25355,9189
15:05:30.304   6986,501      25495,7618
15:05:30.850   6987,047      25601,8117
15:05:31.467   6987,664      25735,6223
15:05:32.008   6988,205      25831,7148
15:05:32.551   6988,748      25925,9460
15:05:33.122   6989,319      25991,1509
15:05:33.647   6989,844      26001,3437
15:05:34.179   6990,376      26044,3009
15:05:34.734   6990,931      26118,8731
15:05:35.306   6991,503      26115,1439
15:05:35.887   6992,084      26192,9741
15:05:36.437   6992,634      26203,9065
15:05:36.985   6993,182      26305,5415
15:05:37.493   6993,690      26271,3922
15:05:38.048   6994,245      26352,5938
15:05:38.604   6994,801      26366,1611
15:05:39.171   6995,368      26402,8213
15:05:39.674   6995,871      26435,3912
15:05:40.235   6996,432      26490,7062
15:05:40.784   6996,981      26464,2101
15:05:41.332   6997,529      26479,2630
15:05:41.914   6998,111      26539,6590
15:05:42.475   6998,672      26555,9362
15:05:43.018   6999,215      26583,1132
15:05:43.564   6999,761      26547,1894
15:05:44.124   7000,321      26612,1952
15:05:44.676   7000,873      26569,3450
15:05:45.211   7001,408      26650,1357
15:05:45.715   7001,912      26609,8133
15:05:46.273   7002,470      26668,5955
15:05:46.835   7003,032      26681,4955
15:05:47.376   7003,573      26660,6757
15:05:47.880   7004,077      26617,8263
15:05:48.437   7004,634      26717,1475
15:05:49.015   7005,212      26692,1546
15:05:49.528   7005,725      26661,9420
15:05:50.095   7006,292      26684,1795
15:05:50.628   7006,825      26728,5033
15:05:51.194   7007,391      26675,7498
15:05:51.772   7007,969      26764,4726
15:05:52.332   7008,529      26709,4846
15:05:52.873   7009,070      26787,1330
15:05:53.457   7009,654      26738,4126
15:05:54.014   7010,211      26725,8511
15:05:54.569   7010,766      26791,8908
15:05:55.119   7011,316      26799,5323
15:05:55.655   7011,852      26838,5336
15:05:56.222   7012,419      26795,1159
15:05:56.803   7013,000      26831,6435
15:05:57.351   7013,548      26837,1570
15:05:57.927   7014,124      26842,2110
15:05:58.470   7014,667      26820,5573
15:05:59.068   7015,265      26881,0248
15:05:59.574   7015,771      26871,3746
15:06:00.123   7016,320      26826,3786
15:06:00.685   7016,882      26910,4373
15:06:01.265   7017,462      26882,5202
15:06:01.798   7017,995      26893,8615
15:06:02.373   7018,570      26919,5705
15:06:02.943   7019,140      26872,8621
15:06:03.537   7019,734      26903,3109
15:06:04.111   7020,308      26941,4945
15:06:04.659   7020,856      26914,8610
15:06:05.201   7021,398      26912,4391
15:06:05.749   7021,946      26875,8966
15:06:06.302   7022,499      26883,1952
15:06:06.867   7023,064      26942,2177
15:06:07.454   7023,651      26908,6129
15:06:08.013   7024,210      26930,5029
15:06:08.581   7024,778      26915,5118
15:06:09.139   7025,336      26964,5014
15:06:09.698   7025,895      26944,4637
15:06:10.233   7026,430      26971,1123
15:06:10.772   7026,969      26935,7864
15:06:11.336   7027,533      26976,3558
15:06:11.859   7028,056      26961,8368
15:06:12.424   7028,621      26982,6946
15:06:12.949   7029,146      27004,5420
15:06:13.480   7029,677      27027,3728
15:06:14.039   7030,236      26959,0977
15:06:14.611   7030,808      27012,3085
15:06:15.153   7031,350      26980,4334
15:06:15.689   7031,886      26981,7790
15:06:16.232   7032,429      27024,8228
15:06:16.739   7032,936      26996,4456
15:06:17.306   7033,503      26988,5402
15:06:17.817   7034,014      26978,2838
15:06:18.358   7034,555      26992,8611
15:06:18.899   7035,096      26998,3037
15:06:19.498   7035,695      26964,6349
15:06:20.065   7036,262      27006,0584
15:06:20.636   7036,833      27017,1933
15:06:21.242   7037,439      27001,1652
15:06:21.762   7037,959      27012,4690
15:06:22.264   7038,461      26996,7598
15:06:22.849   7039,046      27022,9359
15:06:23.449   7039,646      26972,9915
15:06:23.987   7040,184      27026,7111
15:06:24.565   7040,762      27011,4247
15:06:25.114   7041,311      27024,7102
15:06:25.653   7041,850      27013,0161
15:06:26.188   7042,385      27036,2454
15:06:26.756   7042,953      27033,3125
15:06:27.305   7043,502      27066,2546
15:06:27.832   7044,029      27037,9115
15:06:28.397   7044,594      27073,3968
15:06:28.940   7045,137      27011,8253
15:06:29.516   7045,713      27013,5173
15:06:30.062   7046,259      27021,1575
15:06:30.613   7046,810      27040,6624
15:06:31.172   7047,369      27021,2022
15:06:31.683   7047,880      27068,6842
15:06:32.221   7048,418      27042,1268
15:06:32.773   7048,970      27041,9591
15:06:33.315   7049,512      27033,5970
15:06:33.845   7050,042      27054,9881
15:06:34.394   7050,591      27056,9597
15:06:34.919   7051,116      27035,1440
15:06:35.545   7051,742      27073,8021
15:06:36.119   7052,316      27067,6160
15:06:36.688   7052,885      27095,9268
15:06:37.265   7053,462      27091,2228
15:06:37.767   7053,964      27096,0702
15:06:38.315   7054,512      27088,2113
15:06:38.911   7055,108      27079,5541
15:06:39.529   7055,726      27087,8442
15:06:40.089   7056,286      27076,3047
15:06:40.625   7056,822      27069,4965
15:06:41.193   7057,390      27093,4438
15:06:41.741   7057,938      27030,1650
15:06:42.304   7058,501      26969,4654
15:06:42.844   7059,041      26917,9681
15:06:43.482   7059,679      26841,9393
15:06:44.047   7060,244      26740,7249
15:06:44.589   7060,786      26579,8646
15:06:45.133   7061,330      26413,3717
15:06:45.732   7061,929      26174,9361
15:06:46.275   7062,472      25886,6956
15:06:46.812   7063,009      25598,4266
15:06:47.373   7063,570      25217,6842
15:06:47.878   7064,075      24799,7000
15:06:48.446   7064,643      24373,1102
15:06:49.023   7065,220      23788,0907
15:06:49.524   7065,721      23309,9980
15:06:50.085   7066,282      22612,5862
15:06:50.643   7066,840      22026,4190
15:06:51.188   7067,385      21527,0549
15:06:51.689   7067,886      21012,8117
15:06:52.253   7068,450      20560,5632
15:06:52.833   7069,030      20071,7454
15:06:53.372   7069,569      19573,8166
15:06:53.892   7070,089      19066,4741
15:06:54.455   7070,652      18558,1841
15:06:55.020   7071,217      18029,7313
15:06:55.528   7071,725      17660,9116
15:06:56.093   7072,290      17082,5270
15:06:56.639   7072,836      16570,4948
15:06:57.173   7073,370      16104,5845
15:06:57.713   7073,910      15619,3813
15:06:58.289   7074,486      15142,6250
15:06:58.837   7075,034      14666,7337
15:06:59.371   7075,568      14212,4843
15:06:59.879   7076,076      13813,3563
15:07:00.426   7076,623      13371,9273
15:07:00.981   7077,178      12892,2478
15:07:01.481   7077,678      12550,6747
15:07:02.063   7078,260      12032,5083
15:07:02.603   7078,800      11626,7392
15:07:03.151   7079,348      11221,8879
15:07:03.656   7079,853      10827,2514
15:07:04.200   7080,397      10458,9210
15:07:04.777   7080,974      10052,0360
15:07:05.361   7081,558       9651,4191
15:07:05.942   7082,139       9258,0685
15:07:06.489   7082,686       8912,3424
15:07:07.044   7083,241       8578,2520
15:07:07.566   7083,763       8271,9909
15:07:08.104   7084,301       7953,0033
15:07:08.653   7084,850       7688,3426
15:07:09.191   7085,388       7364,7712
15:07:09.703   7085,900       7105,8984
15:07:10.262   7086,459       6833,4569
15:07:10.839   7087,036       6583,4438
15:07:11.474   7087,671       6310,0756
15:07:12.052   7088,249       6014,9063
15:07:12.592   7088,789       5814,9439
15:07:13.147   7089,344       5597,3708
15:07:13.654   7089,851       5387,2694
15:07:14.195   7090,392       5187,4087
15:07:14.738   7090,935       5001,7945
15:07:15.269   7091,466       4851,8296
15:07:15.776   7091,973       4681,6962
15:07:16.312   7092,509       4510,5038
15:07:16.857   7093,054       4370,8867
15:07:17.394   7093,591       4210,9577
15:07:17.925   7094,122       4105,0953
15:07:18.462   7094,659       3918,2944
15:07:18.996   7095,193       3779,4406
15:07:19.498   7095,695       3706,9838
15:07:20.033   7096,230       3585,6657
15:07:20.615   7096,812       3462,3649
15:07:21.182   7097,379       3378,3021
15:07:21.745   7097,942       3312,4989
15:07:22.291   7098,488       3365,6173
15:07:22.828   7099,025       3444,8601
15:07:23.394   7099,591       3518,6745
15:07:23.909   7100,106       3584,8705
15:07:24.442   7100,639       3704,0954
15:07:24.974   7101,171       3820,2740
15:07:25.507   7101,704       3921,6727
15:07:26.060   7102,257       4045,3225
15:07:26.618   7102,815       4195,9067
15:07:27.162   7103,359       4313,6834
15:07:27.694   7103,891       4486,7513
15:07:28.261   7104,458       4628,8862
15:07:28.827   7105,024       4800,7642
15:07:29.367   7105,564       4963,7230
15:07:29.877   7106,074       5147,5843
15:07:30.419   7106,616       5353,6030
15:07:30.962   7107,159       5533,1133
15:07:31.550   7107,747       5780,5478
15:07:32.124   7108,321       5957,0572
15:07:32.665   7108,862       6204,4962
15:07:33.232   7109,429       6471,7856
15:07:33.784   7109,981       6726,4507
15:07:34.329   7110,526       6998,6098
15:07:34.883   7111,080       7281,9556
15:07:35.456   7111,653       7541,3100
15:07:35.998   7112,195       7845,8022
15:07:36.531   7112,728       8120,1034
15:07:37.077   7113,274       8494,9989
15:07:37.596   7113,793       8801,2108
15:07:38.142   7114,339       9133,8363
15:07:38.695   7114,892       9511,5982
15:07:39.239   7115,436       9868,1765
15:07:39.752   7115,949      10218,6272
15:07:40.321   7116,518      10642,4823
15:07:40.891   7117,088      11081,2847
15:07:41.475   7117,672      11482,4639
15:07:42.025   7118,222      11930,0015
15:07:42.584   7118,781      12385,7211
15:07:43.131   7119,328      12797,5680
15:07:43.657   7119,854      13255,4294
15:07:44.197   7120,394      13716,7135
15:07:44.764   7120,961      14168,6188
15:07:45.303   7121,500      14642,1614
15:07:45.826   7122,023      15061,2644
15:07:46.358   7122,555      15545,2239
15:07:46.915   7123,112      16066,2437
15:07:47.501   7123,698      16568,6289
15:07:48.006   7124,203      17057,9266
15:07:48.577   7124,774      17612,7284
15:07:49.149   7125,346      18140,2067
15:07:49.686   7125,883      18641,6872
15:07:50.243   7126,440      19181,3469
15:07:50.813   7127,010      19694,1469
15:07:51.366   7127,563      20191,8053
15:07:51.987   7128,184      20719,1780
15:07:52.518   7128,715      21184,4171
15:07:53.069   7129,266      21661,8356
15:07:53.625   7129,822      22112,8058
15:07:54.155   7130,352      22471,4152
15:07:54.691   7130,888      22857,4068
15:07:55.229   7131,426      23287,4949
15:07:55.800   7131,997      23660,4056
15:07:56.366   7132,563      23917,4904
15:07:56.897   7133,094      24188,6209
15:07:57.504   7133,701      24483,9300
15:07:58.037   7134,234      24741,4645
15:07:58.619   7134,816      24923,8500
15:07:59.168   7135,365      25118,7495
15:07:59.676   7135,873      25256,6942
15:08:00.179   7136,376      25330,5980
15:08:00.723   7136,920      25473,2844
15:08:01.311   7137,508      25611,9446
15:08:01.822   7138,019      25674,9212
15:08:02.380   7138,577      25781,8626
15:08:02.936   7139,133      25901,7944
15:08:03.532   7139,729      25990,4738
15:08:04.112   7140,309      26035,2832
15:08:04.649   7140,846      26116,7114
15:08:05.213   7141,410      26067,8472
15:08:05.787   7141,984      26164,6771
15:08:06.327   7142,524      26210,8273
15:08:06.875   7143,072      26211,7460
15:08:07.469   7143,666      26285,9747
15:08:08.016   7144,213      26300,6787
15:08:08.553   7144,750      26290,5952
15:08:09.109   7145,306      26323,2979
15:08:09.627   7145,824      26342,0617
15:08:10.205   7146,402      26392,0723
15:08:10.786   7146,983      26396,2513
15:08:11.341   7147,538      26433,2323
15:08:11.849   7148,046      26424,0233
15:08:12.401   7148,598      26475,8746
15:08:12.943   7149,140      26482,3964
15:08:13.532   7149,729      26499,0942
15:08:14.078   7150,275      26559,5486
15:08:14.634   7150,831      26591,0330
15:08:15.180   7151,377      26537,9074
15:08:15.709   7151,906      26604,8848
15:08:16.251   7152,448      26580,6104
15:08:16.852   7153,049      26634,3091
15:08:17.457   7153,654      26613,4141
15:08:18.011   7154,208      26658,2788
15:08:18.564   7154,761      26643,1782
15:08:19.105   7155,302      26683,2157
15:08:19.628   7155,825      26695,2308
15:08:20.165   7156,362      26707,9361
15:08:20.729   7156,926      26730,7812
15:08:21.293   7157,490      26727,6308
15:08:21.797   7157,994      26716,0403
15:08:22.355   7158,552      26723,3893
15:08:22.895   7159,092      26740,4422
15:08:23.511   7159,708      26732,4037
15:08:24.064   7160,261      26731,5414
15:08:24.609   7160,806      26752,0944
15:08:25.148   7161,345      26761,5082
15:08:25.730   7161,927      26779,8163
15:08:26.274   7162,471      26805,4540
15:08:26.788   7162,985      26767,0169
15:08:27.368   7163,565      26772,7586
15:08:27.878   7164,075      26807,8334
15:08:28.447   7164,644      26781,4793
15:08:29.008   7165,205      26784,8372
15:08:29.599   7165,796      26778,9485
15:08:30.153   7166,350      26828,0587
15:08:30.696   7166,893      26797,0563
15:08:31.235   7167,432      26857,4218
15:08:31.749   7167,946      26820,6591
15:08:32.294   7168,491      26832,7419
15:08:32.852   7169,049      26829,3930
15:08:33.394   7169,591      26813,6918
15:08:33.909   7170,106      26865,1193
15:08:34.481   7170,678      26835,5253
15:08:35.022   7171,219      26826,3914
15:08:35.523   7171,720      26867,4669
15:08:36.023   7172,220      26872,0185
15:08:36.594   7172,791      26865,1513
15:08:37.126   7173,323      26889,7046
15:08:37.644   7173,841      26876,8142
15:08:38.199   7174,396      26912,0523
15:08:38.743   7174,940      26881,2852
15:08:39.326   7175,523      26898,5863
15:08:39.842   7176,039      26882,8437
15:08:40.378   7176,575      26916,7038
15:08:40.924   7177,121      26924,8850
15:08:41.484   7177,681      26911,5420
15:08:42.093   7178,290      26938,9234
15:08:42.628   7178,825      26917,9806
15:08:43.173   7179,370      26911,2715
15:08:43.784   7179,981      26921,7709
15:08:44.323   7180,520      26922,9903
15:08:44.888   7181,085      26952,4644
15:08:45.493   7181,690      26977,0823
15:08:46.023   7182,220      26941,0227
15:08:46.579   7182,776      26933,0164
15:08:47.168   7183,365      26950,8137
15:08:47.755   7183,952      26974,4689
15:08:48.300   7184,497      26941,6526
15:08:48.908   7185,105      26982,2052
15:08:49.529   7185,726      26971,0019
15:08:50.092   7186,289      27005,5341
15:08:50.645   7186,842      26976,9759
15:08:51.178   7187,375      26992,8876
15:08:51.692   7187,889      27003,5358
15:08:52.228   7188,425      26992,4577
15:08:52.735   7188,932      26967,1893
15:08:53.286   7189,483      26998,9749
15:08:53.796   7189,993      26939,4389
15:08:54.383   7190,580      26987,8955
15:08:54.953   7191,150      27006,1102
15:08:55.461   7191,658      26996,8370
15:08:56.020   7192,217      27032,5862
15:08:56.554   7192,751      27001,4047
15:08:57.080   7193,277      27015,1645
15:08:57.618   7193,815      27049,1610
15:08:58.200   7194,397      26983,3703
15:08:58.773   7194,970      26988,1460
15:08:59.338   7195,535      27054,1443
15:08:59.855   7196,052      27026,7111
15:09:00.399   7196,596      27041,5512
15:09:00.962   7197,159      27055,5801
15:09:01.485   7197,682      27011,0279
15:09:02.034   7198,231      27039,4484
15:09:02.564   7198,761      27004,2816
15:09:03.111   7199,308      27069,6832
15:09:03.705   7199,902      27049,8949
15:09:04.265   7200,462      27054,5315
15:09:04.805   7201,002      27042,1232
15:09:05.395   7201,592      27010,9622
15:09:05.914   7202,111      27039,4611
15:09:06.454   7202,651      27018,7997
15:09:07.026   7203,223      27064,2332
15:09:07.627   7203,824      27035,1708
15:09:08.182   7204,379      27051,9334
15:09:08.739   7204,936      27072,7504
15:09:09.304   7205,501      27033,3363
15:09:09.881   7206,078      27038,9078
15:09:10.426   7206,623      26998,3275
15:09:10.961   7207,158      27059,2197
15:09:11.510   7207,707      27011,4691
15:09:12.061   7208,258      26942,8962
15:09:12.636   7208,833      26945,6657
15:09:13.165   7209,362      26852,3508
15:09:13.746   7209,943      26822,2101
15:09:14.287   7210,484      26663,8055
15:09:14.879   7211,076      26522,8290
15:09:15.464   7211,661      26316,4322
15:09:16.017   7212,214      26108,7939
15:09:16.560   7212,757      25845,9055
15:09:17.125   7213,322      25513,2118
15:09:17.691   7213,888      25149,0361
15:09:18.225   7214,422      24700,0249
15:09:18.761   7214,958      24206,6882
15:09:19.315   7215,512      23710,4360
15:09:19.822   7216,019      23217,5058
15:09:20.369   7216,566      22611,3239
15:09:20.914   7217,111      22029,0734
15:09:21.489   7217,686      21548,0487
15:09:22.055   7218,252      20964,3590
15:09:22.595   7218,792      20461,9991
15:09:23.176   7219,373      19945,0211
15:09:23.722   7219,919      19522,2422
15:09:24.258   7220,455      18995,2305
15:09:24.810   7221,007      18493,8061
15:09:25.348   7221,545      18011,8136
15:09:25.935   7222,132      17475,4268
15:09:26.490   7222,687      16993,0278
15:09:27.029   7223,226      16525,6162
15:09:27.538   7223,735      16090,5509
15:09:28.097   7224,294      15542,8433
15:09:28.620   7224,817      15149,4839
15:09:29.181   7225,378      14631,1505
15:09:29.681   7225,878      14201,7116
15:09:30.246   7226,443      13754,4027
15:09:30.822   7227,019      13264,7080
15:09:31.357   7227,554      12822,6324
15:09:31.886   7228,083      12452,5519
15:09:32.435   7228,632      12000,1820
15:09:33.034   7229,231      11541,9842
15:09:33.583   7229,780      11183,9518
15:09:34.153   7230,350      10763,8296
15:09:34.702   7230,899      10367,9510
15:09:35.261   7231,458       9985,8636
15:09:35.771   7231,968       9648,1949
15:09:36.324   7232,521       9232,6851
15:09:36.871   7233,068       8911,9923
15:09:37.469   7233,666       8615,4440
15:09:38.015   7234,212       8245,3635
15:09:38.579   7234,776       7891,3259
15:09:39.142   7235,339       7661,1227
15:09:39.717   7235,914       7330,8086
15:09:40.256   7236,453       7057,5139
15:09:40.799   7236,996       6805,7508
15:09:41.370   7237,567       6537,1381
15:09:41.909   7238,106       6265,3915
15:09:42.444   7238,641       6070,3919
15:09:43.002   7239,199       5779,2832
15:09:43.598   7239,795       5595,5969
15:09:44.160   7240,357       5360,8993
15:09:44.727   7240,924       5181,4404
15:09:45.236   7241,433       5022,9706
15:09:45.743   7241,940       4844,7229
15:09:46.291   7242,488       4677,1000
15:09:46.854   7243,051       4465,8358
15:09:47.394   7243,591       4356,6979
15:09:47.939   7244,136       4191,5032
15:09:48.486   7244,683       4059,5488
15:09:49.022   7245,219       3919,2473
15:09:49.627   7245,824       3750,3519
15:09:50.248   7246,445       3602,9148
15:09:50.788   7246,985       3519,2978
15:09:51.357   7247,554       3383,5167
15:09:51.897   7248,094       3379,3604
15:09:52.437   7248,634       3384,1094
15:09:52.981   7249,178       3442,5881
15:09:53.541   7249,738       3478,3512
15:09:54.109   7250,306       3597,0879
15:09:54.640   7250,837       3681,8179
15:09:55.232   7251,429       3783,3434
15:09:55.740   7251,937       3885,1459
15:09:56.291   7252,488       4011,0544
15:09:56.823   7253,020       4158,1724
15:09:57.373   7253,570       4276,0841
15:09:57.899   7254,096       4421,4200
15:09:58.465   7254,662       4566,8100
15:09:59.046   7255,243       4753,6490
15:09:59.557   7255,754       4931,1853
15:10:00.096   7256,293       5126,1263
15:10:00.654   7256,851       5312,3011
15:10:01.233   7257,430       5496,5411
15:10:01.734   7257,931       5693,8014
15:10:02.275   7258,472       5900,1341
15:10:02.816   7259,013       6127,4328
15:10:03.390   7259,587       6366,5197
15:10:03.927   7260,124       6636,8080
15:10:04.474   7260,671       6897,7837
15:10:05.012   7261,209       7156,9874
15:10:05.518   7261,715       7381,9246
15:10:06.090   7262,287       7692,0990
15:10:06.668   7262,865       8040,2960
15:10:07.217   7263,414       8363,4571
15:10:07.731   7263,928       8652,0366
15:10:08.308   7264,505       9023,4216
15:10:08.875   7265,072       9365,9101
15:10:09.522   7265,719       9770,6149
15:10:10.079   7266,276      10216,2568
15:10:10.648   7266,845      10617,3188
15:10:11.186   7267,383      11018,9420
15:10:11.734   7267,931      11410,2349
15:10:12.301   7268,498      11861,0602
15:10:12.845   7269,042      12294,9914
15:10:13.385   7269,582      12685,5042
15:10:13.937   7270,134      13167,4196
15:10:14.468   7270,665      13619,9046
15:10:14.968   7271,165      13978,4610
15:10:15.516   7271,713      14397,8581
15:10:16.073   7272,270      14962,4214
15:10:16.610   7272,807      15458,7767
15:10:17.138   7273,335      15887,4707
15:10:17.638   7273,835      16335,2062
15:10:18.181   7274,378      16835,8570
15:10:18.710   7274,907      17356,1061
15:10:19.260   7275,457      17862,6586
15:10:19.779   7275,976      18361,5605
15:10:20.341   7276,538      18894,8294
15:10:20.904   7277,101      19442,1361
15:10:21.538   7277,735      19897,2250
15:10:22.066   7278,263      20451,1665
15:10:22.624   7278,821      20960,2402
15:10:23.169   7279,366      21366,4266
15:10:23.701   7279,898      21862,5873
15:10:24.241   7280,438      22237,5453
15:10:24.840   7281,037      22707,6392
15:10:25.466   7281,663      23078,7664
15:10:26.034   7282,231      23487,6052
15:10:26.584   7282,781      23785,3802
15:10:27.174   7283,371      24131,6664
15:10:27.762   7283,959      24413,2067
15:10:28.315   7284,512      24710,0658
15:10:28.884   7285,081      24883,0504
15:10:29.500   7285,697      25116,2980
15:10:30.087   7286,284      25296,6039
15:10:30.656   7286,853      25408,8580
15:10:31.236   7287,433      25554,3644
15:10:31.736   7287,933      25645,5187
15:10:32.305   7288,502      25729,4976
15:10:32.855   7289,052      25845,8620
15:10:33.394   7289,591      25930,9650
15:10:33.908   7290,105      25961,2384
15:10:34.446   7290,643      25983,7593
15:10:34.988   7291,185      26003,4421
15:10:35.530   7291,727      26125,3862
15:10:36.099   7292,296      26157,1055
15:10:36.633   7292,830      26177,2685
15:10:37.211   7293,408      26221,5614
15:10:37.714   7293,911      26287,1073
15:10:38.293   7294,490      26314,7135
15:10:38.833   7295,030      26339,5020
15:10:39.376   7295,573      26355,5630
15:10:39.892   7296,089      26352,6299
15:10:40.432   7296,629      26372,7780
15:10:40.989   7297,186      26403,0003
15:10:41.510   7297,707      26425,2766
15:10:42.085   7298,282      26446,0724
15:10:42.667   7298,864      26475,3622
15:10:43.203   7299,400      26466,4523
15:10:43.729   7299,926      26471,1538
15:10:44.267   7300,464      26509,1327
15:10:44.832   7301,029      26557,9587
15:10:45.345   7301,542      26590,4564
15:10:45.852   7302,049      26524,0858
15:10:46.413   7302,610      26540,6054
15:10:46.953   7303,150      26553,7768
15:10:47.506   7303,703      26542,2403
15:10:48.049   7304,246      26588,3346
15:10:48.562   7304,759      26609,4906
15:10:49.140   7305,337      26633,3913
15:10:49.736   7305,933      26626,3173
15:10:50.280   7306,477      26602,7804
15:10:50.846   7307,043      26631,1292
15:10:51.392   7307,589      26650,5655
15:10:51.940   7308,137      26628,8939
15:10:52.474   7308,671      26641,5618
15:10:53.035   7309,232      26708,7977
15:10:53.587   7309,784      26722,9230
15:10:54.156   7310,353      26640,9893
15:10:54.705   7310,902      26708,6042
15:10:55.264   7311,461      26693,9269
15:10:55.764   7311,961      26726,9001
15:10:56.316   7312,513      26709,2288
15:10:56.844   7313,041      26689,5275
15:10:57.393   7313,590      26708,8824
15:10:57.899   7314,096      26716,5360
15:10:58.458   7314,655      26768,9803
15:10:59.012   7315,209      26783,8417
15:10:59.617   7315,814      26759,6339
15:11:00.124   7316,321      26766,8879
15:11:00.668   7316,865      26772,7755
15:11:01.203   7317,400      26756,3446
15:11:01.710   7317,907      26734,6253
15:11:02.247   7318,444      26790,6196
15:11:02.824   7319,021      26810,5129
15:11:03.359   7319,556      26788,2771
15:11:03.875   7320,072      26779,6137
15:11:04.447   7320,644      26776,3714
15:11:05.014   7321,211      26820,6268
15:11:05.548   7321,745      26794,4741
15:11:06.086   7322,283      26829,5780
15:11:06.615   7322,812      26807,8525
15:11:07.174   7323,371      26770,0279
15:11:07.688   7323,885      26843,7622
15:11:08.231   7324,428      26858,3990
15:11:08.772   7324,969      26816,5426
15:11:09.329   7325,526      26899,1906
15:11:09.870   7326,067      26842,3269
15:11:10.443   7326,640      26862,8311
15:11:10.946   7327,143      26822,9747
15:11:11.480   7327,677      26852,1128
15:11:12.041   7328,238      26900,1303
15:11:12.590   7328,787      26888,9280
15:11:13.156   7329,353      26871,0854
15:11:13.666   7329,863      26840,3447
15:11:14.216   7330,413      26864,2541
15:11:14.773   7330,970      26880,8297
15:11:15.310   7331,507      26851,6625
15:11:15.818   7332,015      26886,8034
15:11:16.320   7332,517      26828,8402
15:11:16.858   7333,055      26843,3415
15:11:17.482   7333,679      26868,8447
15:11:18.021   7334,218      26872,3271
15:11:18.562   7334,759      26825,4580
15:11:19.093   7335,290      26862,2552
15:11:19.634   7335,831      26866,8612
15:11:20.194   7336,391      26887,3256
15:11:20.759   7336,956      26865,9600
15:11:21.304   7337,501      26946,8436
15:11:21.842   7338,039      26889,5723
15:11:22.389   7338,586      26849,3617
15:11:22.949   7339,146      26908,3355
15:11:23.538   7339,735      26874,3661
15:11:24.099   7340,296      26882,4483
15:11:24.658   7340,855      26931,2769
15:11:25.195   7341,392      26901,6591
15:11:25.711   7341,908      26876,3343
15:11:26.282   7342,479      26928,0063
15:11:26.826   7343,023      26911,9071
15:11:27.366   7343,563      26905,1535
15:11:27.901   7344,098      26908,6095
15:11:28.437   7344,634      26914,3065
15:11:28.985   7345,182      26888,4750
15:11:29.586   7345,783      26941,6395
15:11:30.157   7346,354      26944,0695
15:11:30.711   7346,908      26908,5676
15:11:31.258   7347,455      26934,4798
15:11:31.789   7347,986      26947,5250
15:11:32.335   7348,532      26909,5586
15:11:32.903   7349,100      26919,0024
15:11:33.511   7349,708      26967,3122
15:11:34.056   7350,253      26934,2353
15:11:34.618   7350,815      26943,8685
15:11:35.162   7351,359      26997,1838
15:11:35.698   7351,895      26971,9981
15:11:36.274   7352,471      26968,0226
15:11:36.821   7353,018      26915,8885
15:11:37.375   7353,572      26958,1385
15:11:37.904   7354,101      27057,9477
15:11:38.470   7354,667      26979,4631
15:11:39.012   7355,209      26953,5599
15:11:39.558   7355,755      26964,1798
15:11:40.089   7356,286      27000,4852
15:11:40.644   7356,841      26948,6469
15:11:41.225   7357,422      26994,9177
15:11:41.726   7357,923      26971,8975
15:11:42.296   7358,493      26992,5561
15:11:42.862   7359,059      26895,7235
15:11:43.474   7359,671      26881,5791
15:11:44.026   7360,223      26760,8880
15:11:44.587   7360,784      26684,8559
15:11:45.126   7361,323      26560,2738
15:11:45.664   7361,861      26333,0117
15:11:46.204   7362,401      26232,9099
15:11:46.771   7362,968      25946,5208
15:11:47.322   7363,519      25635,6226
15:11:47.824   7364,021      25332,4804
15:11:48.397   7364,594      24895,5372
15:11:48.957   7365,154      24424,0342
15:11:49.461   7365,658      24007,0448
15:11:50.038   7366,235      23364,5335
15:11:50.586   7366,783      22737,9254
15:11:51.139   7367,336      22241,0544
15:11:51.671   7367,868      21693,7495
15:11:52.243   7368,440      21182,6763
15:11:52.805   7369,002      20676,3700
15:11:53.360   7369,557      20145,6950
15:11:53.864   7370,061      19758,2916
15:11:54.433   7370,630      19204,9276
15:11:54.994   7371,191      18740,6625
15:11:55.597   7371,794      18170,5402
15:11:56.147   7372,344      17660,2443
15:11:56.683   7372,880      17181,6449
15:11:57.232   7373,429      16703,8230
15:11:57.808   7374,005      16232,5453
15:11:58.377   7374,574      15698,6038
15:11:58.932   7375,129      15225,1840
15:11:59.471   7375,668      14807,4061
15:12:00.009   7376,206      14293,6217
15:12:00.542   7376,739      13847,2709
15:12:01.113   7377,310      13379,7797
15:12:01.655   7377,852      12943,6513
15:12:02.201   7378,398      12539,4634
15:12:02.758   7378,955      12132,2050
15:12:03.313   7379,510      11660,4382
15:12:03.857   7380,054      11267,3673
15:12:04.444   7380,641      10813,1133
15:12:04.989   7381,186      10454,9292
15:12:05.516   7381,713      10143,9832
15:12:06.082   7382,279       9687,9767
15:12:06.670   7382,867       9332,8952
15:12:07.234   7383,431       8962,7012
15:12:07.754   7383,951       8668,5630
15:12:08.301   7384,498       8327,8405
15:12:08.851   7385,048       7989,2627
15:12:09.483   7385,680       7699,5882
15:12:10.075   7386,272       7370,6711
15:12:10.610   7386,807       7053,1099
15:12:11.165   7387,362       6808,4865
15:12:11.678   7387,875       6593,7711
15:12:12.241   7388,438       6300,5738
15:12:12.816   7389,013       6059,6544
15:12:13.350   7389,547       5839,0098
15:12:13.876   7390,073       5624,0961
15:12:14.428   7390,625       5439,1029
15:12:14.973   7391,170       5249,7063
15:12:15.502   7391,699       5053,2554
15:12:16.058   7392,255       4878,4877
15:12:16.632   7392,829       4708,5284
15:12:17.201   7393,398       4513,2283
15:12:17.736   7393,933       4374,1035
15:12:18.274   7394,471       4203,5966
15:12:18.823   7395,020       4076,0779
15:12:19.378   7395,575       3953,4717
15:12:19.923   7396,120       3814,5700
15:12:20.488   7396,685       3684,3518
15:12:21.065   7397,262       3557,8928
15:12:21.660   7397,857       3450,8822
15:12:22.188   7398,385       3382,9259
15:12:22.717   7398,914       3392,4706
15:12:23.268   7399,465       3413,5817
15:12:23.833   7400,030       3501,6234
15:12:24.378   7400,575       3587,6763
15:12:24.967   7401,164       3688,9178
15:12:25.519   7401,716       3782,8827
15:12:26.067   7402,264       3906,1793
15:12:26.608   7402,805       4045,3006
15:12:27.163   7403,360       4164,8543
15:12:27.682   7403,879       4302,8575
15:12:28.260   7404,457       4473,7749
15:12:28.828   7405,025       4635,4919
15:12:29.404   7405,601       4802,9358
15:12:29.981   7406,178       4989,8321
15:12:30.516   7406,713       5159,9620
15:12:31.057   7407,254       5333,7682
15:12:31.574   7407,771       5525,2450
15:12:32.087   7408,284       5723,8056
15:12:32.633   7408,830       5920,3147
15:12:33.191   7409,388       6173,6357
15:12:33.777   7409,974       6455,2611
15:12:34.317   7410,514       6680,2954
15:12:34.829   7411,026       6921,6129
15:12:35.373   7411,570       7183,8346
15:12:35.888   7412,085       7457,7215
15:12:36.451   7412,648       7750,0330
15:12:36.990   7413,187       8055,8072
15:12:37.556   7413,753       8351,2801
15:12:38.106   7414,303       8697,9066
15:12:38.647   7414,844       9063,6414
15:12:39.187   7415,384       9394,8512
15:12:39.694   7415,891       9766,1030
15:12:40.242   7416,439      10121,9764
15:12:40.820   7417,017      10551,9068
15:12:41.354   7417,551      10934,8074
15:12:41.889   7418,086      11333,5221
15:12:42.440   7418,637      11741,5824
15:12:43.024   7419,221      12191,3392
15:12:43.560   7419,757      12581,8456
15:12:44.116   7420,313      13077,6506
15:12:44.703   7420,900      13555,7204
15:12:45.274   7421,471      14036,4336
15:12:45.800   7421,997      14490,2061
15:12:46.350   7422,547      14907,8617
15:12:46.897   7423,094      15404,6635
15:12:47.514   7423,711      15970,0192
15:12:48.031   7424,228      16441,3700
15:12:48.583   7424,780      16941,1498
15:12:49.140   7425,337      17500,3746
15:12:49.738   7425,935      18051,3354
15:12:50.297   7426,494      18553,8833
15:12:50.867   7427,064      19085,1246
15:12:51.474   7427,671      19594,7273
15:12:52.013   7428,210      20133,2524
15:12:52.584   7428,781      20652,1168
15:12:53.161   7429,358      21188,3050
15:12:53.705   7429,902      21639,6835
15:12:54.253   7430,450      22064,9548
15:12:54.804   7431,001      22459,0783
15:12:55.377   7431,574      22876,7462
15:12:55.920   7432,117      23217,6616
15:12:56.498   7432,695      23618,5027
15:12:57.081   7433,278      23939,4558
15:12:57.614   7433,811      24270,5781
15:12:58.178   7434,375      24488,7300
15:12:58.748   7434,945      24789,4964
15:12:59.287   7435,484      24980,4171
15:12:59.816   7436,013      25200,0331
15:13:00.389   7436,586      25355,9882
15:13:00.922   7437,119      25509,8573
15:13:01.528   7437,725      25632,7504
15:13:02.074   7438,271      25772,8845
15:13:02.646   7438,843      25855,6165
15:13:03.186   7439,383      25950,3962
15:13:03.733   7439,930      25957,8008
15:13:04.284   7440,481      26048,2564
15:13:04.841   7441,038      26172,2102
15:13:05.393   7441,590      26195,9675
15:13:05.946   7442,143      26212,5622
15:13:06.483   7442,680      26292,3279
15:13:07.058   7443,255      26318,0487
15:13:07.561   7443,758      26344,2702
15:13:08.120   7444,317      26388,8611
15:13:08.692   7444,889      26417,8722
15:13:09.241   7445,438      26476,4763
15:13:09.748   7445,945      26514,7845
15:13:10.319   7446,516      26528,2725
15:13:10.857   7447,054      26538,1654
15:13:11.492   7447,689      26560,5413
15:13:12.041   7448,238      26585,3620
15:13:12.572   7448,769      26582,9799
15:13:13.118   7449,315      26596,8919
15:13:13.669   7449,866      26625,7654
15:13:14.250   7450,447      26677,9983
15:13:14.784   7450,981      26667,9671
15:13:15.334   7451,531      26662,0006
15:13:15.882   7452,079      26710,4779
15:13:16.425   7452,622      26687,0763
15:13:16.966   7453,163      26723,1694
15:13:17.553   7453,750      26741,0785
15:13:18.103   7454,300      26748,5940
15:13:18.688   7454,885      26758,4601
15:13:19.220   7455,417      26794,7633
15:13:19.752   7455,949      26809,1274
15:13:20.290   7456,487      26777,8212
15:13:20.849   7457,046      26825,0042
15:13:21.398   7457,595      26815,5502
15:13:21.936   7458,133      26824,6433
15:13:22.500   7458,697      26802,6087
15:13:23.061   7459,258      26856,7392
15:13:23.569   7459,766      26831,8080
15:13:24.132   7460,329      26897,1834
15:13:24.697   7460,894      26826,3395
15:13:25.264   7461,461      26870,6015
15:13:25.782   7461,979      26881,5512
15:13:26.332   7462,529      26914,5479
15:13:26.914   7463,111      26866,7985
15:13:27.535   7463,732      26918,5895
15:13:28.138   7464,335      26890,4440
15:13:28.672   7464,869      26899,8201
15:13:29.228   7465,425      26846,2315
15:13:29.741   7465,938      26889,6295
15:13:30.288   7466,485      26934,2644
15:13:30.831   7467,028      26893,2970
15:13:31.362   7467,559      26936,5880
15:13:31.953   7468,150      26958,7401
15:13:32.482   7468,679      26900,8666
15:13:33.028   7469,225      26922,1025
15:13:33.540   7469,737      26922,3123
15:13:34.093   7470,290      26921,4413
15:13:34.662   7470,859      26934,9618
15:13:35.218   7471,415      26934,5638
15:13:35.723   7471,920      26949,7085
15:13:36.279   7472,476      26959,2872
15:13:36.830   7473,027      26967,0766
15:13:37.396   7473,593      26980,3573
15:13:37.905   7474,102      26938,7630
15:13:38.486   7474,683      26996,8342
15:13:39.045   7475,242      26926,7913
15:13:39.561   7475,758      26963,6230
15:13:40.105   7476,302      27008,1913
15:13:40.669   7476,866      26997,2143
15:13:41.242   7477,439      26971,4652
15:13:41.747   7477,944      26974,9420
15:13:42.331   7478,528      26997,1634
15:13:42.879   7479,076      26964,6693
15:13:43.462   7479,659      27003,5764
15:13:44.009   7480,206      26991,5187
15:13:44.593   7480,790      27001,0063
15:13:45.135   7481,332      27037,6751
15:13:45.661   7481,858      27036,9990
15:13:46.194   7482,391      27004,5300
15:13:46.739   7482,936      26992,4281
15:13:47.287   7483,484      27020,1738
15:13:47.803   7484,000      26982,7194
15:13:48.392   7484,589      27015,2801
15:13:48.934   7485,131      27024,4623
15:13:49.555   7485,752      27000,9831
15:13:50.102   7486,299      27071,7640
15:13:50.669   7486,866      27013,9218
15:13:51.203   7487,400      27019,9615
15:13:51.728   7487,925      26997,9623
15:13:52.261   7488,458      27034,6856
15:13:52.839   7489,036      27055,8382
15:13:53.370   7489,567      27039,7413
15:13:53.892   7490,089      27046,8554
15:13:54.444   7490,641      27092,3447
15:13:54.993   7491,190      27058,4288
15:13:55.501   7491,698      27063,1657
15:13:56.045   7492,242      27074,4594
15:13:56.603   7492,800      27115,2422
15:13:57.137   7493,334      27082,4265
15:13:57.695   7493,892      27106,4138
15:13:58.242   7494,439      27065,0149
15:13:58.803   7495,000      27097,1686
15:13:59.381   7495,578      27147,9387
15:13:59.902   7496,099      27087,9548
15:14:00.456   7496,653      27118,5442
15:14:00.997   7497,194      27102,9661
15:14:01.511   7497,708      27089,7319
15:14:02.111   7498,308      27115,4208
15:14:02.700   7498,897      27093,6384
15:14:03.222   7499,419      27131,2921
15:14:03.762   7499,959      27146,6165
15:14:04.295   7500,492      27145,3787
15:14:04.859   7501,056      27075,2882
15:14:05.486   7501,683      27116,1458
15:14:06.027   7502,224      27117,2783
15:14:06.596   7502,793      27100,7827
15:14:07.129   7503,326      27133,8502
15:14:07.672   7503,869      27154,5214
15:14:08.214   7504,411      27097,8197
15:14:08.827   7505,024      27127,4723
15:14:09.365   7505,562      27123,6877
15:14:09.884   7506,081      27099,2092
15:14:10.442   7506,639      27097,8160
15:14:11.012   7507,209      27078,5480
15:14:11.532   7507,729      27095,9771
15:14:12.084   7508,281      27080,1033
15:14:12.593   7508,790      27031,2158
15:14:13.134   7509,331      27032,6207
15:14:13.676   7509,873      26978,3125
15:14:14.236   7510,433      26927,9396
15:14:14.782   7510,979      26790,3077
15:14:15.323   7511,520      26689,6273
15:14:15.846   7512,043      26574,1284
15:14:16.415   7512,612      26272,2311
15:14:16.985   7513,182      26109,0576
15:14:17.523   7513,720      25852,5293
15:14:18.079   7514,276      25447,7444
15:14:18.638   7514,835      25086,3745
15:14:19.219   7515,416      24577,4230
15:14:19.749   7515,946      24066,7947
15:14:20.279   7516,476      23546,0776
15:14:20.822   7517,019      22940,8826
15:14:21.372   7517,569      22368,5073
15:14:21.902   7518,099      21879,1390
15:14:22.487   7518,684      21336,8394
15:14:23.019   7519,216      20870,6014
15:14:23.520   7519,717      20449,6750
15:14:24.054   7520,251      19918,0877
15:14:24.626   7520,823      19408,4780
15:14:25.195   7521,392      18910,5519
15:14:25.725   7521,922      18403,6963
15:14:26.305   7522,502      17875,8885
15:14:26.849   7523,046      17412,7772
15:14:27.481   7523,678      16912,8159
15:14:28.053   7524,250      16325,7056
15:14:28.597   7524,794      15821,8718
15:14:29.129   7525,326      15396,9592
15:14:29.641   7525,838      14995,6851
15:14:30.192   7526,389      14490,4475
15:14:30.736   7526,933      14047,8530
15:14:31.284   7527,481      13568,2502
15:14:31.803   7528,000      13182,1026
15:14:32.332   7528,529      12780,3929
15:14:32.881   7529,078      12341,5877
15:14:33.497   7529,694      11893,8386
15:14:34.057   7530,254      11444,2033
15:14:34.624   7530,821      11025,3117
15:14:35.188   7531,385      10609,4733
15:14:35.714   7531,911      10241,5775
15:14:36.272   7532,469       9852,7037
15:14:36.831   7533,028       9476,2931
15:14:37.373   7533,570       9172,4916
15:14:37.922   7534,119       8835,1874
15:14:38.461   7534,658       8482,1038
15:14:39.026   7535,223       8122,8794
15:14:39.536   7535,733       7914,1773
15:14:40.074   7536,271       7588,6022
15:14:40.617   7536,814       7282,1002
15:14:41.151   7537,348       7026,6229
15:14:41.684   7537,881       6806,8866
15:14:42.224   7538,421       6553,3838
15:14:42.781   7538,978       6262,6514
15:14:43.316   7539,513       6063,0638
15:14:43.863   7540,060       5841,1034
15:14:44.414   7540,611       5645,6070
15:14:44.951   7541,148       5447,0508
15:14:45.537   7541,734       5217,1023
15:14:46.077   7542,274       5027,7556
15:14:46.620   7542,817       4865,9405
15:14:47.190   7543,387       4650,3636
15:14:47.715   7543,912       4514,6316
15:14:48.260   7544,457       4379,2749
15:14:48.817   7545,014       4215,8731
15:14:49.473   7545,670       4064,5306
15:14:50.028   7546,225       3875,2460
15:14:50.585   7546,782       3770,9271
15:14:51.172   7547,369       3646,3503
15:14:51.758   7547,955       3513,6660
15:14:52.266   7548,463       3412,5743
15:14:52.814   7549,011       3404,4173
15:14:53.377   7549,574       3423,4453
15:14:53.897   7550,094       3482,7425
15:14:54.448   7550,645       3556,1658
15:14:54.996   7551,193       3650,0369
15:14:55.505   7551,702       3720,8950
15:14:56.069   7552,266       3863,2533
15:14:56.641   7552,838       3988,1697
15:14:57.234   7553,431       4139,9221
15:14:57.775   7553,972       4260,0541
15:14:58.324   7554,521       4401,7849
15:14:58.870   7555,067       4545,9269
15:14:59.495   7555,692       4719,1206
15:15:00.021   7556,218       4878,2989
15:15:00.555   7556,752       5096,8278
15:15:01.092   7557,289       5268,9024
15:15:01.661   7557,858       5455,0657
15:15:02.190   7558,387       5631,5522
15:15:02.770   7558,967       5859,7596
15:15:03.322   7559,519       6095,1288
15:15:03.840   7560,037       6296,8388
15:15:04.386   7560,583       6553,1614
15:15:04.950   7561,147       6795,5610
15:15:05.472   7561,669       7033,5956
15:15:06.049   7562,246       7358,7616
15:15:06.610   7562,807       7639,5024
15:15:07.172   7563,369       7955,0349
15:15:07.694   7563,891       8263,0140
15:15:08.223   7564,420       8568,8411
15:15:08.792   7564,989       8908,1221
15:15:09.293   7565,490       9234,4924
15:15:09.796   7565,993       9553,3632
15:15:10.355   7566,552       9952,8174
15:15:10.914   7567,111      10313,5275
15:15:11.548   7567,745      10717,7352
15:15:12.112   7568,309      11221,3482
15:15:12.666   7568,863      11603,9328
15:15:13.215   7569,412      12016,1491
15:15:13.749   7569,946      12460,5934
15:15:14.280   7570,477      12906,9057
15:15:14.813   7571,010      13298,3681
15:15:15.352   7571,549      13771,2265
15:15:15.905   7572,102      14233,9590
15:15:16.412   7572,609      14655,3912
15:15:16.957   7573,154      15119,0576
15:15:17.479   7573,676      15580,0812
15:15:18.036   7574,233      16103,3211
15:15:18.603   7574,800      16654,9938
15:15:19.161   7575,358      17137,3849
15:15:19.742   7575,939      17694,1865
15:15:20.280   7576,477      18163,1170
15:15:20.815   7577,012      18719,2309
15:15:21.367   7577,564      19241,0951
15:15:21.886   7578,083      19715,2222
15:15:22.416   7578,613      20130,8534
15:15:22.976   7579,173      20703,4542
15:15:23.509   7579,706      21099,2913
15:15:24.049   7580,246      21571,9015
15:15:24.605   7580,802      22018,7776
15:15:25.138   7581,335      22478,3792
15:15:25.659   7581,856      22820,0233
15:15:26.212   7582,409      23248,6586
15:15:26.769   7582,966      23592,3316
15:15:27.328   7583,525      23876,8936
15:15:27.841   7584,038      24198,8296
15:15:28.418   7584,615      24501,1953
15:15:28.950   7585,147      24728,9871
15:15:29.460   7585,657      24900,2067
15:15:30.005   7586,202      25128,6566
15:15:30.550   7586,747      25344,7649
15:15:31.110   7587,307      25457,7593
15:15:31.622   7587,819      25618,3865
15:15:32.170   7588,367      25736,3248
15:15:32.709   7588,906      25863,7913
15:15:33.247   7589,444      25903,2513
15:15:33.760   7589,957      26003,0519
15:15:34.305   7590,502      26106,2972
15:15:34.861   7591,058      26186,2837
15:15:35.468   7591,665      26219,9056
15:15:36.008   7592,205      26244,9824
15:15:36.572   7592,769      26302,5607
15:15:37.114   7593,311      26380,2060
15:15:37.620   7593,817      26403,9788
15:15:38.167   7594,364      26408,8557
15:15:38.712   7594,909      26483,1512
15:15:39.261   7595,458      26481,4881
15:15:39.797   7595,994      26534,1619
15:15:40.354   7596,551      26525,4726
15:15:40.920   7597,117      26591,6880
15:15:41.538   7597,735      26583,9365
15:15:42.075   7598,272      26601,9900
15:15:42.630   7598,827      26648,6564
15:15:43.203   7599,400      26670,8677
15:15:43.719   7599,916      26681,6461
15:15:44.253   7600,450      26715,8335
15:15:44.800   7600,997      26676,6082
15:15:45.364   7601,561      26732,0369
15:15:45.879   7602,076      26691,3344
15:15:46.417   7602,614      26729,8360
15:15:46.958   7603,155      26737,3224
15:15:47.472   7603,669      26700,0022
15:15:48.038   7604,235      26752,9400
15:15:48.539   7604,736      26714,4801
15:15:49.105   7605,302      26753,9058
15:15:49.657   7605,854      26798,4229
15:15:50.205   7606,402      26804,6162
15:15:50.746   7606,943      26766,2713
15:15:51.301   7607,498      26842,9506
15:15:51.843   7608,040      26783,7353
15:15:52.416   7608,613      26827,0924
15:15:52.951   7609,148      26854,2737
15:15:53.541   7609,738      26844,1472
15:15:54.076   7610,273      26813,4809
15:15:54.659   7610,856      26820,2549
15:15:55.243   7611,440      26825,5328
15:15:55.757   7611,954      26880,1809
15:15:56.300   7612,497      26899,4874
15:15:56.856   7613,053      26826,3480
15:15:57.385   7613,582      26841,5192
15:15:57.901   7614,098      26947,8196
15:15:58.451   7614,648      26944,7142
15:15:59.026   7615,223      26915,9374
15:15:59.615   7615,812      26909,8889
15:16:00.185   7616,382      26880,5664
15:16:00.726   7616,923      26945,7078
15:16:01.298   7617,495      26911,7199
15:16:01.836   7618,033      26919,2827
15:16:02.376   7618,573      26937,6207
15:16:02.944   7619,141      26898,3162
15:16:03.516   7619,713      26923,5610
15:16:04.063   7620,260      26942,0260
15:16:04.598   7620,795      26893,1677
15:16:05.147   7621,344      26923,2921
15:16:05.660   7621,857      26920,4320
15:16:06.195   7622,392      26998,3329
15:16:06.750   7622,947      26929,6519
15:16:07.292   7623,489      26941,7122
15:16:07.804   7624,001      26965,7023
15:16:08.367   7624,564      27019,1075
15:16:08.936   7625,133      26954,4375
15:16:09.522   7625,719      26992,2342
15:16:10.093   7626,290      27007,5643
15:16:10.687   7626,884      26982,5981
15:16:11.213   7627,410      27033,6144
15:16:11.720   7627,917      26991,5421
15:16:12.256   7628,453      26992,7661
15:16:12.797   7628,994      27049,3794
15:16:13.352   7629,549      26978,0783
15:16:13.891   7630,088      27020,5334
15:16:14.457   7630,654      27088,8877
15:16:15.029   7631,226      27052,6503
15:16:15.561   7631,758      27061,5070
15:16:16.125   7632,322      27082,0132
15:16:16.680   7632,877      27037,3543
15:16:17.243   7633,440      27079,1183
15:16:17.777   7633,974      27075,7436
15:16:18.322   7634,519      27072,8891
15:16:18.865   7635,062      27080,6494
15:16:19.486   7635,683      27103,6578
15:16:20.056   7636,253      27063,8070
15:16:20.604   7636,801      27070,3822
15:16:21.161   7637,358      27096,9776
15:16:21.744   7637,941      27126,7991
15:16:22.303   7638,500      27152,6631
15:16:22.867   7639,064      27077,0159
15:16:23.461   7639,658      27122,4344
15:16:24.001   7640,198      27147,9791
15:16:24.538   7640,735      27133,7663
15:16:25.087   7641,284      27092,4253
15:16:25.655   7641,852      27130,1751
15:16:26.207   7642,404      27156,1677
15:16:26.768   7642,965      27152,4112
15:16:27.321   7643,518      27121,6604
15:16:27.826   7644,023      27184,4486
15:16:28.409   7644,606      27109,9808
15:16:29.000   7645,197      27183,5450
15:16:29.518   7645,715      27154,2701
15:16:30.093   7646,290      27154,2675
15:16:30.687   7646,884      27214,7614
15:16:31.243   7647,440      27201,6307
15:16:31.783   7647,980      27208,1734
15:16:32.328   7648,525      27216,5966
15:16:32.874   7649,071      27167,3909
15:16:33.478   7649,675      27186,6727
15:16:34.031   7650,228      27214,9355
15:16:34.578   7650,775      27178,3330
15:16:35.119   7651,316      27169,7853
15:16:35.631   7651,828      27199,0904
15:16:36.168   7652,365      27203,8075
15:16:36.800   7652,997      27193,5591
15:16:37.372   7653,569      27251,4323
15:16:37.898   7654,095      27181,2566
15:16:38.464   7654,661      27263,3099
15:16:39.004   7655,201      27204,2283
15:16:39.514   7655,711      27207,9692
15:16:40.072   7656,269      27186,0856
15:16:40.629   7656,826      27176,9633
15:16:41.183   7657,380      27190,6317
15:16:41.739   7657,936      27188,1999
15:16:42.297   7658,494      27217,5729
15:16:42.845   7659,042      27160,3359
15:16:43.394   7659,591      27116,7823
15:16:43.917   7660,114      27081,5721
15:16:44.462   7660,659      27083,7837
15:16:45.021   7661,218      26951,8973
15:16:45.546   7661,743      26859,1705
15:16:46.051   7662,248      26675,4935
15:16:46.621   7662,818      26467,8898
15:16:47.180   7663,377      26246,1178
15:16:47.695   7663,892      25987,2002
15:16:48.260   7664,457      25631,8786
15:16:48.847   7665,044      25252,1917
15:16:49.465   7665,662      24779,6941
15:16:50.039   7666,236      24240,1984
15:16:50.617   7666,814      23603,8909
15:16:51.150   7667,347      23009,8168
15:16:51.660   7667,857      22526,5054
15:16:52.202   7668,399      21961,3896
15:16:52.781   7668,978      21525,7210
15:16:53.370   7669,567      20955,0321
15:16:53.938   7670,135      20425,8053
15:16:54.479   7670,676      19951,5132
15:16:55.051   7671,248      19423,7885
15:16:55.602   7671,799      18891,0110
15:16:56.141   7672,338      18461,1107
15:16:56.680   7672,877      18001,3910
15:16:57.223   7673,420      17480,2780
15:16:57.732   7673,929      16999,6124
15:16:58.237   7674,434      16588,2546
15:16:58.784   7674,981      16087,8703
15:16:59.346   7675,543      15596,4040
15:16:59.890   7676,087      15094,5787
15:17:00.454   7676,651      14641,5121
15:17:00.993   7677,190      14148,5025
15:17:01.566   7677,763      13730,3564
15:17:02.099   7678,296      13274,6142
15:17:02.658   7678,855      12829,4123
15:17:03.212   7679,409      12376,4085
15:17:03.752   7679,949      11979,6639
15:17:04.284   7680,481      11569,8192
15:17:04.864   7681,061      11136,6443
15:17:05.371   7681,568      10798,4492
15:17:05.885   7682,082      10374,6472
15:17:06.441   7682,638       9992,1698
15:17:06.992   7683,189       9672,4507
15:17:07.524   7683,721       9372,3174
15:17:08.077   7684,274       8971,0465
15:17:08.644   7684,841       8598,9038
15:17:09.207   7685,404       8302,4621
15:17:09.741   7685,938       7979,2307
15:17:10.315   7686,512       7682,9838
15:17:10.852   7687,049       7383,0433
15:17:11.465   7687,662       7131,3163
15:17:12.018   7688,215       6835,8372
15:17:12.547   7688,744       6557,1908
15:17:13.121   7689,318       6342,9342
15:17:13.633   7689,830       6097,2138
15:17:14.180   7690,377       5874,6569
15:17:14.713   7690,910       5645,1429
15:17:15.255   7691,452       5484,4800
15:17:15.788   7691,985       5275,3493
15:17:16.410   7692,607       5067,9930
15:17:16.962   7693,159       4869,6677
15:17:17.483   7693,680       4728,8606
15:17:18.044   7694,241       4545,6530
15:17:18.587   7694,784       4396,9318
15:17:19.123   7695,320       4269,2595
15:17:19.645   7695,842       4113,3452
15:17:20.222   7696,419       3967,8035
15:17:20.765   7696,962       3828,6169
15:17:21.320   7697,517       3695,6860
15:17:21.835   7698,032       3601,2849
15:17:22.373   7698,570       3479,4149
15:17:22.923   7699,120       3404,1676
15:17:23.542   7699,739       3393,9559
15:17:24.116   7700,313       3487,2381
15:17:24.648   7700,845       3546,4661
15:17:25.232   7701,429       3642,7546
15:17:25.755   7701,952       3710,8918
15:17:26.281   7702,478       3837,3080
15:17:26.862   7703,059       3956,5338
15:17:27.401   7703,598       4101,3723
15:17:27.933   7704,130       4184,2328
15:17:28.465   7704,662       4350,6076
15:17:29.017   7705,214       4489,3059
15:17:29.620   7705,817       4670,6433
15:17:30.128   7706,325       4832,6208
15:17:30.664   7706,861       4979,4650
15:17:31.210   7707,407       5176,2050
15:17:31.730   7707,927       5347,4498
15:17:32.260   7708,457       5569,1224
15:17:32.864   7709,061       5774,2794
15:17:33.482   7709,679       6004,3077
15:17:34.052   7710,249       6268,4845
15:17:34.624   7710,821       6469,4938
15:17:35.164   7711,361       6768,6514
15:17:35.709   7711,906       6999,0782
15:17:36.257   7712,454       7290,0534
15:17:36.807   7713,004       7565,4522
15:17:37.374   7713,571       7865,8020
15:17:37.880   7714,077       8152,0005
15:17:38.413   7714,610       8464,7611
15:17:38.960   7715,157       8801,8689
15:17:39.494   7715,691       9076,4863
15:17:40.030   7716,227       9455,9541
15:17:40.602   7716,799       9847,5519
15:17:41.144   7717,341      10203,5973
15:17:41.681   7717,878      10576,7973
15:17:42.211   7718,408      10975,5307
15:17:42.807   7719,004      11430,4875
15:17:43.357   7719,554      11850,7236
15:17:43.883   7720,080      12239,2099
15:17:44.444   7720,641      12684,5947
15:17:45.028   7721,225      13144,5349
15:17:45.532   7721,729      13507,2325
15:17:46.101   7722,298      14051,4180
15:17:46.608   7722,805      14469,8603
15:17:47.172   7723,369      14948,8183
15:17:47.680   7723,877      15371,8976
15:17:48.181   7724,378      15830,2694
15:17:48.718   7724,915      16315,6946
15:17:49.272   7725,469      16810,8956
15:17:49.793   7725,990      17339,8484
15:17:50.343   7726,540      17809,1869
15:17:50.844   7727,041      18298,1965
15:17:51.391   7727,588      18790,3845
15:17:51.911   7728,108      19307,3537
15:17:52.462   7728,659      19778,6650
15:17:53.008   7729,205      20251,1342
15:17:53.593   7729,790      20768,5604
15:17:54.159   7730,356      21274,5883
15:17:54.689   7730,886      21712,5782
15:17:55.244   7731,441      22164,7290
15:17:55.767   7731,964      22536,5927
15:17:56.310   7732,507      22956,2021
15:17:56.842   7733,039      23305,0037
15:17:57.396   7733,593      23666,1904
15:17:57.918   7734,115      23908,7893
15:17:58.488   7734,685      24195,7176
15:17:59.010   7735,207      24469,7082
15:17:59.515   7735,712      24658,7651
15:18:00.062   7736,259      24939,5989
15:18:00.636   7736,833      25147,0296
15:18:01.190   7737,387      25310,3456
15:18:01.718   7737,915      25447,9561
15:18:02.282   7738,479      25572,2753
15:18:02.846   7739,043      25750,5567
15:18:03.379   7739,576      25790,6150
15:18:03.879   7740,076      25918,8776
15:18:04.420   7740,617      25973,0300
15:18:04.968   7741,165      26020,9420
15:18:05.484   7741,681      26112,0334
15:18:06.080   7742,277      26157,3633
15:18:06.636   7742,833      26207,4862
15:18:07.201   7743,398      26252,5360
15:18:07.752   7743,949      26320,7595
15:18:08.330   7744,527      26351,8711
15:18:08.830   7745,027      26380,6070
15:18:09.365   7745,562      26432,7452
15:18:09.870   7746,067      26439,6546
15:18:10.403   7746,600      26457,4093
15:18:10.958   7747,155      26507,1809
15:18:11.459   7747,656      26494,1837
15:18:12.009   7748,206      26511,3516
15:18:12.557   7748,754      26507,9834
15:18:13.107   7749,304      26563,0377
15:18:13.640   7749,837      26568,5945
15:18:14.179   7750,376      26637,2370
15:18:14.738   7750,935      26587,4482
15:18:15.292   7751,489      26595,2901
15:18:15.807   7752,004      26632,3871
15:18:16.368   7752,565      26628,6828
15:18:16.949   7753,146      26656,1854
15:18:17.580   7753,777      26691,6340
15:18:18.086   7754,283      26695,5231
15:18:18.641   7754,838      26689,3329
15:18:19.182   7755,379      26725,1157
15:18:19.721   7755,918      26735,6113
15:18:20.320   7756,517      26703,7419
15:18:20.872   7757,069      26790,5520
15:18:21.503   7757,700      26727,8055
15:18:22.055   7758,252      26753,4870
15:18:22.594   7758,791      26804,6405
15:18:23.137   7759,334      26774,0053
15:18:23.697   7759,894      26797,9330
15:18:24.245   7760,442      26809,5304
15:18:24.806   7761,003      26811,0779
15:18:25.317   7761,514      26853,6548
15:18:25.843   7762,040      26802,4011
15:18:26.405   7762,602      26805,5148
15:18:26.957   7763,154      26852,3920
15:18:27.462   7763,659      26821,7434
15:18:27.994   7764,191      26857,5387
15:18:28.542   7764,739      26874,5535
15:18:29.088   7765,285      26856,1809
15:18:29.598   7765,795      26830,1981
15:18:30.162   7766,359      26821,0689
15:18:30.732   7766,929      26831,6742
15:18:31.296   7767,493      26887,8515
15:18:31.830   7768,027      26876,8159
15:18:32.375   7768,572      26854,5771
15:18:32.959   7769,156      26914,3116
15:18:33.478   7769,675      26876,4146
15:18:34.044   7770,241      26934,0880
15:18:34.599   7770,796      26913,5491
15:18:35.165   7771,362      26950,4423
15:18:35.676   7771,873      26965,5643
15:18:36.235   7772,432      26956,8056
15:18:36.813   7773,010      26890,2697
15:18:37.363   7773,560      26978,2218
15:18:37.873   7774,070      26935,4313
15:18:38.417   7774,614      26912,9098
15:18:38.967   7775,164      26922,8390
15:18:39.571   7775,768      26934,0006
15:18:40.125   7776,322      26916,1273
15:18:40.661   7776,858      26937,7772
15:18:41.194   7777,391      26947,5411
15:18:41.697   7777,894      26968,4757
15:18:42.246   7778,443      26927,0197
15:18:42.820   7779,017      26912,6962
15:18:43.382   7779,579      27013,5897
15:18:43.896   7780,093      26951,6193
15:18:44.432   7780,629      26942,1478
15:18:45.012   7781,209      26972,4413
15:18:45.573   7781,770      26955,2612
15:18:46.135   7782,332      26973,9105
15:18:46.668   7782,865      26940,9590
15:18:47.254   7783,451      26980,7679
15:18:47.765   7783,962      26993,4410
15:18:48.268   7784,465      26930,4060
15:18:48.820   7785,017      26967,4157
15:18:49.359   7785,556      26950,1375
15:18:49.954   7786,151      27005,3402
15:18:50.527   7786,724      27009,7640
15:18:51.093   7787,290      27019,9712
15:18:51.620   7787,817      27011,8456
15:18:52.172   7788,369      26950,6665
15:18:52.751   7788,948      26961,1330
15:18:53.315   7789,512      26994,5161
15:18:53.819   7790,016      27027,1996
15:18:54.366   7790,563      26984,3569
15:18:54.917   7791,114      27064,2059
15:18:55.532   7791,729      27057,0915
15:18:56.079   7792,276      27057,1329
15:18:56.616   7792,813      27047,4665
15:18:57.175   7793,372      27097,6670
15:18:57.681   7793,878      27019,5183
15:18:58.237   7794,434      27087,3296
15:18:58.774   7794,971      27108,1374
15:18:59.321   7795,518      27048,5616
15:18:59.871   7796,068      27111,1160
15:19:00.431   7796,628      27064,9383
15:19:00.997   7797,194      27145,2565
15:19:01.531   7797,728      27089,5889
15:19:02.090   7798,287      27111,5798
15:19:02.635   7798,832      27097,5387
15:19:03.189   7799,386      27125,2375
15:19:03.715   7799,912      27085,0942
15:19:04.255   7800,452      27079,2125
15:19:04.812   7801,009      27101,8151
15:19:05.349   7801,546      27107,7162
15:19:05.859   7802,056      27139,3394
15:19:06.423   7802,620      27148,6424
15:19:06.971   7803,168      27112,8158
15:19:07.477   7803,674      27116,4133
15:19:08.030   7804,227      27107,6935
15:19:08.585   7804,782      27155,7071
15:19:09.156   7805,353      27138,6583
15:19:09.743   7805,940      27114,2438
15:19:10.288   7806,485      27147,9374
15:19:10.846   7807,043      27123,4707
15:19:11.382   7807,579      27079,5553
15:19:11.944   7808,141      27096,5863
15:19:12.489   7808,686      27090,9275
15:19:13.045   7809,242      27035,2502
15:19:13.552   7809,749      27002,2811
15:19:14.124   7810,321      27032,4218
15:19:14.675   7810,872      26937,2575
15:19:15.244   7811,441      26863,8855
15:19:15.828   7812,025      26705,3908
15:19:16.385   7812,582      26606,5135
15:19:16.922   7813,119      26451,8002
15:19:17.468   7813,665      26238,3878
15:19:18.030   7814,227      25898,9723
15:19:18.591   7814,788      25552,7370
15:19:19.182   7815,379      25150,5102
15:19:19.752   7815,949      24660,1921
15:19:20.307   7816,504      24170,2662
15:19:20.859   7817,056      23632,3061
15:19:21.399   7817,596      23097,7470
15:19:21.986   7818,183      22430,6005
15:19:22.534   7818,731      21924,5960
15:19:23.071   7819,268      21466,4635
15:19:23.622   7819,819      20968,3997
15:19:24.157   7820,354      20470,8827
15:19:24.704   7820,901      19997,5914
15:19:25.258   7821,455      19550,0178
15:19:25.808   7822,005      19025,7973
15:19:26.348   7822,545      18524,9975
15:19:26.916   7823,113      18018,8260
15:19:27.515   7823,712      17528,6008
15:19:28.061   7824,258      17010,0340
15:19:28.608   7824,805      16486,1157
15:19:29.163   7825,360      15988,0028
15:19:29.683   7825,880      15557,4899
15:19:30.234   7826,431      15059,8610
15:19:30.770   7826,967      14646,5018
15:19:31.332   7827,529      14150,6017
15:19:31.847   7828,044      13735,8450
15:19:32.380   7828,577      13288,6257
15:19:32.939   7829,136      12871,9791
15:19:33.536   7829,733      12438,8457
15:19:34.111   7830,308      11962,6698
15:19:34.689   7830,886      11515,9072
15:19:35.237   7831,434      11103,6676
15:19:35.815   7832,012      10690,4293
15:19:36.363   7832,560      10293,8127
15:19:36.902   7833,099       9956,2795
15:19:37.534   7833,731       9532,1732
15:19:38.099   7834,296       9162,9904
15:19:38.646   7834,843       8852,1860
15:19:39.184   7835,381       8503,6167
15:19:39.709   7835,906       8200,9752
15:19:40.245   7836,442       7921,9657
15:19:40.782   7836,979       7657,9503
15:19:41.319   7837,516       7398,4474
15:19:41.907   7838,104       7035,5660
15:19:42.511   7838,708       6800,4136
15:19:43.059   7839,256       6541,7728
15:19:43.585   7839,782       6295,4340
15:19:44.129   7840,326       6052,6703
15:19:44.670   7840,867       5831,5551
15:19:45.176   7841,373       5625,5326
15:19:45.681   7841,878       5451,6869
15:19:46.232   7842,429       5245,3472
15:19:46.746   7842,943       5100,2446
15:19:47.284   7843,481       4901,8308
15:19:47.816   7844,013       4750,9679
15:19:48.377   7844,574       4575,1489
15:19:48.926   7845,123       4405,6367
15:19:49.541   7845,738       4257,8851
15:19:50.102   7846,299       4128,9235
15:19:50.652   7846,849       3975,0984
15:19:51.195   7847,392       3842,2832
15:19:51.726   7847,923       3720,8567
15:19:52.267   7848,464       3597,3265
15:19:52.796   7848,993       3494,0256
15:19:53.342   7849,539       3374,0426
15:19:53.886   7850,083       3258,5155
15:19:54.435   7850,632       3187,0407
15:19:54.969   7851,166       3080,2662
15:19:55.486   7851,683       3018,3389
15:19:56.016   7852,213       2921,8881
15:19:56.586   7852,783       2863,1344
15:19:57.126   7853,323       2819,6574
15:19:57.673   7853,870       2732,3345
15:19:58.208   7854,405       2685,4393
15:19:58.754   7854,951       2682,6921
15:19:59.304   7855,501       2731,9323
15:19:59.859   7856,056       2731,1085
15:20:00.422   7856,619       2792,7762
15:20:00.950   7857,147       2829,0099
15:20:01.545   7857,742       2897,3236
15:20:02.127   7858,324       2962,3555
15:20:02.669   7858,866       3042,3844
15:20:03.237   7859,434       3132,5460
15:20:03.772   7859,969       3220,9566
15:20:04.330   7860,527       3309,3467
15:20:04.894   7861,091       3384,9221
15:20:05.505   7861,702       3506,3480
15:20:06.046   7862,243       3615,7593
15:20:06.598   7862,795       3771,7690
15:20:07.147   7863,344       3902,9552
15:20:07.667   7863,864       4030,1384
15:20:08.246   7864,443       4174,4413
15:20:08.849   7865,046       4335,6759
15:20:09.469   7865,666       4501,5701
15:20:10.024   7866,221       4703,6034
15:20:10.574   7866,771       4867,8705
15:20:11.110   7867,307       5084,7976
15:20:11.623   7867,820       5259,0159
15:20:12.165   7868,362       5451,5797
15:20:12.730   7868,927       5674,4060
15:20:13.275   7869,472       5877,1426
15:20:13.824   7870,021       6103,7388
15:20:14.383   7870,580       6338,6072
15:20:14.915   7871,112       6555,4087
15:20:15.516   7871,713       6830,9036
15:20:16.081   7872,278       7102,0845
15:20:16.629   7872,826       7376,1854
15:20:17.171   7873,368       7630,8579
15:20:17.671   7873,868       7909,1879
15:20:18.215   7874,412       8193,3952
15:20:18.812   7875,009       8518,3631
15:20:19.349   7875,546       8894,2778
15:20:19.858   7876,055       9175,5491
15:20:20.404   7876,601       9517,4852
15:20:20.974   7877,171       9895,8115
15:20:21.483   7877,680      10172,0928
15:20:22.036   7878,233      10596,1251
15:20:22.536   7878,733      10912,0410
15:20:23.068   7879,265      11289,0160
15:20:23.589   7879,786      11692,7799
15:20:24.130   7880,327      12049,8007
15:20:24.668   7880,865      12467,2966
15:20:25.233   7881,430      12849,6031
15:20:25.807   7882,004      13253,1544
15:20:26.354   7882,551      13734,8297
15:20:26.889   7883,086      14150,4601
15:20:27.499   7883,696      14583,2032
15:20:28.021   7884,218      15077,6631
15:20:28.573   7884,770      15534,3157
15:20:29.130   7885,327      16016,1347
15:20:29.652   7885,849      16492,2547
15:20:30.194   7886,391      16951,0335
15:20:30.771   7886,968      17539,5003
15:20:31.349   7887,546      18022,9477
15:20:31.868   7888,065      18539,9870
15:20:32.368   7888,565      19025,5254
15:20:32.894   7889,091      19499,6559
15:20:33.522   7889,719      20050,2648
15:20:34.086   7890,283      20577,6035
15:20:34.638   7890,835      21012,5988
15:20:35.198   7891,395      21563,7205
15:20:35.763   7891,960      21979,6280
15:20:36.299   7892,496      22407,9704
15:20:36.851   7893,048      22767,5231
15:20:37.463   7893,660      23142,1365
15:20:38.021   7894,218      23566,6984
15:20:38.580   7894,777      23843,7743
15:20:39.130   7895,327      24140,0068
15:20:39.653   7895,850      24419,0038
15:20:40.182   7896,379      24693,5554
15:20:40.745   7896,942      24841,2809
15:20:41.307   7897,504      25052,5131
15:20:41.853   7898,050      25237,5747
15:20:42.427   7898,624      25378,8145
15:20:42.967   7899,164      25523,2267
15:20:43.473   7899,670      25612,8735
15:20:44.027   7900,224      25686,4724
15:20:44.558   7900,755      25792,3427
15:20:45.125   7901,322      25879,3855
15:20:45.640   7901,837      25932,5407
15:20:46.205   7902,402      26012,5603
15:20:46.750   7902,947      26082,2321
15:20:47.367   7903,564      26119,1895
15:20:47.896   7904,093      26166,2958
15:20:48.428   7904,625      26183,0005
15:20:48.975   7905,172      26221,9573
15:20:49.483   7905,680      26285,8903
15:20:50.019   7906,216      26295,8579
15:20:50.573   7906,770      26324,0253
15:20:51.150   7907,347      26359,8423
15:20:51.679   7907,876      26378,1630
15:20:52.240   7908,437      26414,6071
15:20:52.771   7908,968      26405,8696
15:20:53.348   7909,545      26448,0509
15:20:53.866   7910,063      26447,1387
15:20:54.417   7910,614      26473,1326
15:20:54.958   7911,155      26473,3829
15:20:55.513   7911,710      26536,9067
15:20:56.065   7912,262      26552,0671
15:20:56.616   7912,813      26556,8032
15:20:57.155   7913,352      26592,3935
15:20:57.695   7913,892      26606,8804
15:20:58.291   7914,488      26625,7012
15:20:58.869   7915,066      26646,7822
15:20:59.487   7915,684      26617,9164
15:21:00.022   7916,219      26672,4224
15:21:00.574   7916,771      26667,8383
15:21:01.138   7917,335      26747,8734
15:21:01.700   7917,897      26776,9669
15:21:02.233   7918,430      26793,4976
15:21:02.790   7918,987      26725,1174
15:21:03.341   7919,538      26759,3039
15:21:03.940   7920,137      26819,7909
15:21:04.476   7920,673      26765,3016
15:21:05.012   7921,209      26851,4350
15:21:05.542   7921,739      26810,4892
15:21:06.122   7922,319      26837,9290
15:21:06.694   7922,891      26875,0372
15:21:07.248   7923,445      26841,2964
15:21:07.766   7923,963      26825,0179
15:21:08.331   7924,528      26854,7228
15:21:08.881   7925,078      26855,9245
15:21:09.520   7925,717      26884,9498
15:21:10.093   7926,290      26870,3674
15:21:10.638   7926,835      26873,6747
15:21:11.195   7927,392      26912,9541
15:21:11.733   7927,930      26883,4038
15:21:12.243   7928,440      26907,6913
15:21:12.779   7928,976      26894,9996
15:21:13.324   7929,521      26907,1828
15:21:13.831   7930,028      26923,0889
15:21:14.412   7930,609      26962,9404
15:21:14.962   7931,159      26969,5091
15:21:15.469   7931,666      26969,5666
15:21:16.020   7932,217      26998,8683
15:21:16.577   7932,774      26967,1276
15:21:17.165   7933,362      26968,1193
15:21:17.679   7933,876      26959,6874
15:21:18.217   7934,414      27017,8887
15:21:18.783   7934,980      26987,8065
15:21:19.327   7935,524      27001,5480
15:21:19.838   7936,035      27020,1813
15:21:20.394   7936,591      27045,0418
15:21:20.945   7937,142      27035,3570
15:21:21.485   7937,682      27016,6473
15:21:22.038   7938,235      27016,0493
15:21:22.555   7938,752      27098,5479
15:21:23.130   7939,327      26984,6483
15:21:23.685   7939,882      27045,7176
15:21:24.222   7940,419      27044,6238
15:21:24.758   7940,955      27041,9056
15:21:25.328   7941,525      27060,1970
15:21:25.849   7942,046      27048,2384
15:21:26.375   7942,572      27053,2747
15:21:26.946   7943,143      27040,6003
15:21:27.534   7943,731      27079,6494
15:21:28.072   7944,269      27090,0550
15:21:28.616   7944,813      27029,8112
15:21:29.183   7945,380      27032,8601
15:21:29.686   7945,883      27033,8285
15:21:30.269   7946,466      27059,6917
15:21:30.812   7947,009      27105,2336
15:21:31.380   7947,577      27107,8367
15:21:31.956   7948,153      27043,4629
15:21:32.485   7948,682      27043,4715
15:21:33.056   7949,253      27027,1489
15:21:33.573   7949,770      26983,4749
15:21:34.117   7950,314      27007,2387
15:21:34.655   7950,852      27067,0039
15:21:35.206   7951,403      27010,9329
15:21:35.740   7951,937      27079,4334
15:21:36.300   7952,497      27001,1124
15:21:36.897   7953,094      27035,1712
15:21:37.513   7953,710      27024,0412
15:21:38.084   7954,281      27055,1338
15:21:38.629   7954,826      27066,2596
15:21:39.182   7955,379      27077,2313
15:21:39.696   7955,893      27052,8954
15:21:40.196   7956,393      27024,2909
15:21:40.744   7956,941      27056,8808
15:21:41.291   7957,488      27010,9241
15:21:41.876   7958,073      27073,7927
15:21:42.442   7958,639      27077,8205
15:21:43.022   7959,219      27064,5411
15:21:43.528   7959,725      27062,5283
15:21:44.092   7960,289      27044,3762
15:21:44.593   7960,790      27090,1343
15:21:45.151   7961,348      27090,6437
15:21:45.702   7961,899      27107,5027
15:21:46.250   7962,447      27104,5319
15:21:46.808   7963,005      27104,1488
15:21:47.342   7963,539      27147,7116
15:21:47.910   7964,107      27120,6069
15:21:48.484   7964,681      27104,8253
15:21:49.023   7965,220      27066,6748
15:21:49.557   7965,754      27108,5421
15:21:50.111   7966,308      27119,1596
15:21:50.662   7966,859      27119,2741
15:21:51.221   7967,418      27082,3464
15:21:51.775   7967,972      27044,2099
15:21:52.351   7968,548      27079,5428
15:21:52.909   7969,106      27087,0403
15:21:53.522   7969,719      27058,2171
15:21:54.094   7970,291      26982,8637
15:21:54.623   7970,820      26948,1457
15:21:55.154   7971,351      26928,6388
15:21:55.687   7971,884      26833,5528
15:21:56.223   7972,420      26752,0979
15:21:56.790   7972,987      26560,3127
15:21:57.357   7973,554      26384,9785
15:21:57.882   7974,079      26135,1415
15:21:58.445   7974,642      25817,8509
15:21:58.995   7975,192      25535,0302
15:21:59.541   7975,738      25199,4973
15:22:00.091   7976,288      24714,8939
15:22:00.666   7976,863      24130,3909
15:22:01.229   7977,426      23616,1245
15:22:01.817   7978,014      23017,0420
15:22:02.369   7978,566      22446,1481
15:22:02.892   7979,089      21995,0113
15:22:03.488   7979,685      21519,9694
15:22:04.087   7980,284      20914,3277
15:22:04.652   7980,849      20382,6648
15:22:05.188   7981,385      19934,0873
15:22:05.706   7981,903      19453,6871
15:22:06.283   7982,480      18975,6249
15:22:06.862   7983,059      18416,8200
15:22:07.527   7983,724      17965,3293
15:22:08.086   7984,283      17359,3336
15:22:08.648   7984,845      16867,3921
15:22:09.233   7985,430      16353,4345
15:22:09.746   7985,943      15896,5114
15:22:10.335   7986,532      15415,8098
15:22:10.890   7987,087      14912,0298
15:22:11.494   7987,691      14506,6876
15:22:12.046   7988,243      13991,7287
15:22:12.602   7988,799      13534,2369
15:22:13.155   7989,352      13067,4058
15:22:13.695   7989,892      12686,7553
15:22:14.253   7990,450      12227,0026
15:22:14.830   7991,027      11781,0667
15:22:15.516   7991,713      11332,3371
15:22:16.080   7992,277      10830,2636
15:22:16.622   7992,819      10458,9761
15:22:17.200   7993,397      10091,7043
15:22:17.733   7993,930       9700,1077
15:22:18.266   7994,463       9365,0580
15:22:18.823   7995,020       9001,3829
15:22:19.361   7995,558       8704,3271
15:22:19.885   7996,082       8393,0252
15:22:20.441   7996,638       8093,8317
15:22:20.945   7997,142       7812,9982
15:22:21.534   7997,731       7501,7626
15:22:22.083   7998,280       7207,9582
15:22:22.628   7998,825       6961,5524
15:22:23.195   7999,392       6662,7440
15:22:23.711   7999,908       6439,6775
15:22:24.223   8000,420       6209,0251
15:22:24.764   8000,961       6004,8307
15:22:25.307   8001,504       5747,3347
15:22:25.924   8002,121       5529,1032
15:22:26.497   8002,694       5308,5211
15:22:27.029   8003,226       5147,8354
15:22:27.584   8003,781       4954,8190
15:22:28.113   8004,310       4785,0934
15:22:28.658   8004,855       4603,0108
15:22:29.191   8005,388       4460,8768
15:22:29.733   8005,930       4277,5005
15:22:30.299   8006,496       4154,7483
15:22:30.846   8007,043       4011,1042
15:22:31.387   8007,584       3860,6232
15:22:31.889   8008,086       3785,5314
15:22:32.422   8008,619       3660,3880
15:22:32.951   8009,148       3534,4619
15:22:33.511   8009,708       3411,5576
15:22:34.019   8010,216       3350,8871
15:22:34.589   8010,786       3250,7425
15:22:35.158   8011,355       3122,0936
15:22:35.673   8011,870       3070,4753
15:22:36.229   8012,426       2942,6455
15:22:36.764   8012,961       2884,2129
15:22:37.302   8013,499       2800,2865
15:22:37.851   8014,048       2757,0070
15:22:38.392   8014,589       2706,8193
15:22:38.947   8015,144       2695,5090
15:22:39.542   8015,739       2718,7573
15:22:40.080   8016,277       2740,1164
15:22:40.617   8016,814       2805,9281
15:22:41.177   8017,374       2861,8096
15:22:41.707   8017,904       2874,7635
15:22:42.250   8018,447       2966,3849
15:22:42.809   8019,006       3025,2285
15:22:43.384   8019,581       3112,6588
15:22:43.919   8020,116       3179,2648
15:22:44.470   8020,667       3291,6534
15:22:45.036   8021,233       3396,7818
15:22:45.577   8021,774       3464,8839
15:22:46.110   8022,307       3617,2152
15:22:46.653   8022,850       3700,8147
15:22:47.198   8023,395       3832,8653
15:22:47.702   8023,899       3953,2185
15:22:48.250   8024,447       4099,6242
15:22:48.792   8024,989       4264,1310
15:22:49.328   8025,525       4374,0618
15:22:49.885   8026,082       4558,2426
15:22:50.425   8026,622       4713,0411
15:22:50.973   8027,170       4915,2223
15:22:51.516   8027,713       5079,3283
15:22:52.067   8028,264       5276,5076
15:22:52.596   8028,793       5458,0943
15:22:53.130   8029,327       5671,0918
15:22:53.688   8029,885       5876,6205
15:22:54.262   8030,459       6099,1861
15:22:54.798   8030,995       6333,8747
15:22:55.352   8031,549       6585,9783
15:22:55.893   8032,090       6825,8674
15:22:56.429   8032,626       7074,6509
15:22:56.978   8033,175       7327,9878
15:22:57.501   8033,698       7582,4760
15:22:58.064   8034,261       7871,4829
15:22:58.603   8034,800       8177,7700
15:22:59.142   8035,339       8490,1987
15:22:59.658   8035,855       8797,8255
15:23:00.215   8036,412       9127,5406
15:23:00.754   8036,951       9421,1121
15:23:01.328   8037,525       9806,0935
15:23:01.852   8038,049      10175,9739
15:23:02.409   8038,606      10504,7409
15:23:02.984   8039,181      10815,9655
15:23:03.514   8039,711      11221,5739
15:23:04.059   8040,256      11664,9011
15:23:04.620   8040,817      12032,0467
15:23:05.180   8041,377      12470,2244
15:23:05.680   8041,877      12805,9384
15:23:06.252   8042,449      13253,0440
15:23:06.780   8042,977      13667,9958
15:23:07.345   8043,542      14092,9194
15:23:07.858   8044,055      14514,7426
15:23:08.427   8044,624      14963,7096
15:23:08.985   8045,182      15450,5002
15:23:09.494   8045,691      15834,3477
15:23:10.067   8046,264      16422,4238
15:23:10.611   8046,808      16932,1541
15:23:11.164   8047,361      17421,5406
15:23:11.709   8047,906      17933,9464
15:23:12.269   8048,466      18456,6849
15:23:12.809   8049,006      18986,2920
15:23:13.372   8049,569      19557,5800
15:23:13.925   8050,122      20065,8632
15:23:14.490   8050,687      20557,9374
15:23:15.035   8051,232      21031,1807
15:23:15.563   8051,760      21397,9939
15:23:16.110   8052,307      21922,0762
15:23:16.673   8052,870      22389,1446
15:23:17.239   8053,436      22807,7766
15:23:17.769   8053,966      23151,0909
15:23:18.308   8054,505      23530,2724
15:23:18.852   8055,049      23837,5431
15:23:19.503   8055,700      24165,0732
15:23:20.060   8056,257      24491,7837
15:23:20.597   8056,794      24765,1596
15:23:21.148   8057,345      24979,4515
15:23:21.691   8057,888      25148,0333
15:23:22.226   8058,423      25312,3154
15:23:22.790   8058,987      25424,0532
15:23:23.338   8059,535      25588,8913
15:23:23.881   8060,078      25724,1354
15:23:24.458   8060,655      25787,4557
15:23:25.028   8061,225      25906,5327
15:23:25.569   8061,766      25982,9938
15:23:26.116   8062,313      26068,9283
15:23:26.681   8062,878      26168,5906
15:23:27.238   8063,435      26180,5834
15:23:27.756   8063,953      26253,0569
15:23:28.324   8064,521      26311,0392
15:23:28.884   8065,081      26345,6583
15:23:29.550   8065,747      26367,2607
15:23:30.098   8066,295      26416,1413
15:23:30.666   8066,863      26476,4660
15:23:31.200   8067,397      26443,8353
15:23:31.729   8067,926      26500,6395
15:23:32.269   8068,466      26513,0736
15:23:32.820   8069,017      26576,2882
15:23:33.386   8069,583      26569,0938
15:23:33.942   8070,139      26608,8729
15:23:34.493   8070,690      26630,9522
15:23:35.069   8071,266      26667,3377
15:23:35.616   8071,813      26646,7597
15:23:36.215   8072,412      26653,6527
15:23:36.765   8072,962      26697,9182
15:23:37.292   8073,489      26710,2256
15:23:37.837   8074,034      26748,5187
15:23:38.397   8074,594      26751,4350
15:23:38.968   8075,165      26740,8986
15:23:39.479   8075,676      26694,6760
15:23:40.032   8076,229      26803,4239
15:23:40.608   8076,805      26769,2199
15:23:41.163   8077,360      26785,6235
15:23:41.715   8077,912      26822,5291
15:23:42.250   8078,447      26792,0394
15:23:42.801   8078,998      26836,6082
15:23:43.347   8079,544      26822,1845
15:23:43.863   8080,060      26803,0652
15:23:44.414   8080,611      26826,9280
15:23:44.947   8081,144      26809,3866
15:23:45.490   8081,687      26863,9677
15:23:46.051   8082,248      26840,3067
15:23:46.600   8082,797      26880,5105
15:23:47.140   8083,337      26892,5582
15:23:47.681   8083,878      26869,1620
15:23:48.216   8084,413      26919,5456
15:23:48.757   8084,954      26893,2668
15:23:49.316   8085,513      26911,1677
15:23:49.835   8086,032      26905,6788
15:23:50.400   8086,597      26909,7400
15:23:50.951   8087,148      26937,7921
15:23:51.549   8087,746      26901,2587
15:23:52.104   8088,301      26905,3555
15:23:52.678   8088,875      26920,4143
15:23:53.218   8089,415      26910,2444
15:23:53.735   8089,932      26981,4722
15:23:54.320   8090,517      26951,3174
15:23:54.878   8091,075      26905,4997
15:23:55.491   8091,688      26951,6709
15:23:56.059   8092,256      27011,5474
15:23:56.608   8092,805      26979,1949
15:23:57.176   8093,373      26957,8632
15:23:57.720   8093,917      27010,9103
15:23:58.291   8094,488      26982,1796
15:23:58.842   8095,039      26994,0262
15:23:59.382   8095,579      27028,8522
15:23:59.946   8096,143      27001,8768
15:24:00.496   8096,693      27056,9013
15:24:01.064   8097,261      27037,0254
15:24:01.602   8097,799      27049,2569
15:24:02.149   8098,346      27081,5883
15:24:02.716   8098,913      27084,4539
15:24:03.248   8099,445      27056,8744
15:24:03.805   8100,002      27055,8447
15:24:04.359   8100,556      27077,2940
15:24:04.900   8101,097      27103,4740
15:24:05.533   8101,730      27111,3826
15:24:06.072   8102,269      27092,9314
15:24:06.634   8102,831      27079,6838
15:24:07.176   8103,373      27111,4117
15:24:07.724   8103,921      27115,3574
15:24:08.285   8104,482      27119,7688
15:24:08.831   8105,028      27088,4825
15:24:09.392   8105,589      27081,3767
15:24:09.927   8106,124      27092,4092
15:24:10.455   8106,652      27106,8506
15:24:10.989   8107,186      27055,6700
15:24:11.563   8107,760      27107,4066
15:24:12.120   8108,317      27094,6216
15:24:12.654   8108,851      27129,8305
15:24:13.205   8109,402      27139,6588
15:24:13.777   8109,974      27135,8425
15:24:14.342   8110,539      27152,6467
15:24:14.942   8111,139      27095,9407
15:24:15.542   8111,739      27110,8636
15:24:16.089   8112,286      27092,8864
15:24:16.649   8112,846      27128,3344
15:24:17.187   8113,384      27122,2908
15:24:17.706   8113,903      27118,5181
15:24:18.208   8114,405      27141,7297
15:24:18.767   8114,964      27112,2421
15:24:19.293   8115,490      27127,0216
15:24:19.816   8116,013      27084,3034
15:24:20.364   8116,561      27124,6011
15:24:20.918   8117,115      27176,4436
15:24:21.509   8117,706      27123,7916
15:24:22.053   8118,250      27085,4516
15:24:22.617   8118,814      27127,7895
15:24:23.158   8119,355      27099,7361
15:24:23.694   8119,891      27096,4766
15:24:24.261   8120,458      27141,3397
15:24:24.806   8121,003      27066,5666
15:24:25.394   8121,591      27127,9962
15:24:25.914   8122,111      27119,7529
15:24:26.463   8122,660      27097,6114
15:24:26.997   8123,194      27122,7359
15:24:27.558   8123,755      27095,3607
15:24:28.120   8124,317      27108,6454
15:24:28.680   8124,877      27154,7224
15:24:29.222   8125,419      27069,4266
15:24:29.752   8125,949      27105,0233
15:24:30.313   8126,510      27062,1367
15:24:30.880   8127,077      27137,3698
15:24:31.471   8127,668      27083,6614
15:24:32.037   8128,234      27063,8987
15:24:32.590   8128,787      27056,7533
15:24:33.090   8129,287      27062,1699
15:24:33.619   8129,816      27063,5871
15:24:34.185   8130,382      27022,9533
15:24:34.743   8130,940      26966,3658
15:24:35.289   8131,486      26917,6313
15:24:35.798   8131,995      26890,0214
15:24:36.341   8132,538      26770,6614
15:24:36.876   8133,073      26614,3092
15:24:37.531   8133,728      26485,9813
15:24:38.072   8134,269      26261,1597
15:24:38.603   8134,800      25963,7379
15:24:39.133   8135,330      25705,3664
15:24:39.655   8135,852      25324,7385
15:24:40.191   8136,388      24850,7860
15:24:40.753   8136,950      24351,6329
15:24:41.349   8137,546      23825,1071
15:24:41.927   8138,124      23191,2981
15:24:42.478   8138,675      22660,7569
15:24:43.019   8139,216      22121,7803
15:24:43.545   8139,742      21782,6229
15:24:44.098   8140,295      21229,9796
15:24:44.655   8140,852      20721,1356
15:24:45.200   8141,397      20229,6106
15:24:45.730   8141,927      19804,9401
15:24:46.285   8142,482      19262,2444
15:24:46.840   8143,037      18812,4610
15:24:47.494   8143,691      18304,2342
15:24:48.057   8144,254      17747,2037
15:24:48.634   8144,831      17203,8974
15:24:49.170   8145,367      16732,4910
15:24:49.760   8145,957      16189,2393
15:24:50.396   8146,593      15693,4989
15:24:50.940   8147,137      15224,0059
15:24:51.476   8147,673      14801,0037
15:24:52.039   8148,236      14257,8343
15:24:52.596   8148,793      13834,8535
15:24:53.131   8149,328      13386,9505
15:24:53.702   8149,899      12965,4473
15:24:54.249   8150,446      12539,1643
15:24:54.802   8150,999      12127,4228
15:24:55.345   8151,542      11672,7152
15:24:55.846   8152,043      11314,0692
15:24:56.388   8152,585      10929,5814
15:24:56.941   8153,138      10541,5831
15:24:57.545   8153,742      10154,4170
15:24:58.111   8154,308       9711,7491
15:24:58.683   8154,880       9402,2669
15:24:59.229   8155,426       9026,0191
15:24:59.781   8155,978       8697,3791
15:25:00.344   8156,541       8346,6416
15:25:00.925   8157,122       8044,8673
15:25:01.459   8157,656       7757,4972
15:25:02.000   8158,197       7449,5716
15:25:02.554   8158,751       7175,3455
15:25:03.107   8159,304       6910,4492
15:25:03.670   8159,867       6663,6780
15:25:04.213   8160,410       6420,9227
15:25:04.772   8160,969       6141,5313
15:25:05.321   8161,518       5924,7028
15:25:05.902   8162,099       5703,3863
15:25:06.469   8162,666       5513,6941
15:25:07.003   8163,200       5296,9485
15:25:07.530   8163,727       5154,4572
15:25:08.079   8164,276       4929,9186
15:25:08.647   8164,844       4747,7159
15:25:09.204   8165,401       4603,2160
15:25:09.719   8165,916       4450,5169
15:25:10.320   8166,517       4299,7103
15:25:10.886   8167,083       4153,9861
15:25:11.480   8167,677       3992,1024
15:25:12.036   8168,233       3834,0824
15:25:12.589   8168,786       3737,6458
15:25:13.128   8169,325       3629,5229
15:25:13.671   8169,868       3501,5487
15:25:14.249   8170,446       3375,1763
15:25:14.821   8171,018       3301,1359
15:25:15.387   8171,584       3183,5726
15:25:15.899   8172,096       3110,1173
15:25:16.455   8172,652       3011,7637
15:25:16.981   8173,178       2951,1566
15:25:17.493   8173,690       2892,5448
15:25:18.058   8174,255       2837,3342
15:25:18.625   8174,822       2766,5264
15:25:19.203   8175,400       2761,7454
15:25:19.718   8175,915       2733,1768
15:25:20.263   8176,460       2754,8017
15:25:20.837   8177,034       2817,2073
15:25:21.390   8177,587       2856,5558
15:25:21.931   8178,128       2892,3822
15:25:22.465   8178,662       2958,2848
15:25:23.016   8179,213       3005,5599
15:25:23.518   8179,715       3073,2212
15:25:24.091   8180,288       3171,6446
15:25:24.632   8180,829       3270,2235
15:25:25.181   8181,378       3353,0100
15:25:25.740   8181,937       3458,1568
15:25:26.310   8182,507       3547,7088
15:25:26.875   8183,072       3696,4947
15:25:27.480   8183,677       3809,0398
15:25:28.028   8184,225       3958,1384
15:25:28.591   8184,788       4116,3344
15:25:29.142   8185,339       4244,4576
15:25:29.656   8185,853       4373,8940
15:25:30.206   8186,403       4543,6941
15:25:30.749   8186,946       4717,3018
15:25:31.284   8187,481       4878,4238
15:25:31.833   8188,030       5063,7708
15:25:32.405   8188,602       5273,7155
15:25:32.944   8189,141       5465,6582
15:25:33.542   8189,739       5667,3166
15:25:34.113   8190,310       5893,0646
15:25:34.684   8190,881       6139,2483
15:25:35.219   8191,416       6356,6168
15:25:35.768   8191,965       6602,4790
15:25:36.332   8192,529       6871,9730
15:25:36.900   8193,097       7109,1728
15:25:37.492   8193,689       7363,9257
15:25:38.034   8194,231       7661,9325
15:25:38.571   8194,768       7954,0824
15:25:39.117   8195,314       8208,3982
15:25:39.669   8195,866       8557,4795
15:25:40.218   8196,415       8868,8957
15:25:40.805   8197,002       9207,9579
15:25:41.391   8197,588       9558,9278
15:25:41.969   8198,166       9961,7075
15:25:42.540   8198,737      10321,1759
15:25:43.238   8199,435      10649,8321
15:25:43.963   8200,160      11300,7434
15:25:44.633   8200,830      11775,3249
15:25:45.289   8201,486      12211,3135
15:25:45.992   8202,189      12731,0582
15:25:46.693   8202,890      13249,3631
15:25:47.338   8203,535      13729,5446
15:25:48.106   8204,303      14327,4118
15:25:48.759   8204,956      14856,8842
15:25:49.482   8205,679      15493,8877
15:25:50.143   8206,340      16088,0079
15:25:50.790   8206,987      16634,3693
15:25:51.525   8207,722      17239,9998
15:25:52.213   8208,410      18016,9588
15:25:52.859   8209,056      18595,4156
15:25:53.619   8209,816      19292,0963
15:25:54.267   8210,464      19926,3406
15:25:54.920   8211,117      20555,4729
15:25:55.650   8211,847      21096,3659
15:25:56.361   8212,558      21729,3963
15:25:57.038   8213,235      22337,4549
15:25:57.798   8213,995      22805,1931
15:25:58.444   8214,641      23314,6465
15:25:59.007   8215,204      23687,1471
15:25:59.704   8215,901      24038,4283
15:26:00.351   8216,548      24424,4571
15:26:00.948   8217,145      24646,6706
15:26:01.604   8217,801      24927,1961
15:26:02.293   8218,490      25231,0631
15:26:02.940   8219,137      25433,1798
15:26:03.704   8219,901      25580,6836
15:26:04.353   8220,550      25725,5070
15:26:05.059   8221,256      25845,5903
15:26:05.806   8222,003      25981,6938
15:26:06.471   8222,668      26073,6076
15:26:07.157   8223,354      26141,2893
15:26:07.891   8224,088      26223,5976
15:26:08.452   8224,649      26232,1245
15:26:08.966   8225,163      26346,7696
15:26:09.571   8225,768      26359,1261
15:26:10.100   8226,297      26379,2245
15:26:10.692   8226,889      26424,9885
15:26:11.269   8227,466      26468,1144
15:26:11.825   8228,022      26482,5997
15:26:12.384   8228,581      26531,2668
15:26:12.963   8229,160      26531,7594
15:26:13.532   8229,729      26563,4857
15:26:14.037   8230,234      26616,9749
15:26:14.542   8230,739      26601,7080
15:26:15.130   8231,327      26578,1098
15:26:15.690   8231,887      26603,0949
15:26:16.266   8232,463      26673,8698
15:26:16.843   8233,040      26654,5946
15:26:17.485   8233,682      26659,1405
15:26:18.079   8234,276      26709,3637
15:26:18.672   8234,869      26700,3744
15:26:19.265   8235,462      26701,5562
15:26:19.826   8236,023      26760,2263
15:26:20.338   8236,535      26741,7275
15:26:20.908   8237,105      26778,8309
15:26:21.457   8237,654      26800,6169
15:26:22.009   8238,206      26786,1024
15:26:22.607   8238,804      26805,9919
15:26:23.170   8239,367      26768,7985
15:26:23.717   8239,914      26764,7287
15:26:24.289   8240,486      26844,8162
15:26:24.789   8240,986      26832,0475
15:26:25.371   8241,568      26843,5197
15:26:25.911   8242,108      26821,4317
15:26:26.491   8242,688      26854,5845
15:26:27.071   8243,268      26851,8485
15:26:27.584   8243,781      26870,4069
15:26:28.086   8244,283      26875,8743
15:26:28.662   8244,859      26848,2047
15:26:29.245   8245,442      26847,5303
15:26:29.824   8246,021      26907,9144
15:26:30.411   8246,608      26930,2776
15:26:31.004   8247,201      26895,9517
15:26:31.585   8247,782      26882,3219
15:26:32.161   8248,358      26951,1997
15:26:32.716   8248,913      26901,0257
15:26:33.308   8249,505      26933,1698
15:26:33.849   8250,046      26908,5568
15:26:34.411   8250,608      26880,8364
15:26:35.004   8251,201      26952,5934
15:26:35.593   8251,790      26921,1316
15:26:36.171   8252,368      26980,6358
15:26:36.757   8252,954      26971,7451
15:26:37.359   8253,556      26956,3195
15:26:37.888   8254,085      26942,6412
15:26:38.456   8254,653      26968,0705
15:26:39.037   8255,234      26954,2694
15:26:39.573   8255,770      26956,3723
15:26:40.146   8256,343      26988,5553
15:26:40.729   8256,926      26965,7100
15:26:41.320   8257,517      26942,6803
15:26:41.873   8258,070      26982,9105
15:26:42.376   8258,573      27002,8429
15:26:42.957   8259,154      26976,6895
15:26:43.500   8259,697      26993,9763
15:26:44.073   8260,270      26966,2484
15:26:44.677   8260,874      27026,7087
15:26:45.232   8261,429      27023,3056
15:26:45.783   8261,980      26997,0314
15:26:46.368   8262,565      27054,4421
15:26:46.955   8263,152      27062,1133
15:26:47.513   8263,710      27065,9554
15:26:48.020   8264,217      27076,8663
15:26:48.602   8264,799      27042,6250
15:26:49.157   8265,354      26993,3181
15:26:49.704   8265,901      27084,4715
15:26:50.301   8266,498      27047,3853
15:26:50.856   8267,053      27083,4353
15:26:51.528   8267,725      27056,7726
15:26:52.109   8268,306      26994,5050
15:26:52.691   8268,888      27078,5675
15:26:53.286   8269,483      26973,8548
15:26:53.839   8270,036      26985,2176
15:26:54.391   8270,588      27036,9313
15:26:54.892   8271,089      27062,8240
15:26:55.524   8271,721      27103,3834
15:26:56.105   8272,302      27048,4710
15:26:56.692   8272,889      27090,2887
15:26:57.269   8273,466      27054,9380
15:26:57.829   8274,026      27077,3196
15:26:58.432   8274,629      27070,9263
15:26:59.014   8275,211      27067,3834
15:26:59.575   8275,772      27098,1862
15:27:00.143   8276,340      27077,3313
15:27:00.731   8276,928      27065,2092
15:27:01.321   8277,518      27042,1197
15:27:01.842   8278,039      27075,9613
15:27:02.425   8278,622      27091,7454
15:27:03.008   8279,205      27045,8746
15:27:03.588   8279,785      27075,8426
15:27:04.176   8280,373      27063,9142
15:27:04.770   8280,967      27032,4286
15:27:05.344   8281,541      27074,3719
15:27:05.879   8282,076      27059,3422
15:27:06.382   8282,579      27093,2666
15:27:06.960   8283,157      27022,2823
15:27:07.476   8283,673      27049,7489
15:27:08.070   8284,267      27095,9266
15:27:08.659   8284,856      27077,0648
15:27:09.245   8285,442      27095,3814
15:27:09.786   8285,983      27047,5658
15:27:10.362   8286,559      27050,7297
15:27:10.930   8287,127      27052,9238
