History Channel Functions Measurement Report

Measurements started at Date: 11-sep-2023 Time: 15:47:49

Description of the Function:

User Defined Function: m(1;850). Scope Mode

Time         Seconds   Function Value
15:47:49.040      5,327      27263,0741
15:47:49.801      6,088      27353,7515
15:47:50.454      6,741      27283,7178
15:47:51.116      7,403      27309,2684
15:47:51.635      7,922      27314,9418
15:47:52.168      8,455      27296,5937
15:47:52.712      8,999      27321,9282
15:47:53.243      9,530      27327,3000
15:47:53.840     10,127      27327,5036
15:47:54.394     10,681      27354,0114
15:47:54.948     11,235      27348,4939
15:47:55.481     11,768      27360,6085
15:47:55.987     12,274      27378,4656
15:47:56.555     12,842      27331,4992
15:47:57.091     13,378      27375,4566
15:47:57.636     13,923      27374,8842
15:47:58.190     14,477      27392,4339
15:47:58.758     15,045      27386,4668
15:47:59.315     15,602      27372,7019
15:47:59.826     16,113      27382,3263
15:48:00.384     16,671      27407,9487
15:48:00.950     17,237      27435,6273
15:48:01.452     17,739      27408,2643
15:48:01.982     18,269      27413,5413
15:48:02.516     18,803      27414,0786
15:48:03.049     19,336      27440,1996
15:48:03.601     19,888      27410,6414
15:48:04.124     20,411      27375,6418
15:48:04.662     20,949      27412,9141
15:48:05.201     21,488      27450,4063
15:48:05.828     22,115      27456,4603
15:48:06.378     22,665      27463,9347
15:48:06.965     23,252      27401,7516
15:48:07.544     23,831      27373,0659
15:48:08.063     24,350      27454,1952
15:48:08.647     24,934      27440,2854
15:48:09.197     25,484      27377,3133
15:48:09.809     26,096      27470,2915
15:48:10.345     26,632      27449,6336
15:48:10.950     27,237      27394,9941
15:48:11.524     27,811      27404,2649
15:48:12.042     28,329      27388,1830
15:48:12.608     28,895      27462,8575
15:48:13.161     29,448      27485,0861
15:48:13.693     29,980      27435,0876
15:48:14.210     30,497      27433,0018
15:48:14.767     31,054      27475,2220
15:48:15.333     31,620      27450,7815
15:48:15.875     32,162      27459,2144
15:48:16.447     32,734      27457,5887
15:48:17.016     33,303      27454,9470
15:48:17.551     33,838      27468,8138
15:48:18.091     34,378      27459,4195
15:48:18.643     34,930      27449,6520
15:48:19.238     35,525      27449,1059
15:48:19.863     36,150      27484,4415
15:48:20.433     36,720      27500,3727
15:48:20.964     37,251      27429,7533
15:48:21.478     37,765      27490,0025
15:48:22.043     38,330      27515,9605
15:48:22.585     38,872      27486,1766
15:48:23.163     39,450      27484,8488
15:48:23.698     39,985      27457,3772
15:48:24.231     40,518      27464,7207
15:48:24.818     41,105      27487,0230
15:48:25.356     41,643      27460,9220
15:48:25.900     42,187      27450,5866
15:48:26.466     42,753      27483,8498
15:48:27.009     43,296      27475,2311
15:48:27.579     43,866      27453,5913
15:48:28.120     44,407      27460,0189
15:48:28.687     44,974      27480,5437
15:48:29.236     45,523      27459,8263
15:48:29.877     46,164      27510,8351
15:48:30.411     46,698      27457,7504
15:48:30.962     47,249      27442,4460
15:48:31.498     47,785      27452,2720
15:48:32.036     48,323      27433,8497
15:48:32.589     48,876      27414,1719
15:48:33.143     49,430      27466,0846
15:48:33.693     49,980      27445,0793
15:48:34.216     50,503      27424,5345
15:48:34.772     51,059      27486,8918
15:48:35.298     51,585      27396,5185
15:48:35.810     52,097      27475,2402
15:48:36.355     52,642      27379,7185
15:48:36.926     53,213      27398,2594
15:48:37.513     53,800      27369,0744
15:48:38.051     54,338      27286,3985
15:48:38.608     54,895      27244,8567
15:48:39.183     55,470      27195,5300
15:48:39.849     56,136      27059,5474
15:48:40.415     56,702      26836,9592
15:48:40.961     57,248      26650,9184
15:48:41.468     57,755      26348,4647
15:48:41.985     58,272      25948,0820
15:48:42.540     58,827      25514,5972
15:48:43.091     59,378      24961,0858
15:48:43.630     59,917      24466,6611
15:48:44.219     60,506      23974,9197
15:48:44.774     61,061      23507,4002
15:48:45.308     61,595      23053,9365
15:48:45.892     62,179      22543,4343
15:48:46.465     62,752      22076,0220
15:48:47.009     63,296      21581,3647
15:48:47.522     63,809      21176,4425
15:48:48.079     64,366      20705,0812
15:48:48.579     64,866      20278,4218
15:48:49.119     65,406      19780,4537
15:48:49.686     65,973      19285,4714
15:48:50.228     66,515      18803,6469
15:48:50.771     67,058      18328,6888
15:48:51.320     67,607      17842,5077
15:48:51.867     68,154      17365,4128
15:48:52.420     68,707      16874,2538
15:48:52.991     69,278      16348,7957
15:48:53.523     69,810      15903,5191
15:48:54.065     70,352      15439,9562
15:48:54.627     70,914      14957,4880
15:48:55.233     71,520      14496,6206
15:48:55.889     72,176      14008,5709
15:48:56.439     72,726      13509,9793
15:48:57.002     73,289      13084,9622
15:48:57.539     73,826      12662,4119
15:48:58.073     74,360      12290,7215
15:48:58.627     74,914      11902,3661
15:48:59.185     75,472      11456,4567
15:48:59.812     76,099      11088,1053
15:49:00.362     76,649      10635,6686
15:49:00.922     77,209      10286,9674
15:49:01.478     77,765       9911,2565
15:49:01.996     78,283       9591,3489
15:49:02.526     78,813       9292,6997
15:49:03.102     79,389       8962,0860
15:49:03.656     79,943       8637,5223
15:49:04.209     80,496       8315,3424
15:49:04.782     81,069       8018,6367
15:49:05.316     81,603       7765,5695
15:49:05.887     82,174       7443,8884
15:49:06.424     82,711       7215,6271
15:49:06.982     83,269       6949,5305
15:49:07.531     83,818       6694,4701
15:49:08.064     84,351       6468,3170
15:49:08.610     84,897       6240,0230
15:49:09.144     85,431       6023,4577
15:49:09.695     85,982       5836,8426
15:49:10.224     86,511       5635,9662
15:49:10.772     87,059       5428,0598
15:49:11.338     87,625       5241,9020
15:49:11.856     88,143       5080,3477
15:49:12.412     88,699       4911,3898
15:49:12.953     89,240       4734,4149
15:49:13.504     89,791       4603,7007
15:49:14.018     90,305       4454,1834
15:49:14.570     90,857       4285,2107
15:49:15.120     91,407       4178,2657
15:49:15.694     91,981       4022,3628
15:49:16.229     92,516       3918,7881
15:49:16.777     93,064       3793,9052
15:49:17.363     93,650       3640,4096
15:49:17.901     94,188       3549,3801
15:49:18.458     94,745       3433,3596
15:49:19.042     95,329       3344,8124
15:49:19.578     95,865       3239,8275
15:49:20.086     96,373       3157,2620
15:49:20.651     96,938       3067,7693
15:49:21.219     97,506       2985,4609
15:49:21.873     98,160       2883,7952
15:49:22.441     98,728       2864,0842
15:49:22.980     99,267       2851,4353
15:49:23.520     99,807       2875,0544
15:49:24.032    100,319       2879,3859
15:49:24.586    100,873       2930,6402
15:49:25.117    101,404       2992,5743
15:49:25.660    101,947       3053,9052
15:49:26.201    102,488       3121,4117
15:49:26.754    103,041       3185,0202
15:49:27.332    103,619       3260,6809
15:49:27.875    104,162       3345,8368
15:49:28.408    104,695       3467,2375
15:49:28.936    105,223       3537,2945
15:49:29.487    105,774       3655,1988
15:49:30.013    106,300       3760,3375
15:49:30.546    106,833       3883,9811
15:49:31.095    107,382       4000,0524
15:49:31.633    107,920       4150,8705
15:49:32.164    108,451       4273,4822
15:49:32.732    109,019       4417,6904
15:49:33.280    109,567       4604,2832
15:49:33.800    110,087       4740,6264
15:49:34.346    110,633       4914,7063
15:49:34.889    111,176       5119,5055
15:49:35.425    111,712       5290,6675
15:49:35.959    112,246       5490,8145
15:49:36.499    112,786       5660,0323
15:49:37.077    113,364       5881,4715
15:49:37.643    113,930       6105,5019
15:49:38.175    114,462       6295,3068
15:49:38.743    115,030       6558,6168
15:49:39.304    115,591       6798,1052
15:49:39.830    116,117       6989,8506
15:49:40.386    116,673       7256,4197
15:49:40.924    117,211       7493,8853
15:49:41.476    117,763       7764,7856
15:49:41.985    118,272       8014,5889
15:49:42.567    118,854       8286,1143
15:49:43.122    119,409       8586,6055
15:49:43.678    119,965       8898,5036
15:49:44.243    120,530       9238,6013
15:49:44.784    121,071       9553,2493
15:49:45.286    121,573       9825,3492
15:49:45.819    122,106      10111,3386
15:49:46.352    122,639      10484,1673
15:49:46.896    123,183      10848,1475
15:49:47.425    123,712      11149,2709
15:49:47.941    124,228      11527,4213
15:49:48.505    124,792      11880,9610
15:49:49.083    125,370      12299,1837
15:49:49.624    125,911      12669,6709
15:49:50.202    126,489      13052,0698
15:49:50.776    127,063      13496,5151
15:49:51.333    127,620      13937,5714
15:49:51.868    128,155      14347,0681
15:49:52.429    128,716      14821,6544
15:49:52.991    129,278      15300,8312
15:49:53.543    129,830      15730,9517
15:49:54.099    130,386      16263,3084
15:49:54.657    130,944      16762,4174
15:49:55.195    131,482      17260,9699
15:49:55.836    132,123      17789,1896
15:49:56.373    132,660      18367,9317
15:49:56.915    133,202      18871,7557
15:49:57.474    133,761      19434,8330
15:49:57.986    134,273      19909,5041
15:49:58.528    134,815      20397,1574
15:49:59.106    135,393      20946,4278
15:49:59.656    135,943      21447,2836
15:50:00.185    136,472      21932,1173
15:50:00.751    137,038      22382,7098
15:50:01.289    137,576      22840,0006
15:50:01.821    138,108      23174,9088
15:50:02.374    138,661      23643,8990
15:50:02.970    139,257      24053,8481
15:50:03.511    139,798      24456,5396
15:50:04.049    140,336      24774,0330
15:50:04.581    140,868      25025,2344
15:50:05.139    141,426      25338,0811
15:50:05.709    141,996      25541,1207
15:50:06.240    142,527      25775,5047
15:50:06.786    143,073      25915,1072
15:50:07.358    143,645      26075,4740
15:50:07.900    144,187      26238,9718
15:50:08.434    144,721      26375,5879
15:50:08.960    145,247      26445,4711
15:50:09.508    145,795      26540,5951
15:50:10.026    146,313      26653,2279
15:50:10.558    146,845      26703,4590
15:50:11.163    147,450      26766,8116
15:50:11.704    147,991      26822,2763
15:50:12.246    148,533      26850,0434
15:50:12.784    149,071      26900,7819
15:50:13.321    149,608      26951,8180
15:50:13.829    150,116      26952,0260
15:50:14.363    150,650      27048,5353
15:50:14.916    151,203      27041,8619
15:50:15.463    151,750      27057,9290
15:50:16.012    152,299      27097,9736
15:50:16.515    152,802      27103,3674
15:50:17.071    153,358      27127,8213
15:50:17.644    153,931      27192,7211
15:50:18.165    154,452      27192,9698
15:50:18.741    155,028      27187,6643
15:50:19.295    155,582      27195,0084
15:50:19.867    156,154      27227,7146
15:50:20.408    156,695      27212,7705
15:50:20.946    157,233      27260,1879
15:50:21.517    157,804      27252,2306
15:50:22.059    158,346      27277,7671
15:50:22.619    158,906      27273,9119
15:50:23.158    159,445      27322,7344
15:50:23.708    159,995      27317,4420
15:50:24.218    160,505      27335,7770
15:50:24.750    161,037      27309,4455
15:50:25.299    161,586      27329,5939
15:50:25.825    162,112      27349,1361
15:50:26.379    162,666      27290,6099
15:50:26.937    163,224      27336,7374
15:50:27.503    163,790      27371,9049
15:50:28.034    164,321      27351,2546
15:50:28.596    164,883      27341,2410
15:50:29.147    165,434      27375,1431
15:50:29.687    165,974      27355,8009
15:50:30.209    166,496      27341,9594
15:50:30.746    167,033      27354,1419
15:50:31.304    167,591      27386,4484
15:50:31.860    168,147      27332,4372
15:50:32.422    168,709      27427,3219
15:50:32.973    169,260      27391,6905
15:50:33.515    169,802      27402,8224
15:50:34.068    170,355      27399,4330
15:50:34.597    170,884      27422,9020
15:50:35.167    171,454      27413,1899
15:50:35.774    172,061      27380,5444
15:50:36.338    172,625      27419,8248
15:50:36.893    173,180      27412,8335
15:50:37.430    173,717      27418,0412
15:50:37.983    174,270      27372,9930
15:50:38.540    174,827      27400,5340
15:50:39.100    175,387      27390,6333
15:50:39.646    175,933      27384,5040
15:50:40.200    176,487      27421,3463
15:50:40.741    177,028      27422,4810
15:50:41.285    177,572      27386,8796
15:50:41.832    178,119      27409,9202
15:50:42.367    178,654      27389,2187
15:50:42.914    179,201      27437,6309
15:50:43.485    179,772      27419,7300
15:50:44.016    180,303      27382,3011
15:50:44.592    180,879      27371,1060
15:50:45.128    181,415      27433,6432
15:50:45.697    181,984      27452,7943
15:50:46.255    182,542      27423,0055
15:50:46.805    183,092      27439,0443
15:50:47.370    183,657      27386,4809
15:50:47.899    184,186      27380,2395
15:50:48.459    184,746      27397,0017
15:50:49.027    185,314      27448,7238
15:50:49.599    185,886      27425,1576
15:50:50.121    186,408      27402,7248
15:50:50.661    186,948      27410,4117
15:50:51.222    187,509      27377,2388
15:50:51.861    188,148      27366,2031
15:50:52.403    188,690      27435,9543
15:50:52.946    189,233      27376,8810
15:50:53.481    189,768      27406,9820
15:50:54.037    190,324      27389,0863
15:50:54.580    190,867      27393,4055
15:50:55.142    191,429      27381,9687
15:50:55.686    191,973      27405,3922
15:50:56.222    192,509      27386,6399
15:50:56.760    193,047      27402,1935
15:50:57.308    193,595      27406,9681
15:50:57.823    194,110      27392,3532
15:50:58.362    194,649      27389,6618
15:50:58.897    195,184      27409,5422
15:50:59.433    195,720      27459,3002
15:50:59.983    196,270      27412,0194
15:51:00.528    196,815      27396,9933
15:51:01.062    197,349      27389,7768
15:51:01.609    197,896      27386,9398
15:51:02.133    198,420      27396,8652
15:51:02.690    198,977      27422,4006
15:51:03.226    199,513      27405,2977
15:51:03.853    200,140      27371,8027
15:51:04.407    200,694      27369,9738
15:51:04.949    201,236      27354,9846
15:51:05.516    201,803      27366,0685
15:51:06.038    202,325      27390,6673
15:51:06.577    202,864      27354,4013
15:51:07.101    203,388      27414,6242
15:51:07.643    203,930      27396,2400
15:51:08.168    204,455      27391,6894
15:51:08.735    205,022      27367,2695
15:51:09.275    205,562      27343,0905
15:51:09.796    206,083      27387,4594
15:51:10.344    206,631      27358,2846
15:51:10.888    207,175      27396,5931
15:51:11.455    207,742      27371,1599
15:51:11.983    208,270      27395,2753
15:51:12.537    208,824      27365,8824
15:51:13.086    209,373      27418,4066
15:51:13.618    209,905      27418,9499
15:51:14.168    210,455      27384,1998
15:51:14.736    211,023      27366,0602
15:51:15.292    211,579      27368,3448
15:51:15.812    212,099      27370,3792
15:51:16.368    212,655      27352,4049
15:51:16.919    213,206      27330,3446
15:51:17.467    213,754      27344,0538
15:51:18.003    214,290      27310,4476
15:51:18.571    214,858      27292,5566
15:51:19.144    215,431      27235,1922
15:51:19.690    215,977      27112,2796
15:51:20.252    216,539      26960,7724
15:51:20.809    217,096      26773,8642
15:51:21.340    217,627      26556,0701
15:51:21.845    218,132      26257,7403
15:51:22.381    218,668      25841,7314
15:51:22.948    219,235      25385,1901
15:51:23.530    219,817      24889,5924
15:51:24.081    220,368      24363,5440
15:51:24.623    220,910      23867,2661
15:51:25.162    221,449      23473,8156
15:51:25.801    222,088      22987,3643
15:51:26.337    222,624      22475,6003
15:51:26.877    223,164      22071,1895
15:51:27.413    223,700      21547,1393
15:51:27.961    224,248      21121,7922
15:51:28.531    224,818      20588,2245
15:51:29.061    225,348      20134,4383
15:59:14.212    690,499      27396,9713
15:59:14.763    691,050      27413,2370
15:59:15.294    691,581      27436,9096
15:59:15.847    692,134      27401,2429
15:59:16.392    692,679      27425,6010
15:59:16.964    693,251      27426,9650
15:59:17.502    693,789      27452,3188
15:59:18.045    694,332      27414,4410
15:59:18.581    694,868      27421,3705
15:59:19.116    695,403      27471,4283
15:59:19.652    695,939      27425,3493
15:59:20.163    696,450      27430,4875
15:59:20.682    696,969      27438,2647
15:59:21.215    697,502      27456,7710
15:59:21.791    698,078      27459,8074
15:59:22.304    698,591      27446,5289
15:59:22.860    699,147      27451,5482
15:59:23.404    699,691      27445,3742
15:59:23.947    700,234      27463,4942
15:59:24.529    700,816      27446,2532
15:59:25.064    701,351      27449,9396
15:59:25.639    701,926      27436,9218
15:59:26.202    702,489      27408,4771
15:59:26.773    703,060      27443,3864
15:59:27.339    703,626      27433,6484
15:59:27.951    704,238      27480,3364
15:59:28.467    704,754      27506,4212
15:59:29.041    705,328      27456,2393
15:59:29.618    705,905      27475,5496
15:59:30.140    706,427      27476,9337
15:59:30.696    706,983      27478,9383
15:59:31.256    707,543      27496,1539
15:59:31.802    708,089      27452,0501
15:59:32.343    708,630      27455,6733
15:59:32.910    709,197      27496,4335
15:59:33.481    709,768      27494,9794
15:59:34.179    710,466      27485,3378
15:59:34.767    711,054      27513,4234
15:59:35.326    711,613      27480,2340
15:59:35.883    712,170      27457,4847
15:59:36.411    712,698      27505,8760
15:59:36.965    713,252      27467,8778
15:59:37.499    713,786      27478,0073
15:59:38.155    714,442      27457,3881
15:59:38.732    715,019      27442,4714
15:59:39.319    715,606      27460,2866
15:59:39.863    716,150      27463,3733
15:59:40.389    716,676      27458,0609
15:59:40.935    717,222      27466,8641
15:59:41.527    717,814      27425,5015
15:59:42.166    718,453      27398,9219
15:59:42.708    718,995      27448,2618
15:59:43.288    719,575      27463,3869
15:59:43.833    720,120      27442,7171
15:59:44.418    720,705      27434,1061
15:59:44.982    721,269      27411,6420
15:59:45.536    721,823      27420,8672
15:59:46.203    722,490      27459,1977
15:59:46.770    723,057      27383,2459
15:59:47.338    723,625      27444,7323
15:59:47.883    724,170      27401,6451
15:59:48.406    724,693      27375,2594
15:59:48.964    725,251      27342,9210
15:59:49.539    725,826      27321,9195
15:59:50.148    726,435      27260,8870
15:59:50.702    726,989      27155,7055
15:59:51.284    727,571      27066,4097
15:59:51.869    728,156      26890,4410
15:59:52.444    728,731      26637,9773
15:59:53.005    729,292      26315,5641
15:59:53.550    729,837      25953,3776
15:59:54.174    730,461      25526,9881
15:59:54.721    731,008      24995,5180
15:59:55.301    731,588      24508,9192
15:59:55.840    732,127      24098,8912
15:59:56.366    732,653      23678,8201
15:59:56.913    733,200      23263,6001
15:59:57.447    733,734      22832,1112
15:59:58.016    734,303      22436,9918
15:59:58.541    734,828      21991,3917
15:59:59.072    735,359      21561,1825
15:59:59.641    735,928      21092,2499
16:00:00.152    736,439      20733,4132
16:00:00.727    737,014      20179,5943
16:00:01.274    737,561      19750,1246
16:00:01.837    738,124      19340,1715
16:00:02.399    738,686      18787,2528
16:00:02.951    739,238      18325,2312
16:00:03.496    739,783      17876,9100
16:00:04.143    740,430      17387,4699
16:00:04.683    740,970      16899,2775
16:00:05.245    741,532      16435,1299
16:00:05.809    742,096      16013,7191
16:00:06.348    742,635      15563,3906
16:00:06.925    743,212      15147,4201
16:00:07.485    743,772      14691,1261
16:00:08.020    744,307      14261,7651
16:00:08.565    744,852      13818,3115
16:00:09.103    745,390      13456,9895
16:00:09.680    745,967      13013,0996
16:00:10.198    746,485      12683,5503
16:00:10.771    747,058      12224,6375
16:00:11.278    747,565      11901,7547
16:00:11.839    748,126      11428,5837
16:00:12.384    748,671      11082,7175
16:00:12.965    749,252      10717,7807
16:00:13.513    749,800      10357,0684
16:00:14.127    750,414       9983,1791
16:00:14.681    750,968       9618,3720
16:00:15.224    751,511       9279,6658
16:00:15.770    752,057       8957,5392
16:00:16.304    752,591       8655,2174
16:00:16.835    753,122       8353,4624
16:00:17.393    753,680       8083,0461
16:00:17.943    754,230       7756,7249
16:00:18.474    754,761       7512,6809
16:00:19.049    755,336       7234,8276
16:00:19.591    755,878       6952,1898
16:00:20.195    756,482       6719,6533
16:00:20.725    757,012       6459,8374
16:00:21.253    757,540       6274,9053
16:00:21.795    758,082       6023,9042
16:00:22.354    758,641       5831,5977
16:00:22.900    759,187       5634,6225
16:00:23.456    759,743       5435,0726
16:00:24.031    760,318       5281,0805
16:00:24.572    760,859       5086,5002
16:00:25.138    761,425       4933,2149
16:00:25.716    762,003       4768,0166
16:00:26.234    762,521       4623,7823
16:00:26.764    763,051       4489,7624
16:00:27.328    763,615       4333,8309
16:00:27.906    764,193       4194,6192
16:00:28.442    764,729       4087,5931
16:00:29.004    765,291       3962,1899
16:00:29.563    765,850       3817,0011
16:00:30.171    766,458       3753,1078
16:00:30.715    767,002       3619,1467
16:00:31.228    767,515       3517,4046
16:00:31.778    768,065       3435,9980
16:00:32.303    768,590       3363,8477
16:00:32.836    769,123       3269,9139
16:00:33.403    769,690       3193,1467
16:00:33.959    770,246       3148,1988
16:00:34.535    770,822       3097,6619
16:00:35.071    771,358       3027,6935
16:00:35.608    771,895       2986,8732
16:00:36.151    772,438       2944,2328
16:00:36.727    773,014       2913,4470
16:00:37.281    773,568       2881,6429
16:00:37.831    774,118       2875,6910
16:00:38.342    774,629       2887,4736
16:00:38.878    775,165       2864,8241
16:00:39.448    775,735       2890,0492
16:00:39.997    776,284       2954,8830
16:00:40.509    776,796       2998,8795
16:00:41.049    777,336       3045,9110
16:00:41.591    777,878       3114,4648
16:00:42.137    778,424       3166,9284
16:00:42.714    779,001       3209,1035
16:00:43.257    779,544       3301,1882
16:00:43.796    780,083       3317,6171
16:00:44.320    780,607       3400,2245
16:00:44.861    781,148       3441,4478
16:00:45.417    781,704       3555,5184
16:00:45.998    782,285       3621,0828
16:00:46.521    782,808       3663,8206
16:00:47.103    783,390       3771,2879
16:00:47.648    783,935       3845,6667
16:00:48.181    784,468       3927,5591
16:00:48.718    785,005       4034,4637
16:00:49.284    785,571       4117,8182
16:00:49.869    786,156       4213,3134
16:00:50.389    786,676       4323,8022
16:00:50.939    787,226       4456,0245
16:00:51.517    787,804       4556,9872
16:00:52.026    788,313       4667,7824
16:00:52.559    788,846       4800,5159
16:00:53.133    789,420       4939,8366
16:00:53.684    789,971       5101,0694
16:00:54.238    790,525       5251,6793
16:00:54.769    791,056       5393,6566
16:00:55.317    791,604       5574,5107
16:00:55.855    792,142       5749,5501
16:00:56.390    792,677       5943,3883
16:00:56.927    793,214       6121,6459
16:00:57.538    793,825       6381,4718
16:00:58.172    794,459       6601,7963
16:00:58.727    795,014       6879,5515
16:00:59.250    795,537       7131,9946
16:00:59.790    796,077       7361,0843
16:01:00.331    796,618       7642,4630
16:01:00.870    797,157       7897,8493
16:01:01.432    797,719       8110,0720
16:01:01.978    798,265       8411,7498
16:01:02.521    798,808       8681,7712
16:01:03.070    799,357       8917,5246
16:01:03.656    799,943       9202,4232
16:01:04.254    800,541       9440,6566
16:01:04.807    801,094       9816,1753
16:01:05.336    801,623      10067,8663
16:01:05.873    802,160      10309,3829
16:01:06.408    802,695      10601,3300
16:01:06.990    803,277      10896,5107
16:01:07.540    803,827      11170,2845
16:01:08.166    804,453      11471,7961
16:01:08.739    805,026      11794,8754
16:01:09.304    805,591      12129,6721
16:01:09.844    806,131      12424,2651
16:01:10.354    806,641      12672,9864
16:01:10.897    807,184      12968,5527
16:01:11.464    807,751      13302,9287
16:01:12.012    808,299      13607,7597
16:01:12.599    808,886      13894,5607
16:01:13.136    809,423      14224,7420
16:01:13.667    809,954      14602,9454
16:01:14.196    810,483      14895,2923
16:01:14.738    811,025      15247,8188
16:01:15.309    811,596      15657,3623
16:01:15.847    812,134      16060,4513
16:01:16.384    812,671      16487,4531
16:01:16.914    813,201      16916,5428
16:01:17.472    813,759      17394,4505
16:01:18.127    814,414      17902,4244
16:01:18.692    814,979      18490,1083
16:01:19.242    815,529      18982,3509
16:01:19.790    816,077      19500,5073
16:01:20.321    816,608      20013,3153
16:01:20.863    817,150      20487,4756
16:01:21.449    817,736      21046,7145
16:01:21.986    818,273      21513,5879
16:01:22.511    818,798      21973,0207
16:01:23.062    819,349      22412,6679
16:01:23.612    819,899      22878,8082
16:01:24.139    820,426      23225,7429
16:01:24.707    820,994      23666,3842
16:01:25.281    821,568      23990,1900
16:01:25.821    822,108      24329,7640
16:01:26.399    822,686      24629,4950
16:01:26.943    823,230      24903,4115
16:01:27.498    823,785      25168,3944
16:01:28.038    824,325      25357,9265
16:01:28.570    824,857      25532,5054
16:01:29.073    825,360      25671,7829
16:01:29.648    825,935      25828,1392
16:01:30.197    826,484      25936,2546
16:01:30.751    827,038      26107,5234
16:01:31.292    827,579      26171,8680
16:01:31.846    828,133      26310,8764
16:01:32.372    828,659      26353,6536
16:01:32.911    829,198      26400,0954
16:01:33.459    829,746      26516,8663
16:01:34.018    830,305      26527,7859
16:01:34.598    830,885      26617,4895
16:01:35.164    831,451      26656,0865
16:01:35.717    832,004      26698,7142
16:01:36.266    832,553      26763,1237
16:01:36.800    833,087      26774,7611
16:01:37.334    833,621      26805,2158
16:01:37.866    834,153      26808,4296
16:01:38.381    834,668      26877,7170
16:01:38.916    835,203      26916,8790
16:01:39.517    835,804      26906,0078
16:01:40.056    836,343      26922,2808
16:01:40.619    836,906      26967,8342
16:01:41.162    837,449      26977,9270
16:01:41.708    837,995      26953,2274
16:01:42.231    838,518      27021,4231
16:01:42.786    839,073      27036,0920
16:01:43.376    839,663      27055,2697
16:01:43.924    840,211      27039,9145
16:01:44.446    840,733      27101,8251
16:01:45.012    841,299      27096,0725
16:01:45.576    841,863      27076,9703
16:01:46.214    842,501      27161,8003
16:01:46.743    843,030      27124,4139
16:01:47.320    843,607      27189,2756
16:01:47.878    844,165      27155,7760
16:01:48.408    844,695      27163,2782
16:01:48.982    845,269      27136,6040
16:01:49.530    845,817      27150,1283
16:01:50.131    846,418      27203,1393
16:01:50.671    846,958      27231,1197
16:01:51.174    847,461      27240,4178
16:01:51.724    848,011      27174,9363
16:01:52.257    848,544      27224,7834
16:01:52.802    849,089      27258,3077
16:01:53.372    849,659      27250,6042
16:01:53.940    850,227      27208,5094
16:01:54.491    850,778      27255,7502
16:01:55.039    851,326      27267,2204
16:01:55.584    851,871      27307,3870
16:01:56.132    852,419      27316,8688
16:01:56.671    852,958      27261,6852
16:01:57.232    853,519      27334,7784
16:01:57.789    854,076      27324,2469
16:01:58.293    854,580      27329,3617
16:01:58.820    855,107      27311,2149
16:01:59.364    855,651      27352,0537
16:01:59.944    856,231      27329,3659
16:02:00.533    856,820      27354,9204
16:02:01.056    857,343      27359,9534
16:02:01.594    857,881      27399,5187
16:02:02.126    858,413      27368,8503
16:02:02.725    859,012      27382,0161
16:02:03.260    859,547      27375,7451
16:02:03.847    860,134      27392,4266
16:02:04.375    860,662      27384,7457
16:02:04.922    861,209      27434,9156
16:02:05.491    861,778      27369,4543
16:02:06.185    862,472      27391,1642
16:02:06.745    863,032      27398,6848
16:02:07.295    863,582      27426,0472
16:02:07.875    864,162      27387,8313
16:02:08.403    864,690      27407,3552
16:02:08.939    865,226      27403,7345
16:02:09.510    865,797      27456,1084
16:02:10.056    866,343      27446,5793
16:02:10.564    866,851      27402,1859
16:02:11.122    867,409      27448,6792
16:02:11.682    867,969      27435,8146
16:02:12.207    868,494      27412,7651
16:02:12.760    869,047      27436,8702
16:02:13.318    869,605      27464,9741
16:02:13.887    870,174      27504,8824
16:02:14.417    870,704      27451,2146
16:02:14.972    871,259      27457,7343
16:02:15.501    871,788      27527,4594
16:02:16.043    872,330      27456,1191
16:02:16.584    872,871      27478,7769
16:02:17.139    873,426      27502,3223
16:02:17.678    873,965      27453,9029
16:02:18.225    874,512      27467,0421
16:02:18.788    875,075      27442,6389
16:02:19.288    875,575      27468,5873
16:02:19.840    876,127      27505,4539
16:02:20.389    876,676      27495,2822
16:02:20.930    877,217      27508,7688
16:02:21.461    877,748      27493,9228
16:02:22.015    878,302      27481,9882
16:02:22.625    878,912      27479,4715
16:02:23.176    879,463      27445,5737
16:02:23.753    880,040      27500,4352
16:02:24.316    880,603      27488,6587
16:02:24.877    881,164      27502,2153
16:02:25.428    881,715      27501,2149
16:02:26.003    882,290      27500,0467
16:02:26.541    882,828      27497,4566
16:02:27.128    883,415      27456,0073
16:02:27.663    883,950      27461,0204
16:02:28.184    884,471      27455,3080
16:02:28.749    885,036      27447,1667
16:02:29.299    885,586      27492,6892
16:02:29.877    886,164      27484,9613
16:02:30.401    886,688      27479,1089
16:02:30.906    887,193      27466,8572
16:02:31.446    887,733      27465,0357
16:02:32.048    888,335      27509,2999
16:02:32.581    888,868      27452,9024
16:02:33.142    889,429      27467,7483
16:02:33.714    890,001      27479,0546
16:02:34.238    890,525      27493,7225
16:02:34.772    891,059      27455,2554
16:02:35.367    891,654      27458,7923
16:02:35.967    892,254      27480,7296
16:02:36.538    892,825      27455,0889
16:02:37.065    893,352      27519,1822
16:02:37.600    893,887      27454,9164
16:02:38.158    894,445      27494,3034
16:02:38.719    895,006      27456,3684
16:02:39.252    895,539      27410,5418
16:02:39.805    896,092      27374,9047
16:02:40.343    896,630      27353,0428
16:02:40.924    897,211      27226,7237
16:02:41.461    897,748      27121,0115
16:02:42.161    898,448      26959,3750
16:02:42.712    898,999      26669,1918
16:02:43.288    899,575      26313,1892
16:02:43.858    900,145      25901,2396
16:02:44.399    900,686      25474,8897
16:02:44.938    901,225      25083,2956
16:02:45.483    901,770      24631,9198
16:02:46.042    902,329      24184,4431
16:02:46.651    902,938      23769,2940
16:02:47.207    903,494      23337,0858
16:02:47.754    904,041      22907,2807
16:02:48.293    904,580      22487,3193
16:02:48.859    905,146      22030,9544
16:02:49.410    905,697      21584,4312
16:02:49.961    906,248      21170,2880
16:02:50.492    906,779      20737,8118
16:02:51.075    907,362      20298,6458
16:02:51.643    907,930      19797,5475
16:02:52.153    908,440      19446,7529
16:02:52.719    909,006      18901,2317
16:02:53.254    909,541      18454,3317
16:02:53.819    910,106      17980,5184
16:02:54.380    910,667      17513,8998
16:02:54.918    911,205      17052,9169
16:02:55.492    911,779      16624,9281
16:02:56.042    912,329      16159,7563
16:02:56.574    912,861      15719,3788
16:02:57.147    913,434      15282,5656
16:02:57.688    913,975      14849,0075
16:02:58.245    914,532      14455,6178
16:02:58.797    915,084      14017,4045
16:02:59.337    915,624      13592,2808
16:02:59.869    916,156      13227,6059
16:03:00.405    916,692      12830,0188
16:03:00.980    917,267      12384,2204
16:03:01.529    917,816      12017,4321
16:03:02.130    918,417      11620,2317
16:03:02.698    918,985      11180,6460
16:03:03.262    919,549      10833,7188
16:03:03.831    920,118      10434,3385
16:03:04.384    920,671      10080,7921
16:03:04.925    921,212       9770,0854
16:03:05.488    921,775       9393,8831
16:03:06.029    922,316       9100,3687
16:03:06.570    922,857       8790,8471
16:03:07.106    923,393       8475,7956
16:03:07.653    923,940       8176,3176
16:03:08.178    924,465       7970,7148
16:03:08.736    925,023       7631,8815
16:03:09.306    925,593       7324,3551
16:03:09.868    926,155       7089,6308
16:03:10.394    926,681       6838,7467
16:03:10.950    927,237       6613,5334
16:03:11.528    927,815       6332,2269
16:03:12.150    928,437       6119,9864
16:03:12.695    928,982       5926,3906
16:03:13.230    929,517       5726,1937
16:03:13.776    930,063       5538,5459
16:03:14.340    930,627       5355,6084
16:03:14.913    931,200       5192,4319
16:03:15.456    931,743       5009,6521
16:03:15.997    932,284       4833,5929
16:03:16.532    932,819       4685,8851
16:03:17.069    933,356       4570,8576
16:03:17.628    933,915       4423,8986
16:03:18.154    934,441       4280,9890
16:03:18.716    935,003       4170,6015
16:03:19.255    935,542       4025,0221
16:03:19.817    936,104       3900,7107
16:03:20.393    936,680       3812,6440
16:03:20.943    937,230       3676,2169
16:03:21.507    937,794       3579,3863
16:03:22.128    938,415       3488,2320
16:03:22.689    938,976       3402,1395
16:03:23.222    939,509       3294,8918
16:03:23.760    940,047       3242,6253
16:03:24.292    940,579       3179,5533
16:03:24.844    941,131       3116,5174
16:03:25.390    941,677       3072,2044
16:03:25.954    942,241       3002,2227
16:03:26.489    942,776       2970,1281
16:03:27.084    943,371       2898,3464
16:03:27.632    943,919       2911,5520
16:03:28.150    944,437       2886,1986
16:03:28.724    945,011       2874,7022
16:03:29.315    945,602       2879,7620
16:03:29.846    946,133       2907,9085
16:03:30.404    946,691       2938,4487
16:03:30.952    947,239       3024,2261
16:03:31.496    947,783       3047,5691
16:03:32.173    948,460       3094,5748
16:03:32.747    949,034       3160,6017
16:03:33.308    949,595       3246,6401
16:03:33.871    950,158       3295,0592
16:03:34.410    950,697       3338,8709
16:03:34.943    951,230       3426,7119
16:03:35.480    951,767       3479,5366
16:03:36.028    952,315       3543,0270
16:03:36.575    952,862       3632,3345
16:03:37.130    953,417       3698,0819
16:03:37.681    953,968       3776,1242
16:03:38.223    954,510       3856,9508
16:03:38.788    955,075       3939,9406
16:03:39.360    955,647       4068,4447
16:03:39.904    956,191       4144,3474
16:03:40.429    956,716       4278,1481
16:03:40.992    957,279       4371,9068
16:03:41.528    957,815       4489,4643
16:03:42.169    958,456       4607,4209
16:03:42.731    959,018       4741,7960
16:03:43.292    959,579       4877,3596
16:03:43.839    960,126       5031,4122
16:03:44.404    960,691       5177,4810
16:03:44.944    961,231       5329,9480
16:03:45.527    961,814       5506,0727
16:03:46.151    962,438       5665,5218
16:03:46.705    962,992       5911,6340
16:03:47.261    963,548       6125,8426
16:03:47.801    964,088       6351,3686
16:03:48.356    964,643       6564,2662
16:03:48.900    965,187       6846,3810
16:03:49.481    965,768       7073,3383
16:03:50.043    966,330       7340,0269
16:03:50.576    966,863       7602,6275
16:03:51.135    967,422       7861,7756
16:03:51.679    967,966       8105,9419
16:03:52.202    968,489       8309,6200
16:03:52.782    969,069       8649,8107
16:03:53.319    969,606       8881,1693
16:03:53.848    970,135       9132,6242
16:03:54.387    970,674       9392,8382
16:03:54.922    971,209       9680,8984
16:03:55.514    971,801       9988,1389
16:03:56.040    972,327      10251,0541
16:03:56.584    972,871      10496,5925
16:03:57.140    973,427      10797,4540
16:03:57.722    974,009      11079,0758
16:03:58.254    974,541      11353,2407
16:03:58.758    975,045      11656,6808
16:03:59.312    975,599      11936,5127
16:03:59.872    976,159      12217,4880
16:04:00.403    976,690      12513,6699
16:04:00.948    977,235      12791,6668
16:04:01.535    977,822      13127,0436
16:04:02.146    978,433      13403,8900
16:04:02.712    978,999      13788,5323
16:04:03.270    979,557      14105,6993
16:04:03.809    980,096      14384,5820
16:04:04.341    980,628      14718,2725
16:04:04.898    981,185      15081,5542
16:04:05.464    981,751      15527,1428
16:04:05.997    982,284      15905,2970
16:04:06.537    982,824      16297,6351
16:04:07.105    983,392      16746,1047
16:04:07.702    983,989      17223,9929
16:04:08.216    984,503      17618,9782
16:04:08.776    985,063      18206,8030
16:04:09.354    985,641      18730,6602
16:04:09.907    986,194      19223,8434
16:04:10.439    986,726      19765,9652
16:04:10.970    987,257      20224,1566
16:04:11.526    987,813      20735,5161
16:04:12.139    988,426      21254,6021
16:04:12.711    988,998      21789,4579
16:04:13.289    989,576      22261,6410
16:04:13.862    990,149      22671,4157
16:04:14.376    990,663      23126,4092
16:04:14.947    991,234      23518,4571
16:04:15.495    991,782      23865,9306
16:04:16.044    992,331      24243,1626
16:04:16.596    992,883      24554,3042
16:04:17.147    993,434      24818,7273
16:04:17.683    993,970      25035,7158
16:04:18.195    994,482      25240,1647
16:04:18.765    995,052      25507,3645
16:04:19.319    995,606      25613,2864
16:04:19.895    996,182      25785,5720
16:04:20.435    996,722      25932,9911
16:04:20.981    997,268      26029,6509
16:04:21.541    997,828      26131,5268
16:04:22.175    998,462      26263,1401
16:04:22.756    999,043      26270,9074
16:04:23.317    999,604      26323,6935
16:04:23.851   1000,138      26383,1758
16:04:24.437   1000,724      26492,4999
16:04:24.991   1001,278      26502,6880
16:04:25.532   1001,819      26575,0641
16:04:26.187   1002,474      26630,0079
16:04:26.742   1003,029      26664,3008
16:04:27.293   1003,580      26713,9482
16:04:27.829   1004,116      26763,3894
16:04:28.383   1004,670      26800,5251
16:04:28.906   1005,193      26802,5441
16:04:29.412   1005,699      26779,2876
16:04:29.942   1006,229      26899,9024
16:04:30.480   1006,767      26854,4342
16:04:31.024   1007,311      26902,0606
16:04:31.555   1007,842      26892,1873
16:04:32.172   1008,459      26901,2804
16:04:32.765   1009,052      26982,0430
16:04:33.319   1009,606      27006,9780
16:04:33.861   1010,148      26995,1563
16:04:34.427   1010,714      26940,5529
16:04:35.007   1011,294      27027,7802
16:04:35.550   1011,837      27010,9068
16:04:36.174   1012,461      27046,2682
16:04:36.714   1013,001      27046,0325
16:04:37.268   1013,555      27100,3853
16:04:37.819   1014,106      27128,8208
16:04:38.325   1014,612      27109,4367
16:04:38.877   1015,164      27148,3360
16:04:39.446   1015,733      27120,8408
16:04:40.012   1016,299      27130,3567
16:04:40.538   1016,825      27143,1873
16:04:41.090   1017,377      27118,8814
16:04:41.639   1017,926      27206,5900
16:04:42.156   1018,443      27203,9072
16:04:42.719   1019,006      27166,8413
16:04:43.263   1019,550      27175,9931
16:04:43.803   1020,090      27184,8657
16:04:44.373   1020,660      27226,8266
16:04:44.972   1021,259      27243,6243
16:04:45.551   1021,838      27228,5609
16:04:46.213   1022,500      27294,5373
16:04:46.756   1023,043      27237,0282
16:04:47.321   1023,608      27259,2705
16:04:47.868   1024,155      27274,7143
16:04:48.410   1024,697      27288,0342
16:04:48.997   1025,284      27330,2172
16:04:49.535   1025,822      27285,3888
16:04:50.182   1026,469      27311,8667
16:04:50.704   1026,991      27320,4800
16:04:51.264   1027,551      27333,4772
16:04:51.853   1028,140      27318,5955
16:04:52.391   1028,678      27343,1746
16:04:52.894   1029,181      27361,6416
16:04:53.462   1029,749      27361,6702
16:04:53.997   1030,284      27333,9747
16:04:54.541   1030,828      27359,7243
16:04:55.086   1031,373      27344,0174
16:04:55.646   1031,933      27356,2133
16:04:56.185   1032,472      27353,6380
16:04:56.749   1033,036      27378,8323
16:04:57.315   1033,602      27398,0383
16:04:57.872   1034,159      27402,2295
16:04:58.424   1034,711      27411,0433
16:04:58.970   1035,257      27381,8300
16:04:59.514   1035,801      27400,6851
16:05:00.156   1036,443      27423,9857
16:05:00.682   1036,969      27454,7221
16:05:01.256   1037,543      27422,2515
16:05:01.826   1038,113      27399,3560
16:05:02.363   1038,650      27387,0731
16:05:02.931   1039,218      27386,0918
16:05:03.504   1039,791      27389,3973
16:05:04.165   1040,452      27444,5817
16:05:04.704   1040,991      27393,3889
16:05:05.262   1041,549      27397,1246
16:05:05.830   1042,117      27404,5309
16:05:06.450   1042,737      27442,5471
16:05:07.003   1043,290      27456,9303
16:05:07.571   1043,858      27418,5613
16:05:08.191   1044,478      27396,9378
16:05:08.695   1044,982      27398,7754
16:05:09.251   1045,538      27394,5049
16:05:09.846   1046,133      27405,0602
16:05:10.415   1046,702      27419,5119
16:05:10.975   1047,262      27373,9163
16:05:11.521   1047,808      27359,3371
16:05:12.147   1048,434      27361,6479
16:05:12.737   1049,024      27393,0273
16:05:13.284   1049,571      27364,7511
16:05:13.845   1050,132      27381,1027
16:05:14.416   1050,703      27421,2543
16:05:14.971   1051,258      27409,7223
16:05:15.548   1051,835      27366,3102
16:05:16.167   1052,454      27435,8345
16:05:16.740   1053,027      27347,3334
16:05:17.284   1053,571      27425,1588
16:05:17.821   1054,108      27394,3260
16:05:18.370   1054,657      27365,6609
16:05:18.913   1055,200      27352,1007
16:05:19.487   1055,774      27375,9241
16:05:20.190   1056,477      27373,9118
16:05:20.761   1057,048      27361,7028
16:05:21.305   1057,592      27400,0191
16:05:21.875   1058,162      27361,6100
16:05:22.414   1058,701      27364,2444
16:05:22.994   1059,281      27385,4432
16:05:23.538   1059,825      27330,8020
16:05:24.141   1060,428      27403,7100
16:05:24.701   1060,988      27378,5307
16:05:25.261   1061,548      27333,0134
16:05:25.816   1062,103      27383,5191
16:05:26.347   1062,634      27362,7749
16:05:26.913   1063,200      27368,0104
16:05:27.471   1063,758      27350,7499
16:05:28.003   1064,290      27327,9350
16:05:28.588   1064,875      27346,7148
16:05:29.147   1065,434      27326,1277
16:05:29.675   1065,962      27270,7871
16:05:30.241   1066,528      27259,9105
16:05:30.821   1067,108      27224,1104
16:05:31.363   1067,650      27119,8718
16:05:31.930   1068,217      26984,7524
16:05:32.450   1068,737      26824,4212
16:05:32.990   1069,277      26545,5967
16:05:33.565   1069,852      26263,3948
16:05:34.190   1070,477      25885,1140
16:05:34.726   1071,013      25388,0193
16:05:35.289   1071,576      24964,1787
16:05:35.834   1072,121      24519,1104
16:05:36.353   1072,640      24162,3585
16:05:36.909   1073,196      23734,2157
16:05:37.476   1073,763      23307,3003
16:05:38.041   1074,328      22889,9722
16:05:38.582   1074,869      22471,8950
16:05:39.138   1075,425      22084,7102
16:05:39.696   1075,983      21614,1072
16:05:40.219   1076,506      21207,1120
16:05:40.805   1077,092      20752,3281
16:05:41.383   1077,670      20263,8789
16:05:41.999   1078,286      19827,3471
16:05:42.549   1078,836      19362,5683
16:05:43.076   1079,363      18888,3148
16:05:43.616   1079,903      18464,8426
16:05:44.139   1080,426      18067,4871
16:05:44.704   1080,991      17549,8269
16:05:45.237   1081,524      17121,3355
16:05:45.779   1082,066      16637,6745
16:05:46.325   1082,612      16251,3234
16:05:46.877   1083,164      15780,4250
16:05:47.451   1083,738      15308,5790
16:05:48.142   1084,429      14890,6041
16:05:48.673   1084,960      14378,3407
16:05:49.216   1085,503      13990,5891
16:05:49.751   1086,038      13598,9960
16:05:50.305   1086,592      13161,2675
16:05:50.847   1087,134      12774,1866
16:05:51.431   1087,718      12389,2503
16:05:51.979   1088,266      11995,3370
16:05:52.499   1088,786      11626,5065
16:05:53.068   1089,355      11235,3379
16:05:53.637   1089,924      10852,0511
16:05:54.186   1090,473      10536,4690
16:05:54.746   1091,033      10177,7472
16:05:55.257   1091,544       9817,9802
16:05:55.833   1092,120       9500,5283
16:05:56.384   1092,671       9185,2477
16:05:56.924   1093,211       8860,8123
16:05:57.478   1093,765       8528,6269
16:05:58.033   1094,320       8266,2744
16:05:58.560   1094,847       8008,5345
16:05:59.062   1095,349       7733,4012
16:05:59.601   1095,888       7459,7750
16:06:00.206   1096,493       7209,4923
16:06:00.767   1097,054       6932,0905
16:06:01.327   1097,614       6699,7733
16:06:01.893   1098,180       6446,0375
16:06:02.435   1098,722       6232,2314
16:06:02.981   1099,268       6040,4718
16:06:03.520   1099,807       5828,1627
16:06:04.169   1100,456       5644,7743
16:06:04.716   1101,003       5416,7000
16:06:05.255   1101,542       5250,6504
16:06:05.792   1102,079       5080,8469
16:06:06.306   1102,593       4953,5520
16:06:06.860   1103,147       4781,6629
16:06:07.413   1103,700       4652,1826
16:06:07.981   1104,268       4499,7373
16:06:08.516   1104,803       4358,9029
16:06:09.098   1105,385       4221,6729
16:06:09.633   1105,920       4090,2437
16:06:10.191   1106,478       3981,2415
16:06:10.774   1107,061       3817,5732
16:06:11.313   1107,600       3709,4690
16:06:11.858   1108,145       3626,9716
16:06:12.406   1108,693       3518,7645
16:06:12.950   1109,237       3424,7470
16:06:13.520   1109,807       3361,0214
16:06:14.174   1110,461       3281,6733
16:06:14.719   1111,006       3185,2853
16:06:15.271   1111,558       3125,8388
16:06:15.815   1112,102       3076,2201
16:06:16.329   1112,616       3026,1851
16:06:16.882   1113,169       2970,5752
16:06:17.421   1113,708       2943,0220
16:06:17.968   1114,255       2888,3755
16:06:18.532   1114,819       2869,8302
16:06:19.086   1115,373       2871,4389
16:06:19.676   1115,963       2838,3937
16:06:20.232   1116,519       2891,6879
16:06:20.774   1117,061       2940,9297
16:06:21.320   1117,607       2973,2537
16:06:21.868   1118,155       3018,4027
16:06:22.425   1118,712       3060,5299
16:06:22.981   1119,268       3142,3071
16:06:23.542   1119,829       3196,5197
16:06:24.211   1120,498       3251,1868
16:06:24.718   1121,005       3295,3145
16:06:25.284   1121,571       3357,6203
16:06:25.814   1122,101       3442,7380
16:06:26.341   1122,628       3515,7395
16:06:26.877   1123,164       3580,6516
16:06:27.451   1123,738       3633,6284
16:06:28.025   1124,312       3746,3928
16:06:28.552   1124,839       3815,3260
16:06:29.120   1125,407       3901,6291
16:06:29.681   1125,968       3986,1054
16:06:30.213   1126,500       4086,1884
16:06:30.775   1127,062       4242,7705
16:06:31.316   1127,603       4311,4420
16:06:31.884   1128,171       4399,1762
16:06:32.399   1128,686       4540,0123
16:06:32.901   1129,188       4661,1003
16:06:33.452   1129,739       4779,0878
16:06:33.994   1130,281       4909,5361
16:06:34.514   1130,801       5094,7838
16:06:35.071   1131,358       5234,2932
16:06:35.622   1131,909       5366,9824
16:06:36.169   1132,456       5529,3863
16:06:36.702   1132,989       5740,9889
16:06:37.246   1133,533       5923,2488
16:06:37.772   1134,059       6152,4541
16:06:38.351   1134,638       6369,9264
16:06:38.890   1135,177       6605,1016
16:06:39.423   1135,710       6853,6945
16:06:39.955   1136,242       7087,2346
16:06:40.525   1136,812       7383,0712
16:06:41.056   1137,343       7597,2896
16:06:41.669   1137,956       7908,0529
16:06:42.185   1138,472       8121,0507
16:06:42.726   1139,013       8419,2458
16:06:43.262   1139,549       8654,8502
16:06:43.828   1140,115       8934,1130
16:06:44.386   1140,673       9201,4732
16:06:44.921   1141,208       9482,8656
16:06:45.489   1141,776       9764,3566
16:06:46.013   1142,300       9998,7699
16:06:46.541   1142,828      10258,5973
16:06:47.093   1143,380      10563,0298
16:06:47.674   1143,961      10821,9626
16:06:48.221   1144,508      11134,1272
16:06:48.780   1145,067      11421,2141
16:06:49.315   1145,602      11675,4717
16:06:49.859   1146,146      11976,0800
16:06:50.401   1146,688      12241,1404
16:06:50.935   1147,222      12525,2011
16:06:51.516   1147,803      12838,8219
16:06:52.203   1148,490      13174,0199
16:06:52.775   1149,062      13564,0024
16:06:53.344   1149,631      13883,8124
16:06:53.882   1150,169      14178,7938
16:06:54.407   1150,694      14505,8137
16:06:54.955   1151,242      14904,3253
16:06:55.522   1151,809      15245,6175
16:06:56.052   1152,339      15598,6650
16:06:56.593   1152,880      16000,4697
16:06:57.139   1153,426      16474,8546
16:06:57.689   1153,976      16852,3111
16:06:58.259   1154,546      17423,5493
16:06:58.793   1155,080      17905,7973
16:06:59.333   1155,620      18331,5688
16:06:59.913   1156,200      18912,9234
16:07:00.453   1156,740      19418,4616
16:07:01.017   1157,304      19942,2457
16:07:01.556   1157,843      20426,5563
16:07:02.155   1158,442      20958,8959
16:07:02.707   1158,994      21531,7864
16:07:03.255   1159,542      21975,4984
16:07:03.817   1160,104      22462,3924
16:07:04.375   1160,662      22865,6130
16:07:04.922   1161,209      23289,9179
16:07:05.433   1161,720      23675,6055
16:07:05.976   1162,263      24069,0489
16:07:06.525   1162,812      24374,7180
16:07:07.077   1163,364      24680,5583
16:07:07.623   1163,910      24979,4498
16:07:08.178   1164,465      25178,6386
16:07:08.717   1165,004      25411,8290
16:07:09.275   1165,562      25622,8822
16:07:09.775   1166,062      25769,2984
16:07:10.305   1166,592      25977,7834
16:07:10.888   1167,175      26078,6732
16:07:11.456   1167,743      26202,1554
16:07:12.014   1168,301      26288,4056
16:07:12.544   1168,831      26360,7919
16:07:13.092   1169,379      26447,3386
16:07:13.645   1169,932      26568,4998
16:07:14.232   1170,519      26542,3435
16:07:14.767   1171,054      26649,0486
16:07:15.360   1171,647      26693,1042
16:07:15.900   1172,187      26753,2371
16:07:16.413   1172,700      26829,4770
16:07:16.977   1173,264      26833,8592
16:07:17.515   1173,802      26834,6309
16:07:18.172   1174,459      26874,5715
16:07:18.721   1175,008      26881,3774
16:07:19.286   1175,573      26943,5488
16:07:19.792   1176,079      27035,3015
16:07:20.344   1176,631      26967,6207
16:07:20.881   1177,168      26967,8752
16:07:21.430   1177,717      27037,5869
16:07:21.992   1178,279      26981,2954
16:07:22.562   1178,849      27014,7556
16:07:23.136   1179,423      27054,3235
16:07:23.704   1179,991      27052,7272
16:07:24.261   1180,548      27047,2035
16:07:24.844   1181,131      27147,9421
16:07:25.386   1181,673      27141,4711
16:07:25.918   1182,205      27153,1971
16:07:26.456   1182,743      27135,3988
16:07:27.004   1183,291      27220,2026
16:07:27.569   1183,856      27174,6804
16:07:28.184   1184,471      27133,3106
16:07:28.734   1185,021      27204,6952
16:07:29.244   1185,531      27179,3195
16:07:29.789   1186,076      27205,6336
16:07:30.350   1186,637      27209,9011
16:07:30.909   1187,196      27191,0391
16:07:31.483   1187,770      27214,3570
16:07:32.029   1188,316      27208,6443
16:07:32.564   1188,851      27323,0227
16:07:33.128   1189,415      27242,6266
16:07:33.700   1189,987      27272,5125
16:07:34.260   1190,547      27327,0280
16:07:34.800   1191,087      27274,1636
16:07:35.343   1191,630      27335,9083
16:07:35.914   1192,201      27333,3533
16:07:36.448   1192,735      27305,3240
16:07:37.005   1193,292      27319,5736
16:07:37.544   1193,831      27313,5101
16:07:38.164   1194,451      27341,9224
16:07:38.715   1195,002      27362,0432
16:07:39.289   1195,576      27333,1070
16:07:39.852   1196,139      27366,2741
16:07:40.388   1196,675      27330,7010
16:07:40.921   1197,208      27363,8274
16:07:41.524   1197,811      27378,6899
16:07:42.052   1198,339      27347,9368
16:07:42.572   1198,859      27358,9501
16:07:43.104   1199,391      27374,6498
16:07:43.677   1199,964      27442,1531
16:07:44.217   1200,504      27433,4069
16:07:44.806   1201,093      27397,0333
16:07:45.385   1201,672      27389,8297
16:07:45.921   1202,208      27395,6240
16:07:46.464   1202,751      27428,1016
16:07:47.012   1203,299      27417,9674
16:07:47.584   1203,871      27408,4522
16:07:48.130   1204,417      27417,1054
16:07:48.663   1204,950      27392,4228
16:07:49.243   1205,530      27460,8017
16:07:49.860   1206,147      27457,5483
16:07:50.371   1206,658      27420,9421
16:07:50.919   1207,206      27409,4126
16:07:51.484   1207,771      27403,6183
16:07:52.028   1208,315      27419,2748
16:07:52.566   1208,853      27422,7355
16:07:53.125   1209,412      27412,6777
16:07:53.699   1209,986      27412,3984
16:07:54.229   1210,516      27410,5300
16:07:54.805   1211,092      27414,2293
16:07:55.355   1211,642      27413,6336
16:07:55.906   1212,193      27398,0897
16:07:56.473   1212,760      27431,5458
16:07:57.040   1213,327      27389,2054
16:07:57.621   1213,908      27448,8978
16:07:58.195   1214,482      27442,4524
16:07:58.774   1215,061      27381,8618
16:07:59.316   1215,603      27450,8543
16:07:59.894   1216,181      27412,2799
16:08:00.428   1216,715      27402,1293
16:08:00.990   1217,277      27424,5284
16:08:01.523   1217,810      27425,1431
16:08:02.152   1218,439      27442,1183
16:08:02.702   1218,989      27398,6925
16:08:03.268   1219,555      27432,5015
16:08:03.808   1220,095      27444,3057
16:08:04.372   1220,659      27394,7907
16:08:04.927   1221,214      27421,5841
16:08:05.491   1221,778      27432,4699
16:08:06.130   1222,417      27430,6492
16:08:06.696   1222,983      27413,0814
16:08:07.245   1223,532      27434,5359
16:08:07.803   1224,090      27471,0956
16:08:08.346   1224,633      27440,2874
16:08:08.888   1225,175      27423,7484
16:08:09.452   1225,739      27442,7576
16:08:09.980   1226,267      27396,6650
16:08:10.533   1226,820      27445,6329
16:08:11.090   1227,377      27484,2984
16:08:11.649   1227,936      27457,0475
16:08:12.183   1228,470      27485,6574
16:08:12.715   1229,002      27476,7713
16:08:13.256   1229,543      27498,5061
16:08:13.806   1230,093      27457,0831
16:08:14.321   1230,608      27422,7865
16:08:14.875   1231,162      27464,5599
16:08:15.454   1231,741      27455,3745
16:08:16.004   1232,291      27433,3065
16:08:16.537   1232,824      27472,5954
16:08:17.096   1233,383      27505,1615
16:08:17.633   1233,920      27469,3450
16:08:18.170   1234,457      27502,3402
16:08:18.730   1235,017      27458,1511
16:08:19.295   1235,582      27397,8145
16:08:19.889   1236,176      27389,5396
16:08:20.406   1236,693      27345,3250
16:08:20.947   1237,234      27313,9638
16:08:21.509   1237,796      27255,2094
16:08:22.186   1238,473      27057,0192
16:08:22.743   1239,030      26845,2327
16:08:23.284   1239,571      26640,3757
16:08:23.827   1240,114      26302,9597
16:08:24.356   1240,643      25925,8143
16:08:24.897   1241,184      25531,3140
16:08:25.459   1241,746      25060,9330
16:08:25.990   1242,277      24731,9399
16:08:26.572   1242,859      24268,2263
16:08:27.111   1243,398      23825,9216
16:08:27.671   1243,958      23463,3617
16:08:28.195   1244,482      23097,5390
16:08:28.740   1245,027      22651,6234
16:08:29.297   1245,584      22226,0597
16:08:29.864   1246,151      21805,8255
16:08:30.422   1246,709      21377,9693
16:08:30.976   1247,263      20934,7524
16:08:31.507   1247,794      20486,1679
16:08:32.161   1248,448      19997,4881
16:08:32.715   1249,002      19501,1737
16:08:33.272   1249,559      19018,3191
16:08:33.810   1250,097      18614,1148
16:08:34.370   1250,657      18100,7240
16:08:34.920   1251,207      17700,7723
16:08:35.462   1251,749      17262,9962
16:08:36.013   1252,300      16794,6503
16:08:36.540   1252,827      16353,2281
16:08:37.099   1253,386      15893,3905
16:08:37.633   1253,920      15491,3184
16:08:38.183   1254,470      15123,5034
16:08:38.768   1255,055      14599,2289
16:08:39.347   1255,634      14151,8924
16:08:39.933   1256,220      13721,5655
16:08:40.475   1256,762      13364,6116
16:08:41.037   1257,324      12966,2069
16:08:41.602   1257,889      12536,4403
16:08:42.150   1258,437      12184,4011
16:08:42.705   1258,992      11764,9552
16:08:43.253   1259,540      11388,1441
16:08:43.789   1260,076      11030,4246
16:08:44.323   1260,610      10678,9938
16:08:44.898   1261,185      10319,0906
16:08:45.459   1261,746       9956,9752
16:08:46.053   1262,340       9628,9727
16:08:46.650   1262,937       9317,4926
16:08:47.182   1263,469       9006,3157
16:08:47.738   1264,025       8685,8047
16:08:48.281   1264,568       8391,5755
16:08:48.854   1265,141       8106,8793
16:08:49.399   1265,686       7817,3854
16:08:49.967   1266,254       7502,3209
16:08:50.501   1266,788       7304,5270
16:08:51.036   1267,323       7027,9839
16:08:51.575   1267,862       6807,9326
16:08:52.191   1268,478       6569,2988
16:08:52.750   1269,037       6297,5116
16:08:53.301   1269,588       6123,6292
16:08:53.853   1270,140       5906,5430
16:08:54.381   1270,668       5735,9279
16:08:54.937   1271,224       5549,7096
16:08:55.492   1271,779       5386,3712
16:08:56.033   1272,320       5214,1197
16:08:56.568   1272,855       5079,4948
16:08:57.107   1273,394       4906,4458
16:08:57.651   1273,938       4729,9784
16:08:58.161   1274,448       4612,7733
16:08:58.716   1275,003       4467,2927
16:08:59.255   1275,542       4304,5071
16:08:59.805   1276,092       4190,3126
16:09:00.350   1276,637       4058,6391
16:09:00.907   1277,194       3924,8323
16:09:01.479   1277,766       3809,7293
16:09:02.014   1278,301       3697,3088
16:09:02.575   1278,862       3580,3761
16:09:03.119   1279,406       3499,8928
16:09:03.658   1279,945       3369,6443
16:09:04.204   1280,491       3321,3086
16:09:04.767   1281,054       3262,8091
16:09:05.320   1281,607       3180,2720
16:09:05.922   1282,209       3116,6220
16:09:06.492   1282,779       3031,5058
16:09:07.054   1283,341       2977,9844
16:09:07.628   1283,915       2924,5359
16:09:08.163   1284,450       2888,2992
16:09:08.709   1284,996       2862,1646
16:09:09.240   1285,527       2805,4430
16:09:09.814   1286,101       2828,0727
16:09:10.345   1286,632       2812,1559
16:09:10.910   1287,197       2882,8854
16:09:11.462   1287,749       2912,0017
16:09:11.995   1288,282       2948,6219
16:09:12.564   1288,851       3005,0578
16:09:13.130   1289,417       3077,8401
16:09:13.664   1289,951       3092,0641
16:09:14.265   1290,552       3178,2071
16:09:14.800   1291,087       3219,6672
16:09:15.339   1291,626       3281,4667
16:09:15.918   1292,205       3353,9602
16:09:16.441   1292,728       3403,0841
16:09:16.973   1293,260       3504,8600
16:09:17.510   1293,797       3562,7611
16:09:18.052   1294,339       3648,7644
16:09:18.580   1294,867       3707,5432
16:09:19.125   1295,412       3804,3088
16:09:19.696   1295,983       3899,6488
16:09:20.246   1296,533       3988,1457
16:09:20.800   1297,087       4059,0332
16:09:21.327   1297,614       4167,7272
16:09:21.924   1298,211       4270,1225
16:09:22.453   1298,740       4416,5298
16:09:23.039   1299,326       4511,5388
16:09:23.607   1299,894       4687,4044
16:09:24.166   1300,453       4799,2966
16:09:24.719   1301,006       4956,3944
16:09:25.303   1301,590       5139,1759
16:09:25.859   1302,146       5292,3189
16:09:26.388   1302,675       5455,8414
16:09:26.939   1303,226       5655,2069
16:09:27.537   1303,824       5851,3125
16:09:28.178   1304,465       6068,0706
16:09:28.762   1305,049       6347,7595
16:09:29.298   1305,585       6596,8393
16:09:29.836   1306,123       6816,4606
16:09:30.408   1306,695       7144,2694
16:09:30.958   1307,245       7388,8997
16:09:31.506   1307,793       7627,1637
16:09:32.064   1308,351       7879,1047
16:09:32.668   1308,955       8163,5068
16:09:33.215   1309,502       8460,3274
16:09:33.778   1310,065       8740,8879
16:09:34.285   1310,572       8937,8519
16:09:34.831   1311,118       9246,1507
16:09:35.379   1311,666       9478,1647
16:09:35.940   1312,227       9757,0882
16:09:36.456   1312,743      10051,9089
16:09:37.002   1313,289      10318,6955
16:09:37.552   1313,839      10567,1045
16:09:38.160   1314,447      10862,0341
16:09:38.720   1315,007      11129,0159
16:09:39.284   1315,571      11434,9046
16:09:39.840   1316,127      11740,1423
16:19:51.950   1928,237      21303,1214
16:19:52.533   1928,820      20817,8838
16:19:53.104   1929,391      20332,1609
16:19:53.615   1929,902      19901,5356
16:19:54.150   1930,437      19488,1565
16:19:54.720   1931,007      19030,9958
16:19:55.295   1931,582      18552,0922
16:19:55.956   1932,243      18081,0506
16:19:56.499   1932,786      17529,3918
16:19:57.058   1933,345      17080,2924
16:19:57.611   1933,898      16631,7361
16:19:58.160   1934,447      16202,3555
16:19:58.706   1934,993      15767,6794
16:19:59.277   1935,564      15345,2764
16:19:59.883   1936,170      14921,4476
16:20:00.444   1936,731      14469,7432
16:20:00.995   1937,282      14062,5697
16:20:01.561   1937,848      13723,1330
16:20:02.083   1938,370      13280,6227
16:20:02.664   1938,951      12911,2647
16:20:03.237   1939,524      12508,4362
16:20:03.879   1940,166      12134,8310
16:20:04.483   1940,770      11710,0496
16:20:05.037   1941,324      11391,9392
16:20:05.586   1941,873      11064,1910
16:20:06.104   1942,391      10720,9241
16:20:06.686   1942,973      10401,1722
16:20:07.230   1943,517      10085,5685
16:20:07.781   1944,068       9812,1516
16:20:08.321   1944,608       9518,8552
16:20:08.863   1945,150       9212,9500
16:20:09.452   1945,739       8929,4906
16:20:10.009   1946,296       8648,7620
16:20:10.543   1946,830       8381,1513
16:20:11.083   1947,370       8091,0816
16:20:11.624   1947,911       7870,6717
16:20:12.182   1948,469       7578,0396
16:20:12.762   1949,049       7343,0511
16:20:13.370   1949,657       7076,1650
16:20:13.909   1950,196       6906,3734
16:20:14.463   1950,750       6659,3663
16:20:15.021   1951,308       6445,2712
16:20:15.572   1951,859       6219,5979
16:20:16.106   1952,393       6019,4318
16:20:16.676   1952,963       5835,2161
16:20:17.259   1953,546       5645,4598
16:20:17.888   1954,175       5482,6121
16:20:18.470   1954,757       5263,8365
16:20:19.018   1955,305       5119,8152
16:20:19.561   1955,848       4959,9219
16:20:20.078   1956,365       4804,2647
16:20:20.631   1956,918       4669,3249
16:20:21.165   1957,452       4497,2774
16:20:21.721   1958,008       4352,6613
16:20:22.264   1958,551       4208,4602
16:20:22.834   1959,121       4020,2482
16:20:23.375   1959,662       3895,3477
16:20:23.909   1960,196       3812,2179
16:20:24.465   1960,752       3645,4094
16:20:25.011   1961,298       3551,1905
16:20:25.569   1961,856       3427,1549
16:20:26.096   1962,383       3326,1032
16:20:26.645   1962,932       3246,4643
16:20:27.198   1963,485       3153,1941
16:20:27.725   1964,012       3056,3208
16:20:28.269   1964,556       2974,6464
16:20:28.829   1965,116       2892,3142
16:20:29.376   1965,663       2806,8059
16:20:29.899   1966,186       2774,6110
16:20:30.485   1966,772       2709,6262
16:20:31.065   1967,352       2668,3947
16:24:11.665   2187,952      21923,1418
16:24:12.221   2188,508      22098,7539
16:24:12.790   2189,077      22240,9551
16:24:13.338   2189,625      22362,3390
16:24:13.864   2190,151      22503,9561
16:24:14.397   2190,684      22599,6574
16:24:14.946   2191,233      22671,4843
16:24:15.475   2191,762      22786,0139
16:24:16.044   2192,331      22888,4621
16:24:16.618   2192,905      22949,4040
16:24:17.166   2193,453      23059,6209
16:24:17.743   2194,030      23097,5679
16:24:18.315   2194,602      23198,1943
16:24:18.872   2195,159      23319,2660
16:24:19.448   2195,735      23330,5668
16:24:19.987   2196,274      23355,8265
16:24:20.556   2196,843      23479,8228
16:24:21.094   2197,381      23482,8038
16:24:21.647   2197,934      23538,7910
16:24:22.209   2198,496      23635,7726
16:24:22.771   2199,058      23736,1635
16:24:23.338   2199,625      23744,9917
16:24:23.894   2200,181      23803,4719
16:24:24.480   2200,767      23875,2045
16:24:25.028   2201,315      23851,2240
16:24:25.553   2201,840      23886,9647
16:24:26.102   2202,389      23956,4906
16:24:26.659   2202,946      23984,9793
16:24:27.207   2203,494      24000,2640
16:24:27.712   2203,999      24047,4845
16:24:28.281   2204,568      24104,2474
16:24:28.830   2205,117      24120,6947
16:24:29.408   2205,695      24150,3758
16:24:29.939   2206,226      24212,2319
16:24:30.510   2206,797      24250,1069
16:24:31.055   2207,342      24274,6522
16:24:31.587   2207,874      24278,4731
16:24:32.158   2208,445      24375,0802
16:24:32.710   2208,997      24366,7479
16:24:33.290   2209,577      24389,8799
16:24:33.836   2210,123      24448,6368
16:24:34.407   2210,694      24422,5550
16:24:34.988   2211,275      24452,6288
16:24:35.606   2211,893      24501,5545
16:24:36.151   2212,438      24543,8221
16:24:36.706   2212,993      24547,2024
16:24:37.248   2213,535      24603,3920
16:24:37.813   2214,100      24619,2855
16:24:38.348   2214,635      24606,3140
16:24:38.944   2215,231      24645,8115
16:24:39.635   2215,922      24659,6095
16:24:40.140   2216,427      24693,9119
16:24:40.706   2216,993      24732,5561
16:24:41.274   2217,561      24762,2049
16:24:41.790   2218,077      24806,7411
16:24:42.325   2218,612      24818,9893
16:24:42.867   2219,154      24812,5998
16:24:43.438   2219,725      24847,2872
16:24:44.019   2220,306      24894,2251
16:24:44.586   2220,873      24898,7809
16:24:45.155   2221,442      24892,8040
16:24:45.709   2221,996      24900,4167
16:24:46.264   2222,551      24959,6013
16:24:46.806   2223,093      25000,2414
16:24:47.386   2223,673      25068,7393
16:24:47.891   2224,178      25031,9694
16:24:48.391   2224,678      25058,9169
16:24:48.940   2225,227      25087,5278
16:24:49.567   2225,854      25092,5387
16:24:50.100   2226,387      25141,9787
16:24:50.677   2226,964      25131,3786
16:24:51.243   2227,530      25167,3893
16:24:51.771   2228,058      25116,2820
16:24:52.329   2228,616      25174,5738
16:24:52.877   2229,164      25162,9261
16:24:53.435   2229,722      25255,6199
16:24:53.962   2230,249      25206,4126
16:24:54.522   2230,809      25234,5486
16:24:55.078   2231,365      25213,9598
16:24:55.594   2231,881      25236,3398
16:24:56.140   2232,427      25249,0310
16:24:56.675   2232,962      25246,9763
16:24:57.243   2233,530      25296,5904
16:24:57.780   2234,067      25286,0708
16:24:58.330   2234,617      25247,6569
16:24:58.894   2235,181      25334,3446
16:24:59.419   2235,706      25326,7641
16:24:59.934   2236,221      25284,3163
16:25:00.479   2236,766      25358,9520
16:25:01.012   2237,299      25391,7979
16:25:01.660   2237,947      25326,0306
16:25:02.207   2238,494      25356,8683
16:25:02.737   2239,024      25339,2099
16:25:03.291   2239,578      25332,9515
16:25:03.792   2240,079      25343,1169
16:25:04.358   2240,645      25393,5890
16:25:04.989   2241,276      25379,2027
16:25:05.663   2241,950      25406,0458
16:25:06.182   2242,469      25424,2513
16:25:06.744   2243,031      25443,1262
16:25:07.286   2243,573      25420,2008
16:25:07.895   2244,182      25440,2176
16:25:08.411   2244,698      25420,8151
16:25:08.968   2245,255      25454,8195
16:25:09.637   2245,924      25427,7259
16:25:10.177   2246,464      25454,3541
16:25:10.679   2246,966      25473,5097
16:25:11.255   2247,542      25450,3919
16:25:11.807   2248,094      25485,2642
16:25:12.382   2248,669      25477,3428
16:25:12.951   2249,238      25455,1498
16:25:13.585   2249,872      25512,1435
16:25:14.109   2250,396      25505,3513
16:25:14.649   2250,936      25470,8682
16:25:15.276   2251,563      25526,7217
16:25:15.800   2252,087      25543,8285
16:25:16.406   2252,693      25520,0960
16:25:16.912   2253,199      25483,0786
16:25:17.473   2253,760      25514,3842
16:25:17.998   2254,285      25533,4437
16:25:18.569   2254,856      25535,1147
16:25:19.239   2255,526      25545,2527
16:25:19.805   2256,092      25530,1216
16:25:20.317   2256,604      25580,3630
16:25:20.826   2257,113      25531,5642
16:25:21.363   2257,650      25554,7409
16:25:21.938   2258,225      25555,8536
16:25:22.484   2258,771      25553,4640
16:25:23.057   2259,344      25546,8560
16:25:23.572   2259,859      25522,4691
16:25:24.132   2260,419      25548,5109
16:25:24.738   2261,025      25556,6241
16:25:25.330   2261,617      25513,0682
16:25:25.900   2262,187      25496,0138
16:25:26.481   2262,768      25426,3983
16:25:26.983   2263,270      25350,2746
16:25:27.659   2263,946      25252,1448
16:25:28.266   2264,553      25080,9443
16:25:28.837   2265,124      24866,8148
16:25:29.381   2265,668      24652,5568
16:25:29.976   2266,263      24331,9461
16:25:30.589   2266,876      23852,4809
16:25:31.124   2267,411      23355,2138
16:25:31.728   2268,015      22798,7008
16:25:32.308   2268,595      22201,5836
16:25:32.871   2269,158      21632,7000
16:25:33.396   2269,683      21116,8594
16:25:33.994   2270,281      20519,9644
16:25:34.516   2270,803      20104,2200
16:25:35.138   2271,425      19489,0454
16:25:35.723   2272,010      18961,1858
16:25:36.308   2272,595      18501,4171
16:25:36.883   2273,170      18053,3929
16:25:37.480   2273,767      17560,5311
16:25:38.039   2274,326      17148,3320
16:25:38.603   2274,890      16649,1204
16:25:39.225   2275,512      16155,7080
16:25:39.733   2276,020      15812,1073
16:25:40.273   2276,560      15435,1325
16:25:40.779   2277,066      15073,3213
16:25:41.356   2277,643      14660,1636
16:25:41.910   2278,197      14248,8456
16:25:42.478   2278,765      13871,7508
16:25:43.104   2279,391      13437,5150
16:25:43.667   2279,954      13136,1555
16:25:44.277   2280,564      12706,0599
16:25:44.819   2281,106      12347,0221
16:25:45.427   2281,714      11974,5686
16:25:45.945   2282,232      11700,4680
16:25:46.593   2282,880      11324,4769
16:25:47.106   2283,393      11051,6960
16:25:47.622   2283,909      10820,3770
16:25:48.125   2284,412      10481,8284
16:25:48.698   2284,985      10176,2480
16:25:49.222   2285,509       9920,1169
16:25:49.776   2286,063       9623,1879
16:25:50.291   2286,578       9368,5950
16:25:50.942   2287,229       9076,6032
16:25:51.453   2287,740       8832,2641
16:25:51.963   2288,250       8576,4407
16:25:52.573   2288,860       8289,8729
16:25:53.147   2289,434       8046,6489
16:25:53.681   2289,968       7862,4129
16:25:54.309   2290,596       7537,7353
16:25:54.844   2291,131       7294,5870
16:25:55.459   2291,746       7092,2192
16:25:56.058   2292,345       6837,9581
16:25:56.635   2292,922       6618,5667
16:25:57.265   2293,552       6375,0430
16:25:57.873   2294,160       6178,5610
16:25:58.413   2294,700       5997,5240
16:25:59.036   2295,323       5788,1600
16:25:59.590   2295,877       5630,7734
16:26:00.110   2296,397       5445,6295
16:26:00.649   2296,936       5267,4013
16:26:01.153   2297,440       5111,3608
16:26:01.681   2297,968       4936,6445
16:26:02.220   2298,507       4772,0617
16:26:02.748   2299,035       4629,5441
16:26:03.356   2299,643       4419,8896
16:26:03.885   2300,172       4280,7098
16:26:04.512   2300,799       4087,4439
16:26:05.034   2301,321       3980,8174
16:26:05.584   2301,871       3842,8694
16:26:06.154   2302,441       3713,6210
16:26:06.656   2302,943       3599,2003
16:26:07.194   2303,481       3488,4454
16:26:07.752   2304,039       3359,3721
16:26:08.291   2304,578       3271,3258
16:26:08.821   2305,108       3151,7742
16:26:09.398   2305,685       3062,8385
16:26:09.957   2306,244       2991,8931
16:26:10.475   2306,762       2945,8844
16:26:10.986   2307,273       2887,4706
16:26:11.647   2307,934       2850,0800
16:26:12.274   2308,561       2833,2094
16:26:12.892   2309,179       2819,4754
16:26:13.417   2309,704       2842,5203
16:26:13.992   2310,279       2880,2721
16:26:14.616   2310,903       2911,9735
16:26:15.191   2311,478       2954,9243
16:26:15.741   2312,028       2973,3214
16:26:16.309   2312,596       3020,5522
16:26:16.932   2313,219       3075,1742
16:26:17.461   2313,748       3114,0245
16:26:18.031   2314,318       3163,7580
16:26:18.560   2314,847       3220,5665
16:26:19.096   2315,383       3245,6060
16:26:19.665   2315,952       3297,5373
16:26:20.233   2316,520       3360,0867
16:26:20.768   2317,055       3414,8028
16:26:21.332   2317,619       3475,4584
16:26:21.896   2318,183       3512,8253
16:26:22.513   2318,800       3606,7838
16:26:23.024   2319,311       3668,9823
16:26:23.575   2319,862       3728,0527
16:26:24.149   2320,436       3805,9359
16:26:24.800   2321,087       3874,8166
16:26:25.316   2321,603       3928,9587
16:26:25.870   2322,157       4043,7558
16:26:26.377   2322,664       4118,0273
16:26:26.989   2323,276       4203,9272
16:26:27.646   2323,933       4296,1739
16:26:28.193   2324,480       4372,6038
16:26:28.723   2325,010       4466,7065
16:26:29.369   2325,656       4572,7892
16:26:29.961   2326,248       4683,3555
16:26:30.511   2326,798       4800,8430
16:26:31.089   2327,376       4910,3802
16:26:31.723   2328,010       5057,8259
16:26:32.293   2328,580       5223,8716
16:26:32.849   2329,136       5339,4664
16:26:33.415   2329,702       5497,8242
16:26:33.918   2330,205       5650,1654
16:26:34.450   2330,737       5833,2507
16:26:34.958   2331,245       6010,6936
16:26:35.664   2331,951       6197,1380
16:26:36.250   2332,537       6447,9927
16:26:36.838   2333,125       6680,0155
16:26:37.403   2333,690       6864,3326
16:26:37.944   2334,231       7051,3680
16:26:38.521   2334,808       7309,3849
16:26:39.093   2335,380       7550,2232
16:26:39.654   2335,941       7733,4094
16:26:40.212   2336,499       7993,0687
16:26:40.745   2337,032       8189,8435
16:26:41.293   2337,580       8439,4194
16:26:41.821   2338,108       8659,5445
16:26:42.367   2338,654       8827,7571
16:26:42.953   2339,240       9098,7997
16:26:43.472   2339,759       9295,7717
16:26:44.023   2340,310       9503,0000
16:26:44.573   2340,860       9689,7298
16:26:45.105   2341,392       9888,1395
16:26:45.646   2341,933      10064,4809
16:26:46.173   2342,460      10246,5078
16:26:46.733   2343,020      10443,6327
16:26:47.286   2343,573      10650,8523
16:26:47.819   2344,106      10813,6273
16:26:48.386   2344,673      11039,6475
16:26:48.939   2345,226      11207,8426
16:26:49.557   2345,844      11407,5646
16:26:50.120   2346,407      11636,9420
16:26:50.657   2346,944      11852,4805
16:26:51.220   2347,507      12083,7970
16:26:51.753   2348,040      12329,7208
16:26:52.293   2348,580      12562,1697
16:26:52.846   2349,133      12797,8627
16:26:53.401   2349,688      13042,0086
16:26:53.922   2350,209      13286,9631
16:26:54.493   2350,780      13522,6349
16:26:55.001   2351,288      13762,0788
16:26:55.603   2351,890      13973,8210
16:26:56.153   2352,440      14320,7312
16:26:56.726   2353,013      14515,7480
16:26:57.259   2353,546      14793,3608
16:26:57.799   2354,086      14995,8027
16:26:58.355   2354,642      15197,5185
16:26:58.904   2355,191      15407,8319
16:26:59.466   2355,753      15587,6310
16:27:00.034   2356,321      15782,9835
16:27:00.576   2356,863      16037,1095
16:27:01.135   2357,422      16165,6412
16:27:01.704   2357,991      16333,6927
16:27:02.248   2358,535      16495,8636
16:27:02.795   2359,082      16637,7699
16:27:03.330   2359,617      16808,8430
16:27:03.850   2360,137      16929,9659
16:27:04.437   2360,724      17054,1653
16:27:04.982   2361,269      17150,6765
16:27:05.585   2361,872      17218,1516
16:27:06.159   2362,446      17396,5264
16:27:06.710   2362,997      17504,1399
16:27:07.252   2363,539      17567,0322
16:27:07.786   2364,073      17700,5243
16:27:08.345   2364,632      17714,5165
16:27:08.914   2365,201      17822,2102
16:27:09.474   2365,761      17921,9746
16:27:10.040   2366,327      17929,3816
16:27:10.582   2366,869      18097,4669
16:27:11.125   2367,412      18172,3255
16:27:11.689   2367,976      18228,1406
16:27:12.239   2368,526      18279,9457
16:27:12.791   2369,078      18375,7652
16:27:13.338   2369,625      18392,4322
16:27:13.870   2370,157      18464,5611
16:27:14.430   2370,717      18510,6272
16:27:14.980   2371,267      18624,5183
16:27:15.585   2371,872      18687,8951
16:27:16.129   2372,416      18711,6253
16:27:16.681   2372,968      18806,7528
16:27:17.254   2373,541      18859,4497
16:27:17.781   2374,068      18925,6263
16:27:18.343   2374,630      18995,9317
16:27:18.877   2375,164      19033,5937
16:27:19.419   2375,706      19088,9901
16:27:19.965   2376,252      19107,8350
16:27:20.516   2376,803      19143,1109
16:27:21.061   2377,348      19177,2072
16:27:21.576   2377,863      19249,7726
16:27:22.129   2378,416      19281,7855
16:27:22.703   2378,990      19316,4717
16:27:23.274   2379,561      19319,2456
16:27:23.813   2380,100      19437,5178
16:27:24.383   2380,670      19494,1993
16:27:24.919   2381,206      19534,6541
16:27:25.473   2381,760      19581,4031
16:27:26.021   2382,308      19635,8217
16:27:26.580   2382,867      19703,0326
16:27:27.131   2383,418      19754,7428
16:27:27.646   2383,933      19769,1502
16:27:28.222   2384,509      19784,1225
16:27:28.776   2385,063      19860,7736
16:27:29.312   2385,599      19891,1178
16:27:29.819   2386,106      19957,8511
16:27:30.368   2386,655      19941,0786
16:27:30.928   2387,215      20022,0483
16:27:31.602   2387,889      20102,4405
16:27:32.166   2388,453      20140,4049
16:27:32.698   2388,985      20140,6856
16:27:33.268   2389,555      20237,1270
16:27:33.768   2390,055      20224,8133
16:27:34.353   2390,640      20219,3583
16:27:34.926   2391,213      20341,5773
16:27:35.471   2391,758      20327,5266
16:27:36.020   2392,307      20400,4986
16:27:36.521   2392,808      20407,6899
16:27:37.101   2393,388      20460,7068
16:27:37.621   2393,908      20495,3617
16:27:38.165   2394,452      20536,0962
16:27:38.708   2394,995      20622,3070
16:27:39.243   2395,530      20632,3269
16:27:39.777   2396,064      20631,9627
16:27:40.342   2396,629      20674,7329
16:27:40.912   2397,199      20712,3105
16:27:41.463   2397,750      20764,7179
16:27:42.002   2398,289      20778,6384
16:27:42.551   2398,838      20796,8013
16:27:43.117   2399,404      20855,2735
16:27:43.640   2399,927      20861,5241
16:27:44.195   2400,482      20906,1202
16:27:44.739   2401,026      20905,1851
16:27:45.304   2401,591      20950,1307
16:27:45.820   2402,107      20972,0404
16:27:46.381   2402,668      20978,0280
16:27:46.918   2403,205      21027,0789
16:27:47.453   2403,740      21033,1098
16:27:47.992   2404,279      21086,6517
16:27:48.535   2404,822      21088,7840
16:27:49.099   2405,386      21120,8546
16:27:49.626   2405,913      21141,3733
16:27:50.189   2406,476      21161,0956
16:27:50.740   2407,027      21195,4733
16:27:51.284   2407,571      21223,0498
16:27:51.795   2408,082      21245,6597
16:27:52.327   2408,614      21231,7063
16:27:52.878   2409,165      21321,5224
16:27:53.437   2409,724      21286,2997
16:27:53.979   2410,266      21311,9473
16:27:54.534   2410,821      21328,0286
16:27:55.085   2411,372      21359,2391
16:27:55.665   2411,952      21343,7860
16:27:56.249   2412,536      21377,0672
16:27:56.816   2413,103      21363,3491
16:27:57.325   2413,612      21402,1582
16:27:57.849   2414,136      21435,0785
16:27:58.386   2414,673      21459,2306
16:27:58.923   2415,210      21466,5120
16:27:59.574   2415,861      21481,6187
16:28:00.125   2416,412      21497,9574
16:28:00.690   2416,977      21540,2746
16:28:01.261   2417,548      21509,5617
16:28:01.827   2418,114      21564,7761
16:28:02.379   2418,666      21562,9862
16:28:02.929   2419,216      21557,8881
16:28:03.460   2419,747      21572,8877
16:28:03.985   2420,272      21630,4505
16:28:04.527   2420,814      21659,1364
16:28:05.084   2421,371      21668,4093
16:28:05.614   2421,901      21647,4019
16:28:06.174   2422,461      21706,4066
16:28:06.707   2422,994      21691,6270
16:28:07.238   2423,525      21720,8926
16:28:07.761   2424,048      21747,2523
16:28:08.300   2424,587      21707,6793
16:28:08.804   2425,091      21703,7927
16:28:09.342   2425,629      21763,0020
16:28:09.925   2426,212      21733,9131
16:28:10.467   2426,754      21775,8743
16:28:11.008   2427,295      21716,1567
16:28:11.641   2427,928      21778,7473
16:28:12.194   2428,481      21794,3413
16:28:12.762   2429,049      21766,0469
16:28:13.297   2429,584      21780,3890
16:28:13.844   2430,131      21770,5525
16:28:14.394   2430,681      21788,7168
16:28:14.952   2431,239      21801,3726
16:28:15.604   2431,891      21801,8480
16:28:16.152   2432,439      21808,4957
16:28:16.689   2432,976      21785,5914
16:28:17.237   2433,524      21782,0244
16:28:17.760   2434,047      21725,2784
16:28:18.331   2434,618      21675,6728
16:28:18.905   2435,192      21648,9011
16:28:19.477   2435,764      21563,6917
16:28:19.995   2436,282      21466,2454
16:28:20.571   2436,858      21353,6234
16:28:21.076   2437,363      21154,0589
16:28:21.588   2437,875      21009,6556
16:28:22.184   2438,471      20716,2019
16:28:22.688   2438,975      20476,3853
16:28:23.220   2439,507      20143,5617
16:28:23.791   2440,078      19794,6684
16:28:24.342   2440,629      19385,9360
16:28:24.886   2441,173      19031,8057
16:28:25.427   2441,714      18683,9086
16:28:25.957   2442,244      18317,9745
16:28:26.522   2442,809      17958,0643
16:28:27.060   2443,347      17595,7421
16:28:27.587   2443,874      17287,5927
16:28:28.152   2444,439      16868,1491
16:28:28.718   2445,005      16525,1066
16:28:29.282   2445,569      16139,3000
16:28:29.794   2446,081      15770,7504
16:28:30.363   2446,650      15487,1024
16:28:30.899   2447,186      15123,2777
16:28:31.440   2447,727      14755,3873
16:28:32.022   2448,309      14407,4825
16:28:32.568   2448,855      14022,1790
16:28:33.147   2449,434      13702,2188
16:28:33.660   2449,947      13445,7429
16:28:34.217   2450,504      13127,2728
16:28:34.788   2451,075      12776,5270
16:28:35.320   2451,607      12482,6549
16:28:35.855   2452,142      12198,0293
16:28:36.419   2452,706      11881,5299
16:28:36.969   2453,256      11635,3904
16:28:37.591   2453,878      11339,0659
16:28:38.164   2454,451      11037,0522
16:28:38.700   2454,987      10763,2675
16:28:39.262   2455,549      10476,0693
16:28:39.806   2456,093      10281,8198
16:28:40.381   2456,668       9969,8307
16:28:40.927   2457,214       9722,4177
16:28:41.481   2457,768       9472,7110
16:28:42.009   2458,296       9234,8131
16:28:42.564   2458,851       8977,2404
16:28:43.108   2459,395       8773,8947
16:28:43.682   2459,969       8462,7244
16:28:44.227   2460,514       8256,5860
16:28:44.738   2461,025       8047,4006
16:28:45.277   2461,564       7849,1348
16:28:45.838   2462,125       7595,7809
16:28:46.392   2462,679       7367,7952
16:28:46.949   2463,236       7127,8332
16:28:47.487   2463,774       6926,8389
16:28:48.015   2464,302       6747,9254
16:28:48.582   2464,869       6559,8762
16:28:49.144   2465,431       6356,8546
16:28:49.702   2465,989       6163,6690
16:28:50.234   2466,521       6018,4634
16:28:50.797   2467,084       5807,9669
16:28:51.369   2467,656       5615,4326
16:28:51.878   2468,165       5467,5797
16:28:52.451   2468,738       5263,6169
16:28:52.989   2469,276       5077,6165
16:28:53.612   2469,899       4904,4825
16:28:54.164   2470,451       4738,3823
16:28:54.730   2471,017       4568,3777
16:28:55.268   2471,555       4420,2903
16:28:55.827   2472,114       4251,9643
16:28:56.373   2472,660       4115,3765
16:28:56.918   2473,205       3953,5071
16:28:57.466   2473,753       3840,9559
16:28:57.996   2474,283       3715,1614
16:28:58.549   2474,836       3634,4308
16:28:59.084   2475,371       3547,1965
16:28:59.604   2475,891       3481,4894
16:29:00.156   2476,443       3400,0157
16:29:00.699   2476,986       3338,7420
16:29:01.288   2477,575       3274,2951
16:29:01.850   2478,137       3240,8984
16:29:02.411   2478,698       3207,9602
16:29:02.975   2479,262       3189,0682
16:29:03.581   2479,868       3193,3374
16:29:04.128   2480,415       3212,2737
16:29:04.685   2480,972       3234,7789
16:29:05.235   2481,522       3227,7996
16:29:05.775   2482,062       3260,9380
16:29:06.328   2482,615       3281,8611
16:29:06.892   2483,179       3305,8459
16:29:07.474   2483,761       3295,1127
16:29:08.029   2484,316       3355,4316
16:29:08.581   2484,868       3364,2969
16:29:09.141   2485,428       3420,6233
16:29:09.696   2485,983       3428,0233
16:29:10.226   2486,513       3462,0500
16:29:10.790   2487,077       3479,5823
16:29:11.350   2487,637       3535,2463
16:29:11.877   2488,164       3575,1302
16:29:12.417   2488,704       3597,2129
16:29:12.950   2489,237       3662,9711
16:29:13.566   2489,853       3659,5855
16:29:14.128   2490,415       3706,8128
16:29:14.681   2490,968       3766,2667
16:29:15.214   2491,501       3805,8752
16:29:15.753   2492,040       3842,3983
16:29:16.316   2492,603       3875,3891
16:29:16.898   2493,185       3957,0923
16:29:17.460   2493,747       3974,7886
16:29:18.009   2494,296       4007,3613
16:29:18.550   2494,837       4086,2393
16:29:19.091   2495,378       4150,1980
16:29:19.603   2495,890       4186,9639
16:29:20.203   2496,490       4260,6891
16:29:20.762   2497,049       4309,6350
16:29:21.328   2497,615       4341,0284
16:29:21.875   2498,162       4419,3758
16:29:22.442   2498,729       4475,7275
16:29:23.001   2499,288       4541,7311
16:29:23.638   2499,925       4634,1734
16:29:24.220   2500,507       4695,8595
16:29:24.776   2501,063       4778,0739
16:29:25.378   2501,665       4906,4717
16:29:25.912   2502,199       4988,1165
16:29:26.469   2502,756       5059,1443
16:29:27.023   2503,310       5183,2416
16:29:27.632   2503,919       5276,7385
16:29:28.177   2504,464       5381,6858
16:29:28.714   2505,001       5533,4357
16:29:29.278   2505,565       5655,5610
16:29:29.838   2506,125       5802,4254
16:29:30.404   2506,691       5910,2338
16:29:30.960   2507,247       6045,7948
16:29:31.593   2507,880       6199,6189
16:29:32.164   2508,451       6358,7855
16:29:32.716   2509,003       6506,3040
16:29:33.264   2509,551       6641,9102
16:29:33.807   2510,094       6795,7670
16:29:34.364   2510,651       6905,8242
16:29:34.953   2511,240       7046,6242
16:29:35.615   2511,902       7202,5477
16:29:36.166   2512,453       7347,4604
16:29:36.718   2513,005       7524,2650
16:29:37.261   2513,548       7637,5760
16:29:37.805   2514,092       7811,0904
16:29:38.340   2514,627       7888,4212
16:29:38.887   2515,174       8022,5578
16:29:39.418   2515,705       8157,0878
16:29:39.988   2516,275       8262,0505
16:29:40.548   2516,835       8392,3617
16:29:41.082   2517,369       8551,4238
16:29:41.641   2517,928       8666,9618
16:29:42.154   2518,441       8814,4839
16:29:42.691   2518,978       8940,4646
16:29:43.229   2519,516       9070,1911
16:29:43.796   2520,083       9262,2641
16:29:44.353   2520,640       9345,9942
16:29:44.904   2521,191       9501,0716
16:29:45.447   2521,734       9614,5600
16:29:46.001   2522,288       9768,7046
16:29:46.557   2522,844       9906,9327
16:29:47.138   2523,425      10079,7845
16:29:47.693   2523,980      10205,7549
16:29:48.261   2524,548      10330,4890
16:29:48.805   2525,092      10495,3033
16:29:49.360   2525,647      10577,6715
16:29:49.885   2526,172      10743,4362
16:29:50.460   2526,747      10895,3112
16:29:51.024   2527,311      11013,1171
16:29:51.630   2527,917      11141,2394
16:29:52.161   2528,448      11238,3373
16:29:52.713   2529,000      11369,7558
16:29:53.249   2529,536      11491,6118
16:29:53.813   2530,100      11611,6094
16:29:54.355   2530,642      11710,8793
16:29:54.923   2531,210      11806,8145
16:29:55.481   2531,768      11897,1884
16:29:56.020   2532,307      11977,4182
16:29:56.576   2532,863      12115,9296
16:29:57.134   2533,421      12175,4353
16:29:57.683   2533,970      12265,8398
16:29:58.267   2534,554      12299,8710
16:29:58.810   2535,097      12439,8099
16:29:59.359   2535,646      12497,1068
16:29:59.897   2536,184      12514,6049
16:30:00.487   2536,774      12617,6950
16:30:01.044   2537,331      12672,5082
16:30:01.577   2537,864      12757,6133
16:30:02.112   2538,399      12781,5143
16:30:02.671   2538,958      12892,8954
16:30:03.219   2539,506      12964,8984
16:30:03.770   2540,057      13005,4832
16:30:04.342   2540,629      13071,6355
16:30:04.887   2541,174      13120,7111
16:30:05.458   2541,745      13158,0349
16:30:06.001   2542,288      13200,6858
16:30:06.537   2542,824      13244,2902
16:30:07.093   2543,380      13322,7434
16:30:07.632   2543,919      13390,1676
16:30:08.138   2544,425      13436,7456
16:30:08.698   2544,985      13458,0187
16:30:09.244   2545,531      13577,2058
16:30:09.801   2546,088      13631,9487
16:30:10.360   2546,647      13688,7314
16:30:10.912   2547,199      13723,6388
16:30:11.448   2547,735      13774,0582
16:30:11.965   2548,252      13813,1047
16:30:12.509   2548,796      13885,8446
16:30:13.078   2549,365      13978,7340
16:30:13.604   2549,891      13985,0194
16:30:14.151   2550,438      14030,9840
16:30:14.697   2550,984      14136,2253
16:30:15.262   2551,549      14155,1447
16:30:15.797   2552,084      14194,1270
16:30:16.383   2552,670      14233,5447
16:30:16.917   2553,204      14303,4253
16:30:17.469   2553,756      14338,0196
16:30:18.029   2554,316      14426,0252
16:30:18.534   2554,821      14475,2822
16:30:19.092   2555,379      14528,0270
16:30:19.625   2555,912      14531,2094
16:30:20.190   2556,477      14606,9328
16:30:20.730   2557,017      14634,7878
16:30:21.271   2557,558      14705,9988
16:30:21.853   2558,140      14756,1543
16:30:22.408   2558,695      14773,4881
16:30:22.942   2559,229      14856,1432
16:30:23.568   2559,855      14912,4609
16:30:24.128   2560,415      14925,3818
16:30:24.690   2560,977      14976,4163
16:30:25.228   2561,515      15032,4383
16:30:25.779   2562,066      15058,2284
16:30:26.322   2562,609      15118,1591
16:30:26.872   2563,159      15196,6313
16:30:27.398   2563,685      15202,8916
16:30:27.936   2564,223      15263,5385
16:30:28.502   2564,789      15269,5565
16:30:29.046   2565,333      15328,3876
16:30:29.586   2565,873      15366,3921
16:30:30.158   2566,445      15381,2283
16:30:30.723   2567,010      15426,9272
16:30:31.296   2567,583      15473,2005
16:30:31.820   2568,107      15519,5411
16:30:32.364   2568,651      15570,3299
16:30:32.917   2569,204      15609,6017
16:30:33.450   2569,737      15598,0997
16:30:34.023   2570,310      15640,1915
16:30:34.559   2570,846      15710,7670
16:30:35.135   2571,422      15729,7677
16:30:35.689   2571,976      15725,5003
16:30:36.252   2572,539      15784,6286
16:30:36.813   2573,100      15790,7871
16:30:37.382   2573,669      15825,7870
16:30:37.915   2574,202      15820,4936
16:30:38.449   2574,736      15844,0683
16:30:38.985   2575,272      15900,4928
16:30:39.607   2575,894      15933,9365
16:30:40.140   2576,427      15963,1828
16:30:40.710   2576,997      15901,4650
16:30:41.271   2577,558      15967,5316
16:30:41.779   2578,066      16025,0400
16:30:42.327   2578,614      16022,1103
16:30:42.907   2579,194      16101,4878
16:30:43.456   2579,743      16057,0136
16:30:43.982   2580,269      16101,6297
16:30:44.526   2580,813      16083,5930
16:30:45.065   2581,352      16139,5858
16:30:45.624   2581,911      16137,7879
16:30:46.168   2582,455      16178,5235
16:30:46.709   2582,996      16190,5578
16:30:47.261   2583,548      16211,9254
16:30:47.779   2584,066      16225,7155
16:30:48.364   2584,651      16279,3148
16:30:48.932   2585,219      16244,0694
16:30:49.470   2585,757      16264,9974
16:30:50.000   2586,287      16332,3849
16:30:50.560   2586,847      16342,2398
16:30:51.121   2587,408      16367,5775
16:30:51.683   2587,970      16383,3678
16:30:52.232   2588,519      16368,5083
16:30:52.790   2589,077      16384,8422
16:30:53.330   2589,617      16446,8446
16:30:53.871   2590,158      16471,0857
16:30:54.422   2590,709      16442,3687
16:30:55.000   2591,287      16491,9473
16:30:55.636   2591,923      16508,8996
16:30:56.199   2592,486      16538,4592
16:30:56.729   2593,016      16537,2361
16:30:57.269   2593,556      16534,0383
16:30:57.836   2594,123      16544,9820
16:30:58.399   2594,686      16642,4589
16:30:58.955   2595,242      16604,8878
16:30:59.573   2595,860      16634,8350
16:31:00.147   2596,434      16659,6995
16:31:00.691   2596,978      16644,5213
16:31:01.241   2597,528      16635,6241
16:31:01.774   2598,061      16701,4020
16:31:02.337   2598,624      16719,6330
16:31:02.875   2599,162      16691,3022
16:31:03.432   2599,719      16727,2747
16:31:03.957   2600,244      16721,0063
16:31:04.516   2600,803      16755,2107
16:31:05.076   2601,363      16753,3932
16:31:05.592   2601,879      16740,6620
16:31:06.163   2602,450      16740,6777
16:31:06.698   2602,985      16755,6608
16:31:07.235   2603,522      16750,3916
16:31:07.745   2604,032      16748,6963
16:31:08.297   2604,584      16782,1197
16:31:08.857   2605,144      16739,8754
16:31:09.464   2605,751      16713,5602
16:31:10.009   2606,296      16709,3053
16:31:10.563   2606,850      16656,0323
16:31:11.098   2607,385      16598,0568
16:31:11.645   2607,932      16584,0635
16:31:12.178   2608,465      16454,9905
16:31:12.766   2609,053      16366,4280
16:31:13.325   2609,612      16216,2697
16:31:13.861   2610,148      16123,1899
16:31:14.403   2610,690      15975,1755
16:31:14.963   2611,250      15828,5805
16:31:15.583   2611,870      15703,4082
16:31:16.092   2612,379      15528,7820
16:31:16.629   2612,916      15371,6235
16:31:17.132   2613,419      15219,9604
16:31:17.676   2613,963      15060,5033
16:31:18.240   2614,527      14909,8592
16:31:18.799   2615,086      14711,4071
16:31:19.385   2615,672      14545,3145
16:31:19.911   2616,198      14326,9148
16:31:20.453   2616,740      14168,2655
16:31:20.987   2617,274      14008,9742
16:31:21.601   2617,888      13835,3992
16:31:22.152   2618,439      13614,2826
16:31:22.709   2618,996      13418,2137
16:31:23.257   2619,544      13226,2138
16:31:23.870   2620,157      13034,2464
16:31:24.437   2620,724      12837,4895
16:31:24.975   2621,262      12654,0248
16:31:25.599   2621,886      12486,0875
16:31:26.139   2622,426      12281,1425
16:31:26.697   2622,984      12108,6233
16:31:27.247   2623,534      11882,2622
16:31:27.833   2624,120      11668,5479
16:31:28.383   2624,670      11522,9084
16:31:28.922   2625,209      11334,1553
16:31:29.465   2625,752      11138,8826
16:31:29.981   2626,268      10976,6375
16:31:30.555   2626,842      10775,3788
16:31:31.086   2627,373      10565,5797
16:31:31.664   2627,951      10364,7877
16:31:32.214   2628,501      10162,4405
16:31:32.783   2629,070       9971,8057
16:31:33.334   2629,621       9763,7935
16:31:33.896   2630,183       9497,8444
16:31:34.432   2630,719       9315,1208
16:31:35.005   2631,292       9111,5793
16:31:35.558   2631,845       8897,4010
16:31:36.110   2632,397       8693,3395
16:31:36.657   2632,944       8479,5171
16:31:37.263   2633,550       8254,7202
16:31:37.787   2634,074       8073,8109
16:31:38.329   2634,616       7860,1303
16:31:38.881   2635,168       7707,3982
16:31:39.428   2635,715       7499,0903
16:31:39.955   2636,242       7341,4014
16:31:40.533   2636,820       7147,8027
16:31:41.071   2637,358       6941,1307
16:31:41.685   2637,972       6768,3393
16:31:42.245   2638,532       6524,3505
16:31:42.783   2639,070       6343,0331
16:31:43.316   2639,603       6147,4423
16:31:43.852   2640,139       5963,9625
16:31:44.408   2640,695       5768,3884
16:31:44.980   2641,267       5606,9779
16:31:45.589   2641,876       5440,3160
16:31:46.140   2642,427       5272,4628
16:31:46.703   2642,990       5125,0615
16:31:47.274   2643,561       4971,0752
16:31:47.807   2644,094       4817,8831
16:31:48.343   2644,630       4719,5567
16:31:48.904   2645,191       4563,0150
16:31:49.435   2645,722       4432,3683
16:31:49.981   2646,268       4365,9865
16:31:50.526   2646,813       4256,3674
16:31:51.070   2647,357       4176,4309
16:31:51.583   2647,870       4115,9862
16:31:52.135   2648,422       4008,8211
16:31:52.699   2648,986       3975,5751
16:31:53.228   2649,515       3953,4814
16:31:53.762   2650,049       3919,0276
16:31:54.334   2650,621       3915,7480
16:31:54.905   2651,192       3887,0003
16:31:55.465   2651,752       3905,9908
16:31:55.973   2652,260       3908,3788
16:31:56.501   2652,788       3919,2412
16:31:57.038   2653,325       3917,6478
16:31:57.624   2653,911       3929,5649
16:31:58.168   2654,455       3951,0940
16:31:58.736   2655,023       3939,5519
16:31:59.277   2655,564       3970,1706
16:31:59.779   2656,066       3980,6662
16:32:00.360   2656,647       4031,1223
16:32:00.896   2657,183       4026,1665
16:32:01.437   2657,724       4026,9857
16:32:01.964   2658,251       4055,7572
16:32:02.527   2658,814       4075,0843
16:32:03.108   2659,395       4087,8378
16:32:03.675   2659,962       4085,6171
16:32:04.236   2660,523       4155,9389
16:32:04.792   2661,079       4164,7254
16:32:05.372   2661,659       4161,5164
16:32:05.910   2662,197       4186,6063
16:32:06.452   2662,739       4191,8683
16:32:07.035   2663,322       4207,0379
16:32:07.556   2663,843       4263,6891
16:32:08.139   2664,426       4248,5749
16:32:08.703   2664,990       4253,4791
16:32:09.266   2665,553       4262,5564
16:32:09.824   2666,111       4288,1579
16:32:10.397   2666,684       4308,0799
16:32:10.954   2667,241       4297,4847
16:32:11.596   2667,883       4346,8048
16:32:12.169   2668,456       4367,8786
16:32:12.722   2669,009       4354,4475
16:32:13.258   2669,545       4358,0861
16:32:13.766   2670,053       4383,8136
16:32:14.348   2670,635       4362,4617
16:32:14.911   2671,198       4395,1930
16:32:15.481   2671,768       4410,4465
16:32:16.034   2672,321       4405,5246
16:32:16.601   2672,888       4444,4727
16:32:17.186   2673,473       4455,3390
16:32:17.735   2674,022       4435,1859
16:32:18.283   2674,570       4439,9855
16:32:18.866   2675,153       4482,8191
16:32:19.444   2675,731       4481,8836
16:32:19.973   2676,260       4515,7014
16:32:20.506   2676,793       4495,5895
16:32:21.061   2677,348       4514,0630
16:32:21.606   2677,893       4522,5771
16:32:22.145   2678,432       4521,7646
16:32:22.711   2678,998       4553,5516
16:32:23.292   2679,579       4548,4412
16:32:23.824   2680,111       4555,2825
16:32:24.364   2680,651       4555,2665
16:32:24.881   2681,168       4578,4274
16:32:25.472   2681,759       4594,5379
16:32:26.015   2682,302       4628,5594
16:32:26.592   2682,879       4600,7334
16:32:27.146   2683,433       4611,8800
16:32:27.737   2684,024       4626,5268
16:32:28.302   2684,589       4658,5986
16:32:28.866   2685,153       4653,2148
16:32:29.423   2685,710       4668,0884
16:32:29.969   2686,256       4672,2001
16:32:30.556   2686,843       4685,6684
16:32:31.100   2687,387       4684,0895
16:32:31.620   2687,907       4707,1207
16:32:32.187   2688,474       4703,1754
16:32:32.736   2689,023       4713,5842
16:32:33.299   2689,586       4724,1429
16:32:33.873   2690,160       4732,6276
16:32:34.420   2690,707       4748,0262
16:32:34.965   2691,252       4759,3525
16:32:35.576   2691,863       4742,7562
16:32:36.155   2692,442       4769,7172
16:32:36.704   2692,991       4767,8540
16:32:37.270   2693,557       4776,8786
16:32:37.806   2694,093       4775,8510
16:32:38.372   2694,659       4815,2661
16:32:38.946   2695,233       4800,1297
16:32:39.582   2695,869       4822,0304
16:32:40.085   2696,372       4812,0946
16:32:40.624   2696,911       4835,9947
16:32:41.205   2697,492       4838,7046
16:32:41.728   2698,015       4860,9629
16:32:42.267   2698,554       4840,2161
16:32:42.822   2699,109       4872,1910
16:32:43.368   2699,655       4866,6665
16:32:43.920   2700,207       4866,6425
16:32:44.471   2700,758       4875,2435
16:32:45.030   2701,317       4899,0104
16:32:45.641   2701,928       4904,1137
16:32:46.209   2702,496       4909,3243
16:32:46.713   2703,000       4922,8661
16:32:47.261   2703,548       4950,8648
16:32:47.911   2704,198       4943,8831
16:32:48.482   2704,769       4949,7819
16:32:49.044   2705,331       4945,1508
16:32:49.575   2705,862       4931,0236
16:32:50.113   2706,400       4939,3764
16:32:50.700   2706,987       4962,6055
16:32:51.260   2707,547       4971,6567
16:32:51.795   2708,082       4974,2753
16:32:52.321   2708,608       4992,6030
16:32:52.896   2709,183       4991,7058
16:32:53.448   2709,735       5016,3866
16:32:53.987   2710,274       4984,1798
16:32:54.496   2710,783       4998,9191
16:32:55.033   2711,320       5040,3522
16:32:55.599   2711,886       5030,8678
16:32:56.173   2712,460       5039,8877
16:32:56.744   2713,031       5021,7488
16:32:57.321   2713,608       5060,6527
16:32:57.856   2714,143       5046,2353
16:32:58.413   2714,700       5054,9826
16:32:58.996   2715,283       5042,2423
16:32:59.649   2715,936       5084,5553
16:33:00.185   2716,472       5078,9317
16:33:00.731   2717,018       5099,6160
16:33:01.280   2717,567       5081,8099
16:33:01.800   2718,087       5113,3314
16:33:02.361   2718,648       5107,1614
16:33:02.919   2719,206       5126,4318
16:33:03.484   2719,771       5118,5405
16:33:04.018   2720,305       5151,3830
16:33:04.561   2720,848       5109,4098
16:33:05.125   2721,412       5149,9053
16:33:05.640   2721,927       5143,0277
16:33:06.187   2722,474       5158,7671
16:33:06.759   2723,046       5159,7200
16:33:07.308   2723,595       5173,8698
16:33:07.885   2724,172       5173,0986
16:33:08.422   2724,709       5173,0828
16:33:08.971   2725,258       5184,8703
16:33:09.576   2725,863       5180,8361
16:33:10.141   2726,428       5183,1897
16:33:10.690   2726,977       5223,8010
16:33:11.249   2727,536       5219,3278
16:33:11.779   2728,066       5218,1280
16:33:12.340   2728,627       5242,0483
16:33:12.910   2729,197       5237,3957
16:33:13.443   2729,730       5228,2838
16:33:13.985   2730,272       5249,7592
16:33:14.520   2730,807       5253,2603
16:33:15.064   2731,351       5227,7735
16:33:15.593   2731,880       5248,9686
16:33:16.130   2732,417       5287,9717
16:33:16.685   2732,972       5283,9233
16:33:17.234   2733,521       5296,3323
16:33:17.770   2734,057       5285,3371
16:33:18.326   2734,613       5306,6753
16:33:18.900   2735,187       5320,5139
16:33:19.449   2735,736       5285,3520
16:33:19.985   2736,272       5339,2405
16:33:20.531   2736,818       5338,6149
16:33:21.099   2737,386       5341,5728
16:33:21.649   2737,936       5330,5754
16:33:22.242   2738,529       5316,2149
16:33:22.818   2739,105       5362,0073
16:33:23.384   2739,671       5349,9143
16:33:23.965   2740,252       5384,8720
16:33:24.520   2740,807       5377,6521
16:33:25.065   2741,352       5371,6743
16:33:25.613   2741,900       5401,4990
16:33:26.178   2742,465       5358,4049
16:33:26.764   2743,051       5384,5234
16:33:27.339   2743,626       5399,9348
16:33:27.904   2744,191       5416,4001
16:33:28.446   2744,733       5383,9726
16:33:29.012   2745,299       5416,0821
16:33:29.675   2745,962       5400,4266
16:33:30.244   2746,531       5451,7625
16:33:30.788   2747,075       5392,2175
16:33:31.330   2747,617       5433,0857
16:33:31.856   2748,143       5453,0278
16:33:32.388   2748,675       5428,0859
16:33:32.935   2749,222       5432,0721
16:33:33.593   2749,880       5441,2155
16:33:34.170   2750,457       5470,7397
16:33:34.725   2751,012       5465,8069
16:33:35.288   2751,575       5459,4960
16:33:35.851   2752,138       5467,1334
16:33:36.403   2752,690       5471,4489
16:33:36.966   2753,253       5479,5481
16:33:37.605   2753,892       5509,1860
16:33:38.172   2754,459       5498,5738
16:33:38.755   2755,042       5495,9249
16:33:39.302   2755,589       5496,8764
16:33:39.830   2756,117       5524,8522
16:33:40.391   2756,678       5519,6941
16:33:40.931   2757,218       5529,7409
16:33:41.587   2757,874       5493,2435
16:33:42.131   2758,418       5529,5450
16:33:42.699   2758,986       5535,8540
16:33:43.263   2759,550       5549,0694
16:33:43.804   2760,091       5570,3367
16:33:44.348   2760,635       5593,4561
16:33:44.916   2761,203       5572,5605
16:33:45.480   2761,767       5565,5145
16:33:46.049   2762,336       5592,4124
16:33:46.655   2762,942       5628,7447
16:33:47.217   2763,504       5598,9460
16:33:47.776   2764,063       5593,5447
16:33:48.337   2764,624       5610,4719
16:33:48.918   2765,205       5621,7610
16:33:49.461   2765,748       5634,6812
16:33:49.995   2766,282       5626,8737
16:33:50.561   2766,848       5640,9158
16:33:51.069   2767,356       5626,8122
16:33:51.678   2767,965       5636,8978
16:33:52.249   2768,536       5667,2127
16:33:52.783   2769,070       5605,2234
16:33:53.343   2769,630       5621,9058
16:33:53.918   2770,205       5643,3835
16:33:54.459   2770,746       5665,4946
16:33:55.009   2771,296       5676,2017
16:33:55.649   2771,936       5677,4964
16:33:56.210   2772,497       5684,5905
16:33:56.783   2773,070       5651,6614
16:33:57.338   2773,625       5667,5659
16:33:57.876   2774,163       5658,4099
16:33:58.446   2774,733       5661,8813
16:33:58.994   2775,281       5688,8876
16:33:59.631   2775,918       5678,2064
16:34:00.181   2776,468       5688,2033
16:34:00.763   2777,050       5700,5968
16:34:01.328   2777,615       5703,2526
16:34:01.897   2778,184       5703,1967
16:34:02.457   2778,744       5713,4259
16:34:02.978   2779,265       5701,8617
16:34:03.601   2779,888       5713,6513
16:34:04.172   2780,459       5736,2790
16:34:04.707   2780,994       5731,2903
16:34:05.255   2781,542       5728,0363
16:34:05.829   2782,116       5717,5534
16:34:06.388   2782,675       5761,6782
16:34:06.957   2783,244       5767,7810
16:34:07.457   2783,744       5754,3179
16:34:08.055   2784,342       5766,0907
16:34:08.620   2784,907       5770,6202
16:34:09.187   2785,474       5768,9983
16:34:09.741   2786,028       5789,6282
16:34:10.284   2786,571       5793,3736
16:34:10.826   2787,113       5812,7652
16:34:11.379   2787,666       5823,8162
16:34:11.931   2788,218       5809,6358
16:34:12.488   2788,775       5819,8134
16:34:13.056   2789,343       5800,3203
16:34:13.586   2789,873       5811,6185
16:34:14.161   2790,448       5799,7418
16:34:14.714   2791,001       5833,7678
16:34:15.279   2791,566       5835,9555
16:34:15.798   2792,085       5829,4324
16:34:16.351   2792,638       5861,4466
16:34:16.948   2793,235       5862,8172
16:34:17.586   2793,873       5840,8839
16:34:18.145   2794,432       5861,6815
16:34:18.708   2794,995       5855,4581
16:34:19.244   2795,531       5855,2775
16:34:19.793   2796,080       5901,3756
16:34:20.355   2796,642       5881,6769
16:34:20.922   2797,209       5859,2935
16:34:21.458   2797,745       5875,0418
16:34:22.008   2798,295       5894,1965
16:34:22.573   2798,860       5905,9064
16:34:23.116   2799,403       5916,1300
16:34:23.632   2799,919       5893,4020
16:34:24.152   2800,439       5914,6529
16:34:24.705   2800,992       5909,6175
16:34:25.283   2801,570       5923,2587
16:34:25.833   2802,120       5935,1478
16:34:26.382   2802,669       5938,4985
16:34:26.933   2803,220       5924,1351
16:34:27.433   2803,720       5939,0000
16:34:27.988   2804,275       5953,2946
16:34:28.564   2804,851       5999,9752
16:34:29.101   2805,388       5951,6856
16:34:29.640   2805,927       5963,7714
16:34:30.219   2806,506       5946,5631
16:34:30.787   2807,074       5962,0322
16:34:31.319   2807,606       5977,6049
16:34:31.864   2808,151       5989,9080
16:34:32.439   2808,726       5969,4571
16:34:32.976   2809,263       5961,8645
16:34:33.608   2809,895       6017,2648
16:34:34.154   2810,441       5979,1574
16:34:34.683   2810,970       6009,1466
16:34:35.183   2811,470       6015,2565
16:34:35.718   2812,005       5994,9885
16:34:36.255   2812,542       6047,7854
16:34:36.806   2813,093       6012,1690
16:34:37.359   2813,646       6027,4186
16:34:37.916   2814,203       6037,4087
16:34:38.493   2814,780       6052,7161
16:34:39.069   2815,356       6052,1320
16:34:39.616   2815,903       6050,5348
16:34:40.204   2816,491       6063,2341
16:34:40.757   2817,044       6056,1553
16:34:41.319   2817,606       6054,4908
16:34:41.867   2818,154       6039,7052
16:34:42.408   2818,695       6082,5155
16:34:42.949   2819,236       6063,3030
16:34:43.569   2819,856       6068,5085
16:34:44.115   2820,402       6087,0524
16:34:44.678   2820,965       6083,1786
16:34:45.209   2821,496       6097,9177
16:34:45.786   2822,073       6118,4587
16:34:46.324   2822,611       6089,0295
16:34:46.868   2823,155       6102,0947
16:34:47.434   2823,721       6109,1283
16:34:47.974   2824,261       6111,7542
16:34:48.525   2824,812       6112,1710
16:34:49.055   2825,342       6113,8742
16:34:49.629   2825,916       6117,5083
16:34:50.206   2826,493       6132,4227
16:34:50.765   2827,052       6154,5782
16:34:51.307   2827,594       6135,3713
16:34:51.867   2828,154       6134,6713
16:34:52.414   2828,701       6172,5644
16:34:52.977   2829,264       6139,5553
16:34:53.624   2829,911       6170,6449
16:34:54.176   2830,463       6176,9387
16:34:54.714   2831,001       6166,7042
16:34:55.233   2831,520       6195,2914
16:34:55.754   2832,041       6196,5157
16:34:56.340   2832,627       6203,5685
16:34:56.895   2833,182       6215,4158
16:34:57.462   2833,749       6246,1524
16:34:58.009   2834,296       6214,6961
16:34:58.571   2834,858       6191,2068
16:34:59.117   2835,404       6205,5875
16:34:59.661   2835,948       6208,1285
16:35:00.209   2836,496       6227,6090
16:35:00.815   2837,102       6206,7039
16:35:01.390   2837,677       6235,3319
16:35:01.949   2838,236       6235,1870
16:35:02.505   2838,792       6261,5166
16:35:03.041   2839,328       6265,1259
16:35:03.610   2839,897       6262,3850
16:35:04.185   2840,472       6274,0953
16:35:04.718   2841,005       6265,1591
16:35:05.292   2841,579       6264,6698
16:35:05.858   2842,145       6285,9005
16:35:06.403   2842,690       6263,3916
16:35:06.982   2843,269       6286,8708
16:35:07.610   2843,897       6279,9486
16:35:08.177   2844,464       6287,8387
16:35:08.739   2845,026       6275,2992
16:35:09.311   2845,598       6288,9394
16:35:09.867   2846,154       6326,7788
16:35:10.404   2846,691       6339,5123
16:35:10.934   2847,221       6324,3679
16:35:11.618   2847,905       6320,7837
16:35:12.219   2848,506       6357,0682
16:35:12.787   2849,074       6345,1193
16:35:13.357   2849,644       6363,1822
16:35:13.924   2850,211       6357,3596
16:35:14.431   2850,718       6343,2839
16:35:15.028   2851,315       6372,0974
16:35:15.652   2851,939       6357,8599
16:35:16.215   2852,502       6378,8905
16:35:16.757   2853,044       6373,9155
16:35:17.323   2853,610       6391,9716
16:35:17.888   2854,175       6382,0432
16:35:18.454   2854,741       6379,9598
16:35:19.006   2855,293       6369,6319
16:35:19.634   2855,921       6387,6640
16:35:20.194   2856,481       6375,2703
16:35:20.769   2857,056       6404,1002
16:35:21.345   2857,632       6419,5662
16:35:21.908   2858,195       6394,9763
16:35:22.454   2858,741       6417,1749
16:35:23.006   2859,293       6427,1080
16:35:23.641   2859,928       6439,3188
16:35:24.203   2860,490       6443,2437
16:35:24.756   2861,043       6464,4897
16:35:25.334   2861,621       6472,0898
16:35:25.867   2862,154       6450,1553
16:35:26.412   2862,699       6456,5976
16:35:26.962   2863,249       6475,1442
16:35:27.608   2863,895       6477,3341
16:35:28.154   2864,441       6468,8594
16:35:28.715   2865,002       6483,6817
16:35:29.317   2865,604       6468,2514
16:35:29.889   2866,176       6485,8629
16:35:30.465   2866,752       6469,9740
16:35:31.058   2867,345       6495,0521
16:35:31.663   2867,950       6487,8893
16:35:32.164   2868,451       6502,5731
16:35:32.710   2868,997       6499,0813
16:35:33.278   2869,565       6521,3135
16:35:33.804   2870,091       6512,8151
16:35:34.355   2870,642       6541,9495
16:35:34.939   2871,226       6513,1898
16:35:35.441   2871,728       6510,5402
16:35:35.978   2872,265       6537,0438
16:35:36.534   2872,821       6561,1507
16:35:37.088   2873,375       6573,5052
16:35:37.692   2873,979       6559,7206
16:35:38.258   2874,545       6563,0513
16:35:38.803   2875,090       6548,5346
16:35:39.367   2875,654       6561,5002
16:35:39.905   2876,192       6550,3371
16:35:40.412   2876,699       6556,1226
16:35:40.959   2877,246       6580,9220
16:35:41.606   2877,893       6571,0137
16:35:42.156   2878,443       6588,3841
16:35:42.696   2878,983       6593,4826
16:35:43.257   2879,544       6607,8112
16:35:43.800   2880,087       6604,0009
16:35:44.369   2880,656       6628,9243
16:35:44.915   2881,202       6619,1405
16:35:45.461   2881,748       6630,5109
16:35:46.018   2882,305       6649,9111
16:35:46.567   2882,854       6646,8523
16:35:47.072   2883,359       6627,6105
16:35:47.587   2883,874       6648,0942
16:35:48.133   2884,420       6623,1263
16:35:48.663   2884,950       6651,7222
16:35:49.211   2885,498       6651,4388
16:35:49.739   2886,026       6650,9320
16:35:50.270   2886,557       6665,8213
16:35:50.795   2887,082       6645,6259
16:35:51.332   2887,619       6659,4931
16:35:51.889   2888,176       6695,4143
16:35:52.428   2888,715       6659,0366
16:35:52.963   2889,250       6661,3838
16:35:53.562   2889,849       6674,0070
16:35:54.111   2890,398       6688,3890
16:35:54.643   2890,930       6682,4157
16:35:55.168   2891,455       6682,5678
16:35:55.693   2891,980       6715,4326
16:35:56.250   2892,537       6698,4744
16:35:56.776   2893,063       6701,5206
16:35:57.314   2893,601       6727,6253
16:35:57.843   2894,130       6714,1447
16:35:58.384   2894,671       6734,2895
16:35:58.938   2895,225       6708,4121
16:35:59.471   2895,758       6750,1689
16:35:59.997   2896,284       6734,7965
16:36:00.597   2896,884       6725,7530
16:36:01.147   2897,434       6726,8522
16:36:01.703   2897,990       6730,3611
16:36:02.252   2898,539       6712,8842
16:36:02.797   2899,084       6702,6995
16:36:03.325   2899,612       6735,8002
16:36:03.852   2900,139       6741,3090
16:36:04.406   2900,693       6773,4682
16:36:04.971   2901,258       6765,1603
16:36:05.600   2901,887       6772,6636
16:36:06.115   2902,402       6774,4753
16:36:06.685   2902,972       6785,2793
16:36:07.266   2903,553       6790,6194
16:36:07.809   2904,096       6809,0529
16:36:08.355   2904,642       6765,4850
16:36:08.915   2905,202       6792,5265
16:36:09.469   2905,756       6783,5949
16:36:09.982   2906,269       6777,2648
16:36:10.545   2906,832       6837,8930
16:36:11.133   2907,420       6807,3110
16:36:11.659   2907,946       6807,9173
16:36:12.203   2908,490       6834,0545
16:36:12.751   2909,038       6820,9767
16:36:13.289   2909,576       6824,9146
16:36:13.809   2910,096       6830,0171
